"n","seed","K","ok","n_starts_ok","LL","n_par","AIC","BIC","min_class_share","hessian_ok","secs","usable","verdict","problems"
388,0,1,TRUE,1,-1665.6884968816,4,3339.37699376319,3364.00991343103,1,TRUE,0.958407878875732,TRUE,"ok",""
388,0,2,TRUE,8,-1552.53363496546,9,3123.06726993093,3178.49133918356,0.304659784249355,TRUE,697.695197105408,TRUE,"ok",""
388,0,3,TRUE,8,-1490.21578106284,14,3008.43156212569,3094.64678096312,0.183210947733897,TRUE,23.4161190986633,TRUE,"ok",""
250,1,1,TRUE,1,-1059.68443739137,4,2127.36887478274,2150.24361676354,1,TRUE,0.310240030288696,TRUE,"ok",""
250,1,2,TRUE,8,-974.300211450188,9,1966.60042290038,2018.06859235716,0.419526618693283,TRUE,11.1245720386505,TRUE,"ok",""
250,1,3,TRUE,8,-947.801880902124,14,1923.60376180425,2003.66535873703,0.142856949829645,TRUE,20.568473815918,TRUE,"ok",""
250,2,1,TRUE,1,-1094.12630089209,4,2196.25260178419,2219.12734376498,1,TRUE,0.692389011383057,TRUE,"ok",""
250,2,2,TRUE,8,-1005.44480244972,9,2028.88960489944,2080.35777435622,0.308455393075325,TRUE,14.7529590129852,TRUE,"ok",""
250,2,3,TRUE,8,-969.154855309741,14,1966.30971061948,2046.37130755226,0.23895496400118,TRUE,22.3964159488678,TRUE,"ok",""
250,3,1,TRUE,1,-1073.09111917138,4,2154.18223834276,2177.05698032355,1,TRUE,0.39990496635437,TRUE,"ok",""
250,3,2,TRUE,8,-1005.17517760304,9,2028.35035520608,2079.81852466287,0.242732571564635,TRUE,13.2868630886078,TRUE,"ok",""
250,3,3,TRUE,8,-955.914274954014,14,1939.82854990803,2019.89014684081,0.219247999273126,TRUE,17.5026669502258,TRUE,"ok",""
250,4,1,TRUE,1,-1030.15679579499,4,2068.31359158998,2091.18833357077,1,TRUE,0.268166780471802,TRUE,"ok",""
250,4,2,TRUE,8,-949.254257624511,9,1916.50851524902,1967.97668470581,0.277252813075155,TRUE,10.2400300502777,TRUE,"ok",""
250,4,3,TRUE,8,-901.369995343122,14,1830.73999068624,1910.80158761902,0.133219006119776,TRUE,25.2152988910675,TRUE,"ok",""
250,5,1,TRUE,1,-1030.78465537304,4,2069.56931074608,2092.44405272688,1,TRUE,0.901326894760132,TRUE,"ok",""
250,5,2,TRUE,8,-963.66763305505,9,1945.3352661101,1996.80343556689,0.487062072205705,TRUE,16.6988749504089,TRUE,"ok",""
250,5,3,TRUE,8,-916.196367594975,14,1860.39273518995,1940.45433212273,0.284537924138734,TRUE,26.8447980880737,TRUE,"ok",""
250,6,1,TRUE,1,-1071.06388518356,4,2150.12777036713,2173.00251234792,1,TRUE,0.36529803276062,TRUE,"ok",""
250,6,2,TRUE,8,-1017.48774885089,9,2052.97549770179,2104.44366715857,0.475559686264133,TRUE,17.6755139827728,TRUE,"ok",""
250,6,3,TRUE,8,-962.584996732977,14,1953.16999346595,2033.23159039873,0.187913428639745,TRUE,45.9193239212036,TRUE,"ok",""
250,7,1,TRUE,1,-1071.84418643312,4,2151.68837286623,2174.56311484703,1,TRUE,0.378264904022217,TRUE,"ok",""
250,7,2,TRUE,8,-1004.80165018579,9,2027.60330037158,2079.07146982836,0.46551842535934,TRUE,21.2837989330292,TRUE,"ok",""
250,7,3,TRUE,8,-963.735539595911,14,1955.47107919182,2035.5326761246,0.181217227977934,TRUE,25.5387699604034,TRUE,"ok",""
250,8,1,TRUE,1,-1073.76417153743,4,2155.52834307486,2178.40308505566,1,TRUE,0.462213039398193,TRUE,"ok",""
250,8,2,TRUE,8,-998.285648582151,9,2014.5712971643,2066.03946662109,0.44586581301109,TRUE,13.8856980800629,TRUE,"ok",""
250,8,3,TRUE,8,-955.181315007377,14,1938.36263001475,2018.42422694753,0.173104757717555,TRUE,22.1575379371643,TRUE,"ok",""
250,9,1,TRUE,1,-1099.0139691837,4,2206.0279383674,2228.90268034819,1,TRUE,0.397385835647583,TRUE,"ok",""
250,9,2,TRUE,8,-1042.58880156713,9,2103.17760313425,2154.64577259104,0.438792827394368,TRUE,11.2352330684662,TRUE,"ok",""
250,9,3,TRUE,8,-983.581772357538,14,1995.16354471508,2075.22514164786,0.271596789639501,TRUE,19.3120579719543,TRUE,"ok",""
250,10,1,TRUE,1,-1072.93835395177,4,2153.87670790353,2176.75144988432,1,TRUE,0.655257940292358,TRUE,"ok",""
250,10,2,TRUE,8,-984.993313663422,9,1987.98662732684,2039.45479678363,0.296094292306226,TRUE,19.5552179813385,TRUE,"ok",""
250,10,3,TRUE,8,-948.955984800311,14,1925.91196960062,2005.9735665334,0.277585641297866,TRUE,16.9332549571991,TRUE,"ok",""
250,11,1,TRUE,1,-1066.77158758652,4,2141.54317517303,2164.41791715383,1,TRUE,2.04235410690308,TRUE,"ok",""
250,11,2,TRUE,8,-1003.36239749161,9,2024.72479498323,2076.19296444002,0.470409100167863,TRUE,16.8700470924377,TRUE,"ok",""
250,11,3,TRUE,8,-961.210360302208,14,1950.42072060442,2030.48231753719,0.2158004477335,TRUE,26.4883069992065,TRUE,"ok",""
250,12,1,TRUE,1,-1072.37446701053,4,2152.74893402106,2175.62367600185,1,TRUE,0.720477819442749,TRUE,"ok",""
250,12,2,TRUE,8,-991.247731552269,9,2000.49546310454,2051.96363256132,0.475561149174911,TRUE,12.8711221218109,TRUE,"ok",""
250,12,3,TRUE,8,-954.306893559605,14,1936.61378711921,2016.67538405199,0.186753970365784,TRUE,29.8320219516754,TRUE,"ok",""
250,13,1,TRUE,1,-1075.42000046805,4,2158.8400009361,2181.7147429169,1,TRUE,0.553647994995117,TRUE,"ok",""
250,13,2,TRUE,8,-1009.9214541379,9,2037.8429082758,2089.31107773259,0.423533273258864,TRUE,20.2194151878357,TRUE,"ok",""
250,13,3,TRUE,8,-960.370101915552,14,1948.7402038311,2028.80180076388,0.238326463305494,TRUE,33.244549036026,TRUE,"ok",""
250,14,1,TRUE,1,-1083.39714442014,4,2174.79428884028,2197.66903082108,1,TRUE,0.41294002532959,TRUE,"ok",""
250,14,2,TRUE,8,-1003.10250677224,9,2024.20501354448,2075.67318300126,0.285759454658242,TRUE,17.3368358612061,TRUE,"ok",""
250,14,3,TRUE,8,-965.948092533033,14,1959.89618506607,2039.95778199884,0.198773452824817,TRUE,36.0996880531311,TRUE,"ok",""
250,15,1,TRUE,1,-1086.7158518505,4,2181.431703701,2204.3064456818,1,TRUE,0.446053981781006,TRUE,"ok",""
250,15,2,TRUE,8,-1000.95379577294,9,2019.90759154588,2071.37576100266,0.346294629384155,TRUE,16.3614618778229,TRUE,"ok",""
250,15,3,TRUE,8,-964.426817965713,14,1956.85363593143,2036.9152328642,0.249403442030385,TRUE,27.9050931930542,TRUE,"ok",""
250,16,1,TRUE,1,-1060.32067675784,4,2128.64135351567,2151.51609549647,1,TRUE,0.566707134246826,TRUE,"ok",""
250,16,2,TRUE,8,-991.234888353315,9,2000.46977670663,2051.93794616342,0.259502206269817,TRUE,19.6051211357117,TRUE,"ok",""
250,16,3,TRUE,8,-947.720777441666,14,1923.44155488333,2003.50315181611,0.219077013437208,TRUE,27.3354539871216,TRUE,"ok",""
250,17,1,TRUE,1,-1077.44858048744,4,2162.89716097489,2185.77190295568,1,TRUE,0.464085102081299,TRUE,"ok",""
250,17,2,TRUE,8,-1002.04016378493,9,2022.08032756986,2073.54849702664,0.487883561229488,TRUE,15.0179588794708,TRUE,"ok",""
250,17,3,TRUE,8,-972.414021449419,14,1972.82804289884,2052.88963983162,0.134182071082267,TRUE,35.1296010017395,TRUE,"ok",""
250,18,1,TRUE,1,-1074.51092932654,4,2157.02185865308,2179.89660063387,1,TRUE,0.561276912689209,TRUE,"ok",""
250,18,2,TRUE,8,-996.403920308125,9,2010.80784061625,2062.27601007304,0.305599984787894,TRUE,24.6858460903168,TRUE,"ok",""
250,18,3,TRUE,8,-959.484729122984,14,1946.96945824597,2027.03105517875,0.254318517761924,TRUE,31.300873041153,TRUE,"ok",""
250,19,1,TRUE,1,-1046.15755961307,4,2100.31511922613,2123.18986120693,1,TRUE,0.483583927154541,TRUE,"ok",""
250,19,2,TRUE,8,-981.11946120391,9,1980.23892240782,2031.70709186461,0.477721447744083,TRUE,18.4163329601288,TRUE,"ok",""
250,19,3,TRUE,8,-947.091778687955,14,1922.18355737591,2002.24515430869,0.20822278378524,TRUE,27.1870059967041,TRUE,"ok",""
250,20,1,TRUE,1,-1084.47923561299,4,2176.95847122599,2199.83321320678,1,TRUE,0.719332933425903,TRUE,"ok",""
250,20,2,TRUE,8,-1032.40509090824,9,2082.81018181649,2134.27835127328,0.447770648336173,TRUE,13.4882011413574,TRUE,"ok",""
250,20,3,TRUE,8,-993.11665653929,14,2014.23331307858,2094.29491001136,0.201898731222165,TRUE,22.3090841770172,TRUE,"ok",""
150,1,1,TRUE,1,-620.259507722543,4,1248.51901544509,1269.35045493082,1,TRUE,0.268151044845581,TRUE,"ok",""
150,1,2,TRUE,8,-567.311360324897,9,1152.62272064979,1199.49345949269,0.495611562755837,TRUE,7.27909398078918,TRUE,"ok",""
150,1,3,TRUE,8,-543.238340620025,14,1114.47668124005,1187.3867194401,0.290121310802513,TRUE,16.0940661430359,TRUE,"ok",""
150,2,1,TRUE,1,-676.331395097838,4,1360.66279019568,1381.49422968141,1,TRUE,0.428958177566528,TRUE,"ok",""
150,2,2,TRUE,8,-630.639799825294,9,1279.27959965059,1326.15033849348,0.400738213175779,TRUE,12.3250820636749,TRUE,"ok",""
150,2,3,TRUE,8,-600.86704047902,14,1229.73408095804,1302.64411915809,0.2532133665838,TRUE,24.0461509227753,TRUE,"ok",""
150,3,1,TRUE,1,-626.297928676789,4,1260.59585735358,1281.42729683931,1,TRUE,0.480132102966309,TRUE,"ok",""
150,3,2,TRUE,8,-585.846023015058,9,1189.69204603012,1236.56278487301,0.474353341882355,TRUE,11.8866620063782,TRUE,"ok",""
150,3,3,TRUE,8,-556.164415174594,14,1140.32883034919,1213.23886854924,0.178214119339732,TRUE,21.8395848274231,TRUE,"ok",""
150,4,1,TRUE,1,-589.371681381444,4,1186.74336276289,1207.57480224862,1,TRUE,0.507865905761719,TRUE,"ok",""
150,4,2,TRUE,8,-550.512857816571,9,1119.02571563314,1165.89645447603,0.423527062338413,TRUE,12.4445168972015,TRUE,"ok",""
150,4,3,TRUE,8,-511.266016656258,14,1050.53203331252,1123.44207151257,0.103307799530835,TRUE,24.3679990768433,FALSE,"WRONG SIGN","wrong_sign"
150,5,1,TRUE,1,-624.868585146744,4,1257.73717029349,1278.56860977922,1,TRUE,0.5382399559021,TRUE,"ok",""
150,5,2,TRUE,8,-577.930622341547,9,1173.86124468309,1220.73198352599,0.472775478325054,TRUE,16.9427437782288,TRUE,"ok",""
150,5,3,TRUE,8,-557.619461714987,14,1143.23892342997,1216.14896163003,0.294868654378562,TRUE,22.4479780197144,TRUE,"ok",""
150,6,1,TRUE,1,-635.807606692825,4,1279.61521338565,1300.44665287138,1,TRUE,0.615543842315674,TRUE,"ok",""
150,6,2,TRUE,8,-584.558772636039,9,1187.11754527208,1233.98828411497,0.431207134958099,TRUE,16.8512389659882,TRUE,"ok",""
150,6,3,TRUE,8,-544.678365059058,14,1117.35673011812,1190.26676831817,0.207130784720011,TRUE,27.0987529754639,TRUE,"ok",""
150,7,1,TRUE,1,-630.854956805747,4,1269.70991361149,1290.54135309722,1,TRUE,0.677488088607788,TRUE,"ok",""
150,7,2,TRUE,8,-578.538237473499,9,1175.076474947,1221.94721378989,0.481737219801826,TRUE,19.1232080459595,TRUE,"ok",""
150,7,3,TRUE,8,-535.419724416975,14,1098.83944883395,1171.749487034,0.239723033448,TRUE,23.8251070976257,TRUE,"ok",""
150,8,1,TRUE,1,-637.936747085232,4,1283.87349417046,1304.70493365619,1,TRUE,0.435184955596924,TRUE,"ok",""
150,8,2,TRUE,8,-578.38217681759,9,1174.76435363518,1221.63509247807,0.47573286055359,TRUE,6.45755100250244,TRUE,"ok",""
150,8,3,TRUE,8,-554.432789082124,14,1136.86557816425,1209.7756163643,0.233906648257723,TRUE,20.4366230964661,TRUE,"ok",""
150,9,1,TRUE,1,-661.329724018192,4,1330.65944803638,1351.49088752211,1,TRUE,0.444297790527344,TRUE,"ok",""
150,9,2,TRUE,8,-604.22126036571,9,1226.44252073142,1273.31325957431,0.272551161391306,TRUE,15.8417210578918,TRUE,"ok",""
150,9,3,TRUE,8,-577.385067909267,14,1182.77013581853,1255.68017401859,0.255840336857938,TRUE,23.1113030910492,TRUE,"ok",""
150,10,1,TRUE,1,-653.955364031506,4,1315.91072806301,1336.74216754874,1,TRUE,0.526415109634399,TRUE,"ok",""
150,10,2,TRUE,8,-586.017735315548,9,1190.0354706311,1236.90620947399,0.245844524312573,TRUE,13.2055199146271,TRUE,"ok",""
150,10,3,TRUE,8,-556.340849429296,14,1140.68169885859,1213.59173705865,0.210005872762721,TRUE,25.4436559677124,TRUE,"ok",""
150,11,1,TRUE,1,-660.384972215264,4,1328.76994443053,1349.60138391626,1,TRUE,0.576926946640015,TRUE,"ok",""
150,11,2,TRUE,8,-615.751211230082,9,1249.50242246016,1296.37316130306,0.180430042286568,TRUE,17.8034639358521,TRUE,"ok",""
150,11,3,TRUE,8,-581.325322716902,14,1190.6506454338,1263.56068363386,0.204628747711451,TRUE,27.0289850234985,FALSE,"WRONG SIGN","wrong_sign"
150,12,1,TRUE,1,-648.925630580683,4,1305.85126116137,1326.6827006471,1,TRUE,0.696158885955811,TRUE,"ok",""
150,12,2,TRUE,8,-588.401061826771,9,1194.80212365354,1241.67286249643,0.450470287857134,TRUE,12.6711640357971,TRUE,"ok",""
150,12,3,TRUE,8,-561.09509044014,14,1150.19018088028,1223.10021908033,0.162912624235879,TRUE,25.2920458316803,TRUE,"ok",""
150,13,1,TRUE,1,-635.483990132129,4,1278.96798026426,1299.79941974999,1,TRUE,0.657440900802612,TRUE,"ok",""
150,13,2,TRUE,8,-579.681329946408,9,1177.36265989282,1224.23339873571,0.279534472187839,TRUE,13.4533770084381,TRUE,"ok",""
150,13,3,TRUE,8,-547.466102440571,14,1122.93220488114,1195.8422430812,0.231153158041969,FALSE,24.2429721355438,FALSE,"NO COVARIANCE","no_covariance"
150,14,1,TRUE,1,-659.387676515544,4,1326.77535303109,1347.60679251682,1,TRUE,0.528295993804932,TRUE,"ok",""
150,14,2,TRUE,8,-605.489392539171,9,1228.97878507834,1275.84952392123,0.209279821219429,TRUE,12.0753951072693,TRUE,"ok",""
150,14,3,TRUE,8,-582.366433677084,14,1192.73286735417,1265.64290555422,0.172521344669749,TRUE,19.1150739192963,TRUE,"ok",""
150,15,1,TRUE,1,-657.822567791505,4,1323.64513558301,1344.47657506874,1,TRUE,0.536051034927368,TRUE,"ok",""
150,15,2,TRUE,8,-606.153805371681,9,1230.30761074336,1277.17834958625,0.354057334780518,TRUE,19.7969419956207,TRUE,"ok",""
150,15,3,TRUE,8,-591.218369515327,14,1210.43673903065,1283.34677723071,0.220549942239482,TRUE,24.569641828537,TRUE,"ok",""
150,16,1,TRUE,1,-643.469012225797,4,1294.93802445159,1315.76946393732,1,TRUE,0.233731985092163,TRUE,"ok",""
150,16,2,TRUE,8,-587.461775908528,9,1192.92355181706,1239.79429065995,0.407062187777968,TRUE,11.9898071289062,TRUE,"ok",""
150,16,3,TRUE,8,-554.429552634238,14,1136.85910526848,1209.76914346853,0.261066571672511,TRUE,22.3118000030518,TRUE,"ok",""
150,17,1,TRUE,1,-654.176977495288,4,1316.35395499058,1337.18539447631,1,TRUE,0.398310899734497,TRUE,"ok",""
150,17,2,TRUE,8,-602.013515531939,9,1222.02703106388,1268.89776990677,0.468282827380331,TRUE,12.4277789592743,TRUE,"ok",""
150,17,3,TRUE,8,-573.114986166699,14,1174.2299723334,1247.14001053345,0.192489222453186,TRUE,20.5197260379791,TRUE,"ok",""
150,18,1,TRUE,1,-648.156298532752,4,1304.3125970655,1325.14403655123,1,TRUE,0.481660127639771,TRUE,"ok",""
150,18,2,TRUE,8,-595.613533759253,9,1209.22706751851,1256.0978063614,0.329900123937282,TRUE,14.1741540431976,TRUE,"ok",""
150,18,3,TRUE,8,-568.256656528615,14,1164.51331305723,1237.42335125728,0.201831525288668,TRUE,19.3962261676788,TRUE,"ok",""
150,19,1,TRUE,1,-617.217248644286,4,1242.43449728857,1263.2659367743,1,TRUE,0.343003034591675,TRUE,"ok",""
150,19,2,TRUE,8,-573.96431805587,9,1165.92863611174,1212.79937495463,0.472186664358616,TRUE,17.7214510440826,TRUE,"ok",""
150,19,3,TRUE,8,-549.579823712596,14,1127.15964742519,1200.06968562525,0.100468705539024,TRUE,25.6731841564178,TRUE,"ok",""
150,20,1,TRUE,1,-632.069381818609,4,1272.13876363722,1292.97020312295,1,TRUE,0.617629051208496,TRUE,"ok",""
150,20,2,TRUE,8,-602.940582607748,9,1223.8811652155,1270.75190405839,0.467471528901842,TRUE,11.4889500141144,TRUE,"ok",""
150,20,3,TRUE,8,-573.38641060093,14,1174.77282120186,1247.68285940191,0.204596934769379,TRUE,18.6576099395752,TRUE,"ok",""
100,1,1,TRUE,1,-410.233390192094,4,828.466780384188,847.676359437485,1,TRUE,0.562744140625,TRUE,"ok",""
100,1,2,TRUE,8,-373.458588646828,9,764.917177293656,808.138730163575,0.262682238473947,TRUE,12.5192239284515,FALSE,"WRONG SIGN","wrong_sign"
100,1,3,TRUE,8,-342.4457628414,14,712.8915256828,780.12505236934,0.158667114690326,TRUE,21.1936509609222,FALSE,"WRONG SIGN","wrong_sign"
100,2,1,TRUE,1,-449.150847640087,4,906.301695280174,925.511274333471,1,TRUE,0.529484987258911,TRUE,"ok",""
100,2,2,TRUE,8,-419.498818537049,9,856.997637074097,900.219189944016,0.43439679105004,TRUE,11.3746440410614,TRUE,"ok",""
100,2,3,TRUE,8,-394.452084684232,14,816.904169368463,884.137696055003,0.280095933534245,TRUE,19.6450171470642,TRUE,"ok",""
100,3,1,TRUE,1,-415.772724057647,4,839.545448115294,858.755027168592,1,TRUE,0.548821926116943,TRUE,"ok",""
100,3,2,TRUE,8,-383.742584839434,9,785.485169678868,828.706722548787,0.397134747250161,TRUE,12.2267780303955,TRUE,"ok",""
100,3,3,TRUE,8,-370.924296538261,14,769.848593076522,837.082119763062,0.239621708270495,TRUE,18.9178681373596,TRUE,"ok",""
100,4,1,TRUE,1,-407.032138107339,4,822.064276214678,841.273855267975,1,TRUE,0.498276948928833,TRUE,"ok",""
100,4,2,TRUE,8,-383.631248529673,9,785.262497059347,828.484049929266,0.454275527460553,TRUE,10.6059200763702,TRUE,"ok",""
100,4,3,TRUE,8,-370.220989113482,14,768.441978226965,835.675504913505,0.270338745962479,TRUE,13.6394710540771,TRUE,"ok",""
100,5,1,TRUE,1,-407.214174624975,4,822.42834924995,841.637928303247,1,TRUE,0.286913156509399,TRUE,"ok",""
100,5,2,TRUE,8,-367.483218736905,9,752.96643747381,796.187990343729,0.414844048409777,TRUE,5.84672522544861,FALSE,"WRONG SIGN","wrong_sign"
100,5,3,TRUE,8,-349.588685266808,14,727.177370533616,794.410897220156,0.166354715453121,TRUE,19.1837198734283,TRUE,"ok",""
100,6,1,TRUE,1,-417.935922160759,4,843.871844321517,863.081423374815,1,TRUE,0.560582160949707,TRUE,"ok",""
100,6,2,TRUE,8,-376.16805639853,9,770.33611279706,813.557665666979,0.368050030013526,TRUE,17.8309171199799,TRUE,"ok",""
100,6,3,TRUE,8,-351.541210002369,14,731.082420004738,798.315946691278,0.197297771378536,TRUE,20.2539169788361,TRUE,"ok",""
100,7,1,TRUE,1,-409.401595887611,4,826.803191775221,846.012770828519,1,TRUE,0.514157056808472,TRUE,"ok",""
100,7,2,TRUE,8,-360.495901745912,9,738.991803491824,782.213356361743,0.339881093005217,TRUE,11.5795021057129,TRUE,"ok",""
100,7,3,TRUE,8,-338.08194727688,14,704.16389455376,771.397421240301,0.193886552224494,TRUE,24.9597499370575,FALSE,"WRONG SIGN","wrong_sign"
100,8,1,TRUE,1,-444.476461535894,4,896.952923071789,916.162502125086,1,TRUE,0.741782903671265,TRUE,"ok",""
100,8,2,TRUE,8,-401.387584509699,9,820.775169019399,863.996721889317,0.493754078601049,TRUE,11.4664280414581,TRUE,"ok",""
100,8,3,TRUE,8,-382.258383541641,14,792.516767083282,859.750293769823,0.128393774395139,TRUE,18.2180020809174,TRUE,"ok",""
100,9,1,TRUE,1,-414.531849686792,4,837.063699373584,856.273278426881,1,TRUE,0.432799100875854,TRUE,"ok",""
100,9,2,TRUE,8,-382.356853669336,9,782.713707338671,825.93526020859,0.453297331084644,TRUE,24.2436761856079,TRUE,"ok",""
100,9,3,TRUE,8,-363.218212576167,14,754.436425152334,821.669951838875,0.212029978504515,TRUE,18.938973903656,TRUE,"ok",""
100,10,1,TRUE,1,-439.306853051477,4,886.613706102955,905.823285156252,1,TRUE,0.476078033447266,TRUE,"ok",""
100,10,2,TRUE,8,-394.3459386077,9,806.691877215401,849.91343008532,0.275450974688723,TRUE,9.17943406105042,TRUE,"ok",""
100,10,3,TRUE,8,-376.303558569321,14,780.607117138642,847.840643825182,0.20792197375123,TRUE,20.5028469562531,TRUE,"ok",""
100,11,1,TRUE,1,-432.239248723749,4,872.478497447497,891.688076500794,1,TRUE,0.238116979598999,TRUE,"ok",""
100,11,2,TRUE,8,-400.796452512731,9,819.592905025462,862.814457895381,0.275321081351169,TRUE,12.3948330879211,FALSE,"WRONG SIGN","wrong_sign"
100,11,3,TRUE,8,-380.335487859057,14,788.670975718115,855.904502404655,0.254614305288272,TRUE,21.7496728897095,FALSE,"WRONG SIGN","wrong_sign"
100,12,1,TRUE,1,-427.641869110556,4,863.283738221112,882.493317274409,1,TRUE,0.421028137207031,TRUE,"ok",""
100,12,2,TRUE,8,-386.587629609233,9,791.175259218466,834.396812088385,0.281481620890959,TRUE,9.71374797821045,TRUE,"ok",""
100,12,3,TRUE,8,-360.91750639436,14,749.83501278872,817.06853947526,0.185919480188572,TRUE,17.533863067627,TRUE,"ok",""
100,13,1,TRUE,1,-416.700763153575,4,841.401526307151,860.611105360448,1,TRUE,0.499320030212402,TRUE,"ok",""
100,13,2,TRUE,8,-377.474945651806,9,772.949891303612,816.171444173531,0.273810616348822,TRUE,13.0230610370636,TRUE,"ok",""
100,13,3,TRUE,8,-350.333271014291,14,728.666542028581,795.900068715122,0.161444007717468,TRUE,18.8663849830627,TRUE,"ok",""
100,14,1,TRUE,1,-422.715562521782,4,853.431125043564,872.640704096862,1,TRUE,0.577090978622437,TRUE,"ok",""
100,14,2,TRUE,8,-398.516292847021,9,815.032585694041,858.25413856396,0.149041638734471,TRUE,10.2083919048309,FALSE,"WRONG SIGN","wrong_sign"
100,14,3,TRUE,8,-380.356308424763,14,788.712616849526,855.946143536067,0.138030498462156,TRUE,18.0285789966583,FALSE,"WRONG SIGN","wrong_sign"
100,15,1,TRUE,1,-434.594075674387,4,877.188151348774,896.397730402071,1,TRUE,0.453417778015137,TRUE,"ok",""
100,15,2,TRUE,8,-401.687193624314,9,821.374387248627,864.595940118546,0.445029021919671,TRUE,10.3118171691895,TRUE,"ok",""
100,15,3,TRUE,8,-383.114926346407,14,794.229852692814,861.463379379354,0.134571752955197,TRUE,19.9090909957886,TRUE,"ok",""
100,16,1,TRUE,1,-419.403214062122,4,846.806428124245,866.016007177542,1,TRUE,0.544214963912964,TRUE,"ok",""
100,16,2,TRUE,8,-376.988902386334,9,771.977804772669,815.199357642588,0.454202050581347,TRUE,10.4381430149078,TRUE,"ok",""
100,16,3,TRUE,8,-357.380741082758,14,742.761482165517,809.995008852057,0.232923302707225,TRUE,17.0895988941193,TRUE,"ok",""
100,17,1,TRUE,1,-427.220025625707,4,862.440051251415,881.649630304712,1,TRUE,0.66369104385376,TRUE,"ok",""
100,17,2,TRUE,8,-393.365828972018,9,804.731657944037,847.953210813956,0.410592060390745,TRUE,8.23366594314575,TRUE,"ok",""
100,17,3,TRUE,8,-368.24267096408,14,764.48534192816,831.7188686147,0.224659989414668,TRUE,14.7129008769989,TRUE,"ok",""
100,18,1,TRUE,1,-437.862089171184,4,883.724178342369,902.933757395666,1,TRUE,0.847695112228394,TRUE,"ok",""
100,18,2,TRUE,8,-405.205781556256,9,828.411563112511,871.63311598243,0.324707278860125,TRUE,11.8195490837097,TRUE,"ok",""
100,18,3,TRUE,8,-383.291992674204,14,794.583985348408,861.817512034948,0.25689192440402,TRUE,34.750746011734,TRUE,"ok",""
100,19,1,TRUE,1,-404.665472556916,4,817.330945113833,836.54052416713,1,TRUE,0.821398019790649,TRUE,"ok",""
100,19,2,TRUE,8,-368.100483647782,9,754.200967295563,797.422520165482,0.445306221852943,TRUE,10.4698989391327,TRUE,"ok",""
100,19,3,TRUE,8,-355.928926351639,14,739.857852703278,807.091379389818,0.265258456617486,TRUE,13.4505059719086,FALSE,"WRONG SIGN","wrong_sign"
100,20,1,TRUE,1,-411.333509209354,4,830.667018418708,849.876597472005,1,TRUE,0.415682077407837,TRUE,"ok",""
100,20,2,TRUE,8,-392.303078678449,9,802.606157356898,845.827710226817,0.418121337582151,TRUE,9.65921020507812,TRUE,"ok",""
100,20,3,TRUE,8,-369.526780113336,14,767.053560226672,834.287086913213,0.232755700944656,TRUE,16.5349540710449,TRUE,"ok",""
75,1,1,TRUE,1,-301.73946922284,4,611.478938445679,629.537789209169,1,TRUE,0.422667980194092,TRUE,"ok",""
75,1,2,TRUE,8,-275.894782254285,9,569.789564508569,610.421978726422,0.282163770568673,TRUE,6.45598816871643,TRUE,"ok",""
75,1,3,TRUE,8,-250.785261937793,14,529.570523875587,592.776501547802,0.169582019714595,TRUE,12.9219980239868,FALSE,"WRONG SIGN","wrong_sign"
75,2,1,TRUE,1,-335.569050109708,4,679.138100219417,697.196950982907,1,TRUE,0.33440089225769,TRUE,"ok",""
75,2,2,TRUE,8,-308.553374903819,9,635.106749807637,675.73916402549,0.406805287554593,TRUE,5.4742739200592,TRUE,"ok",""
75,2,3,TRUE,8,-291.038981048755,14,610.077962097509,673.283939769724,0.178834092438999,TRUE,9.556715965271,TRUE,"ok",""
75,3,1,TRUE,1,-323.011656067607,4,654.023312135214,672.082162898704,1,TRUE,0.315454006195068,TRUE,"ok",""
75,3,2,TRUE,8,-299.318064649826,9,616.636129299653,657.268543517506,0.317488712288153,TRUE,6.07975697517395,TRUE,"ok",""
75,3,3,TRUE,8,-286.90972482015,14,601.819449640299,665.025427312515,0.158205764367507,TRUE,10.919725894928,TRUE,"ok",""
75,4,1,TRUE,1,-303.305198900352,4,614.610397800703,632.669248564193,1,TRUE,0.567655086517334,TRUE,"ok",""
75,4,2,TRUE,8,-284.82632702694,9,587.652654053881,628.285068271733,0.262064772398532,TRUE,5.62035489082336,TRUE,"ok",""
75,4,3,TRUE,8,-274.720229619036,14,577.440459238072,640.646436910288,0.199311876596793,TRUE,10.4064228534698,TRUE,"ok",""
75,5,1,TRUE,1,-293.320791402764,4,594.641582805529,612.700433569019,1,TRUE,0.222453832626343,TRUE,"ok",""
75,5,2,TRUE,8,-262.962208762884,9,543.924417525767,584.55683174362,0.471901593302963,TRUE,8.27799892425537,TRUE,"ok",""
75,5,3,TRUE,8,-249.01169550114,14,526.023391002279,589.229368674495,0.271321815583656,FALSE,11.0866889953613,FALSE,"NO COVARIANCE","no_covariance"
75,6,1,TRUE,1,-320.996008977628,4,649.992017955256,668.050868718746,1,TRUE,0.525161981582642,TRUE,"ok",""
75,6,2,TRUE,8,-283.285814563288,9,584.571629126577,625.20404334443,0.461811046129496,TRUE,8.09412288665771,TRUE,"ok",""
75,6,3,TRUE,8,-258.71285580075,14,545.425711601501,608.631689273716,0.271869647642048,TRUE,12.5332858562469,TRUE,"ok",""
75,7,1,TRUE,1,-307.99723283681,4,623.994465673621,642.053316437111,1,TRUE,0.380173921585083,TRUE,"ok",""
75,7,2,TRUE,8,-280.105337508207,9,578.210675016414,618.843089234267,0.405368610343531,TRUE,7.94641709327698,TRUE,"ok",""
75,7,3,TRUE,8,-263.254121302657,14,554.508242605314,617.714220277529,0.184270008295748,TRUE,10.4216828346252,FALSE,"WRONG SIGN","wrong_sign"
75,8,1,TRUE,1,-328.235342857424,4,664.470685714849,682.529536478339,1,TRUE,0.263970851898193,TRUE,"ok",""
75,8,2,TRUE,8,-299.234276130596,9,616.468552261191,657.100966479044,0.173273153708964,TRUE,7.09962606430054,FALSE,"WRONG SIGN","wrong_sign"
75,8,3,TRUE,8,-268.427890876883,14,564.855781753766,628.061759425982,0.124649384799021,FALSE,11.0242238044739,FALSE,"NO COVARIANCE","no_covariance"
75,9,1,TRUE,1,-326.324327912391,4,660.648655824782,678.707506588272,1,TRUE,0.362344980239868,TRUE,"ok",""
75,9,2,TRUE,8,-300.49156919027,9,618.983138380539,659.615552598392,0.484833028113342,TRUE,5.70743107795715,TRUE,"ok",""
75,9,3,TRUE,8,-284.956322516559,14,597.912645033117,661.118622705333,0.211408207570113,TRUE,9.94344997406006,FALSE,"WRONG SIGN","wrong_sign"
75,10,1,TRUE,1,-330.341664284031,4,668.683328568062,686.742179331552,1,TRUE,0.290385007858276,TRUE,"ok",""
75,10,2,TRUE,8,-302.017659497796,9,622.035318995592,662.667733213445,0.229154615935602,TRUE,6.33444809913635,TRUE,"ok",""
75,10,3,TRUE,8,-283.048134085288,14,594.096268170576,657.302245842792,0.182427359662029,TRUE,11.5046741962433,TRUE,"ok",""
75,11,1,TRUE,1,-324.173496214923,4,656.346992429846,674.405843193337,1,TRUE,0.268128871917725,TRUE,"ok",""
75,11,2,TRUE,8,-297.408870334773,9,612.817740669545,653.450154887398,0.389169172016749,TRUE,5.4112868309021,FALSE,"WRONG SIGN","wrong_sign"
75,11,3,TRUE,8,-281.499370838871,14,590.998741677742,654.204719349957,0.132801773816982,TRUE,8.73556685447693,FALSE,"WRONG SIGN","wrong_sign"
75,12,1,TRUE,1,-328.082476487472,4,664.164952974944,682.223803738434,1,TRUE,0.282601118087769,TRUE,"ok",""
75,12,2,TRUE,8,-289.927133622966,9,597.854267245933,638.486681463785,0.290982248879869,TRUE,5.24494314193726,TRUE,"ok",""
75,12,3,TRUE,8,-263.946069465027,14,555.892138930053,619.098116602269,0.0951773515109564,TRUE,10.722284078598,FALSE,"WRONG SIGN","wrong_sign"
75,13,1,TRUE,1,-311.820137864815,4,631.640275729629,649.699126493119,1,TRUE,0.380950927734375,TRUE,"ok",""
75,13,2,TRUE,8,-283.472668368294,9,584.945336736587,625.57775095444,0.0937321138578311,TRUE,7.36111688613892,FALSE,"WRONG SIGN","wrong_sign"
75,13,3,TRUE,8,-256.03847906464,14,540.076958129281,603.282935801496,0.096729811198646,TRUE,9.78885889053345,TRUE,"ok",""
75,14,1,TRUE,1,-323.912491515769,4,655.824983031538,673.883833795028,1,TRUE,0.333307027816772,TRUE,"ok",""
75,14,2,TRUE,8,-302.611243147054,9,623.222486294108,663.854900511961,0.24882845106239,TRUE,6.55042004585266,TRUE,"ok",""
75,14,3,TRUE,8,-285.776718661371,14,599.553437322742,662.759414994958,0.157372748548952,TRUE,15.008672952652,FALSE,"WRONG SIGN","wrong_sign"
75,15,1,TRUE,1,-332.624354940983,4,673.248709881966,691.307560645456,1,TRUE,0.380768060684204,TRUE,"ok",""
75,15,2,TRUE,8,-312.59680218202,9,643.193604364039,683.826018581892,0.477161364831748,TRUE,6.20341897010803,TRUE,"ok",""
75,15,3,TRUE,8,-298.787112479592,14,625.574224959184,688.780202631399,0.175730158825401,FALSE,8.68036007881165,FALSE,"NO COVARIANCE","no_covariance"
75,16,1,TRUE,1,-303.832348040132,4,615.664696080263,633.723546843753,1,TRUE,0.274708986282349,TRUE,"ok",""
75,16,2,TRUE,8,-278.757014424009,9,575.514028848017,616.14644306587,0.329541256163806,TRUE,5.41155004501343,TRUE,"ok",""
75,16,3,TRUE,8,-260.755426538097,14,549.510853076194,612.71683074841,0.193536139723495,FALSE,9.02501678466797,FALSE,"NO COVARIANCE","no_covariance"
75,17,1,TRUE,1,-306.265983792063,4,620.531967584126,638.590818347617,1,TRUE,0.290027141571045,TRUE,"ok",""
75,17,2,TRUE,8,-272.882810917814,9,563.765621835629,604.398036053482,0.338538045734815,TRUE,5.14975905418396,TRUE,"ok",""
75,17,3,TRUE,8,-258.242943642333,14,544.485887284665,607.691864956881,0.269499000365476,TRUE,11.5223441123962,TRUE,"ok",""
75,18,1,TRUE,1,-331.314109387019,4,670.628218774037,688.687069537527,1,TRUE,0.2135910987854,TRUE,"ok",""
75,18,2,TRUE,8,-298.235649467819,9,614.471298935638,655.10371315349,0.348452149541689,TRUE,10.5712740421295,TRUE,"ok",""
75,18,3,TRUE,8,-279.083508652638,14,586.167017305276,649.372994977491,0.125562351151779,TRUE,13.1182789802551,TRUE,"ok",""
75,19,1,TRUE,1,-318.586160096527,4,645.172320193053,663.231170956543,1,TRUE,0.297852039337158,TRUE,"ok",""
75,19,2,TRUE,8,-287.422099797508,9,592.844199595016,633.476613812869,0.443061386057046,TRUE,6.35535311698914,TRUE,"ok",""
75,19,3,TRUE,8,-275.060069542846,14,578.120139085692,641.326116757908,0.102188129398213,TRUE,11.5077171325684,FALSE,"WRONG SIGN","wrong_sign"
75,20,1,TRUE,1,-315.634655757151,4,639.269311514303,657.328162277793,1,TRUE,0.317951917648315,TRUE,"ok",""
75,20,2,TRUE,8,-297.245523459814,9,612.491046919628,653.123461137481,0.184760806629174,TRUE,5.80009889602661,TRUE,"ok",""
75,20,3,TRUE,8,-281.617934293768,14,591.235868587535,654.441846259751,0.113163916119369,TRUE,13.2979471683502,TRUE,"ok",""
50,1,1,TRUE,1,-203.587661328689,4,415.175322657378,431.612312988435,1,TRUE,0.382812023162842,TRUE,"ok",""
50,1,2,TRUE,8,-180.010474432386,9,378.020948864772,415.004177109651,0.357619052588091,TRUE,5.71017813682556,TRUE,"ok",""
50,1,3,TRUE,8,-165.335634558659,14,358.671269117318,416.200735276019,0.122707358141907,TRUE,9.04184103012085,FALSE,"WRONG SIGN","wrong_sign"
50,2,1,TRUE,1,-223.111150065722,4,454.222300131445,470.659290462502,1,TRUE,0.27867603302002,TRUE,"ok",""
50,2,2,TRUE,8,-199.821668914907,9,417.643337829814,454.626566074693,0.472125968644525,TRUE,4.96118903160095,TRUE,"ok",""
50,2,3,TRUE,8,-186.788030511798,14,401.576061023596,459.105527182297,0.0885769596165432,TRUE,12.0887141227722,FALSE,"WRONG SIGN","wrong_sign"
50,3,1,TRUE,1,-193.018740253266,4,394.037480506532,410.474470837589,1,TRUE,0.296803951263428,TRUE,"ok",""
50,3,2,TRUE,8,-166.602817094792,9,351.205634189584,388.188862434464,0.328980706436038,TRUE,5.48144102096558,TRUE,"ok",""
50,3,3,TRUE,8,-149.706977973381,14,327.413955946763,384.943422105464,0.243189300319932,TRUE,9.06425905227661,TRUE,"ok",""
50,4,1,TRUE,1,-177.163801071726,4,362.327602143451,378.764592474509,1,TRUE,0.382171869277954,TRUE,"ok",""
50,4,2,TRUE,8,-162.632925764555,9,343.26585152911,380.249079773989,0.136299904227402,FALSE,4.29621410369873,FALSE,"NO COVARIANCE","no_covariance"
50,4,3,TRUE,8,-156.393460953009,14,340.786921906019,398.31638806472,0.127794549111635,FALSE,11.7200338840485,FALSE,"NO COVARIANCE","no_covariance"
50,5,1,TRUE,1,-191.499051593997,4,390.998103187995,407.435093519052,1,TRUE,0.209696054458618,TRUE,"ok",""
50,5,2,TRUE,8,-173.275175359337,9,364.550350718674,401.533578963553,0.492243788437977,TRUE,4.8375608921051,TRUE,"ok",""
50,5,3,TRUE,8,-157.139493581609,14,342.278987163218,399.808453321919,0.203004860629559,FALSE,8.17140507698059,FALSE,"NO COVARIANCE","no_covariance;wrong_sign"
50,6,1,TRUE,1,-214.725559149117,4,437.451118298233,453.888108629291,1,TRUE,0.320975065231323,TRUE,"ok",""
50,6,2,TRUE,8,-192.37717274477,9,402.75434548954,439.737573734419,0.48696092485692,TRUE,6.97119212150574,TRUE,"ok",""
50,6,3,TRUE,8,-175.262600162542,14,378.525200325084,436.054666483785,0.0951199318179424,TRUE,10.1555440425873,FALSE,"WRONG SIGN","wrong_sign"
50,7,1,TRUE,1,-196.094734856401,4,400.189469712803,416.62646004386,1,TRUE,0.310760021209717,FALSE,"WRONG SIGN","wrong_sign"
50,7,2,TRUE,8,-180.769849101866,9,379.539698203733,416.522926448612,0.266732597587542,TRUE,4.9298529624939,FALSE,"WRONG SIGN","wrong_sign"
50,7,3,TRUE,8,-169.668150313102,14,367.336300626204,424.865766784905,0.184605658581947,TRUE,10.9118649959564,FALSE,"WRONG SIGN","wrong_sign"
50,8,1,TRUE,1,-221.412205053541,4,450.824410107082,467.26140043814,1,TRUE,0.250868082046509,TRUE,"ok",""
50,8,2,TRUE,8,-205.427906293942,9,428.855812587884,465.839040832763,0.29041954035238,TRUE,7.28142309188843,TRUE,"ok",""
50,8,3,TRUE,8,-188.006394618936,14,404.012789237873,461.542255396574,0.159362226073611,FALSE,9.81077480316162,FALSE,"NO COVARIANCE","no_covariance"
50,9,1,TRUE,1,-215.692117296958,4,439.384234593916,455.821224924973,1,TRUE,0.209203958511353,TRUE,"ok",""
50,9,2,TRUE,8,-198.356691380386,9,414.713382760773,451.696611005652,0.363474498014837,TRUE,4.93206596374512,TRUE,"ok",""
50,9,3,TRUE,8,-185.147672517688,14,398.295345035376,455.824811194077,0.231030180888538,FALSE,9.49758911132812,FALSE,"NO COVARIANCE","no_covariance"
50,10,1,TRUE,1,-215.156808218412,4,438.313616436823,454.750606767881,1,TRUE,0.370234966278076,TRUE,"ok",""
50,10,2,TRUE,8,-199.965256460707,9,417.930512921415,454.913741166294,0.249761458201112,TRUE,5.14738917350769,TRUE,"ok",""
50,10,3,TRUE,8,-182.642132699808,14,393.284265399617,450.813731558318,0.201486544183149,TRUE,10.2766509056091,TRUE,"ok",""
50,11,1,TRUE,1,-216.280970827074,4,440.561941654147,456.998931985205,1,TRUE,0.421221971511841,TRUE,"ok",""
50,11,2,TRUE,8,-191.525201736117,9,401.050403472234,438.033631717113,0.23639214797935,TRUE,6.28995895385742,FALSE,"WRONG SIGN","wrong_sign"
50,11,3,TRUE,8,-180.335323273342,14,388.670646546685,446.200112705386,0.22562790025017,FALSE,13.860445022583,FALSE,"NO COVARIANCE","no_covariance;wrong_sign"
50,12,1,TRUE,1,-227.151794926935,4,462.30358985387,478.740580184928,1,TRUE,0.38767409324646,TRUE,"ok",""
50,12,2,TRUE,8,-197.426164921047,9,412.852329842093,449.835558086973,0.409385610565671,TRUE,6.12447118759155,TRUE,"ok",""
50,12,3,TRUE,8,-183.461482784789,14,394.922965569579,452.45243172828,0.180487072277775,TRUE,9.77102613449097,FALSE,"WRONG SIGN","wrong_sign"
50,13,1,TRUE,1,-197.822281613147,4,403.644563226294,420.081553557351,1,TRUE,0.25285792350769,TRUE,"ok",""
50,13,2,TRUE,8,-176.766190363644,9,371.532380727287,408.515608972167,0.231070798598656,TRUE,5.72468900680542,FALSE,"WRONG SIGN","wrong_sign"
50,13,3,TRUE,8,-156.491920872864,14,340.983841745727,398.513307904428,0.19073501996935,TRUE,12.2123239040375,FALSE,"WRONG SIGN","wrong_sign"
50,14,1,TRUE,1,-229.188879905509,4,466.377759811018,482.814750142076,1,TRUE,0.199764966964722,TRUE,"ok",""
50,14,2,TRUE,8,-214.012598154872,9,446.025196309744,483.008424554623,0.277118834169495,TRUE,4.81444001197815,TRUE,"ok",""
50,14,3,TRUE,8,-190.949695099801,14,409.899390199601,467.428856358302,0.170051177349685,FALSE,7.61577916145325,FALSE,"NO COVARIANCE","no_covariance;wrong_sign"
50,15,1,TRUE,1,-226.831298500201,4,461.662597000401,478.099587331459,1,TRUE,0.238778114318848,TRUE,"ok",""
50,15,2,TRUE,8,-208.677523409284,9,435.355046818569,472.338275063448,0.429068008095516,TRUE,6.03585195541382,TRUE,"ok",""
50,15,3,TRUE,8,-196.824293892826,14,421.648587785651,479.178053944352,0.210735521880643,FALSE,9.03542995452881,FALSE,"NO COVARIANCE","no_covariance"
50,16,1,TRUE,1,-202.367398394421,4,412.734796788841,429.171787119899,1,TRUE,0.25257396697998,TRUE,"ok",""
50,16,2,TRUE,8,-185.916166431744,9,389.832332863489,426.815561108368,0.115418199899303,FALSE,4.7896900177002,FALSE,"NO COVARIANCE","no_covariance;wrong_sign"
50,16,3,TRUE,8,-178.896402922207,14,385.792805844414,443.322272003115,0.232836972174315,TRUE,9.59398293495178,TRUE,"ok",""
50,17,1,TRUE,1,-200.734443883631,4,409.468887767263,425.90587809832,1,TRUE,0.272495985031128,TRUE,"ok",""
50,17,2,TRUE,8,-172.999280061036,9,363.998560122072,400.981788366951,0.482141711075747,TRUE,5.75223803520203,TRUE,"ok",""
50,17,3,TRUE,8,-160.311127361959,14,348.622254723919,406.15172088262,0.158316962923935,TRUE,9.88234400749207,TRUE,"ok",""
50,18,1,TRUE,1,-218.268539785553,4,444.537079571105,460.974069902163,1,TRUE,0.344099998474121,TRUE,"ok",""
50,18,2,TRUE,8,-197.085120984229,9,412.170241968459,449.153470213338,0.372232833458407,TRUE,5.96853804588318,FALSE,"WRONG SIGN","wrong_sign"
50,18,3,TRUE,7,-176.105042062115,14,380.210084124231,437.739550282932,0.214125349188041,TRUE,9.06869006156921,FALSE,"WRONG SIGN","wrong_sign"
50,19,1,TRUE,1,-206.176669380597,4,420.353338761194,436.790329092251,1,TRUE,0.307149171829224,TRUE,"ok",""
50,19,2,TRUE,8,-176.984123507579,9,371.968247015157,408.951475260036,0.484020087721918,TRUE,5.91972494125366,TRUE,"ok",""
50,19,3,TRUE,8,-162.342877095626,14,352.685754191252,410.215220349953,0.125560923331392,TRUE,8.40957713127136,FALSE,"WRONG SIGN","wrong_sign"
50,20,1,TRUE,1,-214.678951253767,4,437.357902507533,453.794892838591,1,TRUE,0.312631130218506,TRUE,"ok",""
50,20,2,TRUE,8,-200.828872142945,9,419.657744285891,456.64097253077,0.120189256698395,TRUE,5.80562305450439,FALSE,"WRONG SIGN","wrong_sign"
50,20,3,TRUE,8,-185.012026413913,14,398.024052827826,455.553518986527,0.198283111143142,TRUE,11.1349020004272,TRUE,"ok",""
30,1,1,TRUE,1,-124.679401688833,4,257.358803377665,271.752491213659,1,TRUE,0.333223104476929,TRUE,"ok",""
30,1,2,TRUE,8,-105.913860520021,9,229.827721040041,262.213518671027,0.217563052421315,TRUE,5.51339793205261,FALSE,"WRONG SIGN","wrong_sign"
30,1,3,TRUE,8,-97.5358084307428,14,223.071616861486,273.449524287463,0.108020763542793,TRUE,10.698098897934,FALSE,"WRONG SIGN","wrong_sign"
30,2,1,TRUE,1,-129.75015491309,4,267.500309826181,281.893997662174,1,TRUE,0.306019067764282,TRUE,"ok",""
30,2,2,TRUE,8,-116.196133302559,9,250.392266605119,282.778064236104,0.388355997910974,TRUE,4.76277995109558,TRUE,"ok",""
30,2,3,TRUE,8,-106.180779957854,14,240.361559915709,290.739467341686,0.177467035498115,TRUE,8.29498195648193,FALSE,"WRONG SIGN","wrong_sign"
30,3,1,TRUE,1,-114.437224490499,4,236.874448980997,251.268136816991,1,TRUE,0.224636077880859,TRUE,"ok",""
30,3,2,TRUE,8,-97.4718840513889,9,212.943768102778,245.329565733763,0.24515210012981,TRUE,4.74041795730591,TRUE,"ok",""
30,3,3,TRUE,8,-86.9560384472622,14,201.912076894524,252.289984320502,0.221032650280678,FALSE,8.5079550743103,FALSE,"NO COVARIANCE","no_covariance"
30,4,1,TRUE,1,-104.612699115379,4,217.225398230759,231.619086066752,1,TRUE,0.21253490447998,TRUE,"ok",""
30,4,2,TRUE,8,-92.4025833111278,9,202.805166622256,235.190964253241,0.315581341462275,FALSE,5.92388582229614,FALSE,"NO COVARIANCE","no_covariance"
30,4,3,TRUE,8,-83.4193344335447,14,194.838668867089,245.216576293067,0.234725121071382,FALSE,11.3740229606628,FALSE,"NO COVARIANCE","no_covariance"
30,5,1,TRUE,1,-99.6953725297838,4,207.390745059568,221.784432895561,1,TRUE,0.247225999832153,TRUE,"ok",""
30,5,2,TRUE,8,-87.9517063004636,9,193.903412600927,226.289210231913,0.33544024025089,TRUE,5.42846298217773,TRUE,"ok",""
30,5,3,TRUE,8,-80.021767591894,14,188.043535183788,238.421442609765,0.239686869607234,TRUE,11.1829440593719,FALSE,"WRONG SIGN","wrong_sign"
30,6,1,TRUE,1,-119.276765944862,4,246.553531889724,260.947219725717,1,TRUE,0.297837972640991,TRUE,"ok",""
30,6,2,TRUE,8,-96.2038688680944,9,210.407737736189,242.793535367174,0.20211472373021,TRUE,5.97950506210327,FALSE,"WRONG SIGN","wrong_sign"
30,6,3,TRUE,8,-78.7762134402318,14,185.552426880464,235.930334306441,0.19777287974918,TRUE,11.0838460922241,FALSE,"WRONG SIGN","wrong_sign"
30,7,1,TRUE,1,-119.145161371248,4,246.290322742495,260.684010578489,1,TRUE,0.283604145050049,FALSE,"WRONG SIGN","wrong_sign"
30,7,2,TRUE,8,-105.919815509641,9,229.839631019283,262.225428650268,0.470319063614003,TRUE,5.05445003509521,FALSE,"WRONG SIGN","wrong_sign"
30,7,3,TRUE,8,-100.970027117804,14,229.940054235609,280.317961661586,0.15160477807828,TRUE,9.21532011032104,FALSE,"WRONG SIGN","wrong_sign"
30,8,1,TRUE,1,-122.138494337432,4,252.276988674864,266.670676510857,1,TRUE,0.21478796005249,TRUE,"ok",""
30,8,2,TRUE,8,-105.77881687747,9,229.557633754941,261.943431385926,0.208453532396013,TRUE,5.48528003692627,FALSE,"WRONG SIGN","wrong_sign"
30,8,3,TRUE,8,-97.473124437635,14,222.94624887527,273.324156301247,0.187204878264937,FALSE,8.57188296318054,FALSE,"NO COVARIANCE","no_covariance"
30,9,1,TRUE,1,-130.755230088879,4,269.510460177758,283.904148013751,1,TRUE,0.261720895767212,TRUE,"ok",""
30,9,2,TRUE,8,-113.354337811684,9,244.708675623369,277.094473254354,0.421970226434223,TRUE,4.84345006942749,TRUE,"ok",""
30,9,3,TRUE,8,-100.029354664262,14,228.058709328523,278.4366167545,0.102733830074074,TRUE,9.80619406700134,FALSE,"WRONG SIGN","wrong_sign"
30,10,1,TRUE,1,-129.852123137103,4,267.704246274205,282.097934110199,1,TRUE,0.174165010452271,TRUE,"ok",""
30,10,2,TRUE,8,-120.801207764565,9,259.60241552913,291.988213160116,0.241095997459585,TRUE,4.37494897842407,FALSE,"WRONG SIGN","wrong_sign"
30,10,3,TRUE,8,-109.854951693872,14,247.709903387743,298.087810813721,0.219021637777451,TRUE,11.519847869873,FALSE,"WRONG SIGN","wrong_sign"
30,11,1,TRUE,1,-129.378573494051,4,266.757146988101,281.150834824095,1,TRUE,0.356916904449463,FALSE,"WRONG SIGN","wrong_sign"
30,11,2,TRUE,8,-115.530400392915,9,249.060800785829,281.446598416814,0.484344157846658,TRUE,5.4033842086792,FALSE,"WRONG SIGN","wrong_sign"
30,11,3,TRUE,8,-105.464896813586,14,238.929793627172,289.307701053149,0.168954769015213,TRUE,9.46271014213562,FALSE,"WRONG SIGN","wrong_sign"
30,12,1,TRUE,1,-141.768873685009,4,291.537747370018,305.931435206012,1,TRUE,0.328865051269531,TRUE,"ok",""
30,12,2,TRUE,8,-116.645777896095,9,251.29155579219,283.677353423176,0.352340083691793,TRUE,5.10430097579956,TRUE,"ok",""
30,12,3,TRUE,8,-99.2508893535373,14,226.501778707075,276.879686133052,0.168910329188147,FALSE,8.14189600944519,FALSE,"NO COVARIANCE","no_covariance;wrong_sign"
30,13,1,TRUE,1,-132.547783378453,4,273.095566756907,287.4892545929,1,TRUE,0.152675867080688,TRUE,"ok",""
30,13,2,TRUE,8,-114.204713170401,9,246.409426340803,278.795223971788,0.476758413922299,TRUE,5.3058750629425,TRUE,"ok",""
30,13,3,TRUE,8,-103.936784161031,14,235.873568322062,286.251475748039,0.171250802205815,FALSE,8.70224785804749,FALSE,"NO COVARIANCE","no_covariance;wrong_sign"
30,14,1,TRUE,1,-139.139920999921,4,286.279841999843,300.673529835836,1,TRUE,0.246963977813721,TRUE,"ok",""
30,14,2,TRUE,8,-125.948695330766,9,269.897390661532,302.283188292517,0.425724273347217,TRUE,4.80628299713135,TRUE,"ok",""
30,14,3,TRUE,8,-115.072262741954,14,258.144525483907,308.522432909885,0.175017458572774,TRUE,10.6482760906219,FALSE,"WRONG SIGN","wrong_sign"
30,15,1,TRUE,1,-136.97469868207,4,281.949397364139,296.343085200133,1,TRUE,0.322674989700317,TRUE,"ok",""
30,15,2,TRUE,8,-124.711737975526,9,267.423475951052,299.809273582037,0.305764587938402,TRUE,4.68540000915527,TRUE,"ok",""
30,15,3,TRUE,8,-115.788909989911,14,259.577819979822,309.955727405799,0.0664422354427386,FALSE,9.72654104232788,FALSE,"NO COVARIANCE","no_covariance;wrong_sign"
30,16,1,TRUE,1,-122.798917707591,4,253.597835415182,267.991523251176,1,TRUE,0.254450082778931,TRUE,"ok",""
30,16,2,TRUE,8,-105.903853615132,9,229.807707230263,262.193504861249,0.172461854243586,FALSE,5.12870097160339,FALSE,"NO COVARIANCE","no_covariance;wrong_sign"
30,16,3,TRUE,8,-100.992193656161,14,229.984387312323,280.3622947383,0.184912558874222,TRUE,9.21746492385864,FALSE,"WRONG SIGN","wrong_sign"
30,17,1,TRUE,1,-126.999835751132,4,261.999671502265,276.393359338258,1,TRUE,0.29850697517395,TRUE,"ok",""
30,17,2,TRUE,8,-107.545245569112,9,233.090491138224,265.47628876921,0.446828846775599,TRUE,5.45342707633972,TRUE,"ok",""
30,17,3,TRUE,8,-90.8210559482642,14,209.642111896528,260.020019322506,0.24697935490501,TRUE,10.0417580604553,FALSE,"WRONG SIGN","wrong_sign"
30,18,1,TRUE,1,-120.099406740302,4,248.198813480604,262.592501316597,1,TRUE,0.276640892028809,TRUE,"ok",""
30,18,2,TRUE,8,-105.855632629845,9,229.71126525969,262.097062890676,0.339566868315806,TRUE,5.06554985046387,FALSE,"WRONG SIGN","wrong_sign"
30,18,3,TRUE,8,-89.2538679570691,14,206.507735914138,256.885643340115,0.204049143226965,FALSE,11.9020400047302,FALSE,"NO COVARIANCE","no_covariance;wrong_sign"
30,19,1,TRUE,1,-117.962061959115,4,243.92412391823,258.317811754223,1,TRUE,0.266982078552246,TRUE,"ok",""
30,19,2,TRUE,8,-102.898105095422,9,223.796210190844,256.182007821829,0.419239392901022,TRUE,5.53511309623718,FALSE,"WRONG SIGN","wrong_sign"
30,19,3,TRUE,8,-92.6452091834097,14,213.290418366819,263.668325792797,0.0666051424881544,FALSE,11.3483819961548,FALSE,"NO COVARIANCE","no_covariance;wrong_sign"
30,20,1,TRUE,1,-123.084969120524,4,254.169938241048,268.563626077041,1,TRUE,0.390417814254761,TRUE,"ok",""
30,20,2,TRUE,8,-110.081801122624,9,238.163602245248,270.549399876233,0.348218027025701,TRUE,4.45693516731262,FALSE,"WRONG SIGN","wrong_sign"
30,20,3,TRUE,8,-98.5331481269899,14,225.06629625398,275.444203679957,0.162579019095997,TRUE,9.67322492599487,FALSE,"WRONG SIGN","wrong_sign"
388,0,4,TRUE,8,-1449.52432035501,19,2937.04864071002,3054.05500913225,0.175532805427664,TRUE,63.0405340194702,TRUE,"ok",""
250,1,4,TRUE,8,-906.963841893859,19,1851.92768378772,1960.58270819649,0.202039554476155,TRUE,31.6123020648956,TRUE,"ok",""
250,2,4,TRUE,8,-946.248151508344,19,1930.49630301669,2039.15132742546,0.210108238881459,TRUE,26.4138188362122,TRUE,"ok",""
250,3,4,TRUE,8,-931.921515105533,19,1901.84303021107,2010.49805461984,0.144839681292276,TRUE,29.895045042038,TRUE,"ok",""
250,4,4,TRUE,8,-871.660583913467,19,1781.32116782693,1889.9761922357,0.120111563146215,FALSE,22.7596778869629,FALSE,"NO COVARIANCE","no_covariance"
250,5,4,TRUE,8,-886.729455704249,19,1811.4589114085,1920.11393581727,0.146480659723561,TRUE,37.8783159255981,TRUE,"ok",""
250,6,4,TRUE,8,-933.797237405147,19,1905.59447481029,2014.24949921907,0.174334024714927,TRUE,22.7926070690155,TRUE,"ok",""
250,7,4,TRUE,8,-927.89287040019,19,1893.78574080038,2002.44076520915,0.183995806849057,TRUE,22.6979610919952,TRUE,"ok",""
250,8,4,TRUE,8,-932.153727387814,19,1902.30745477563,2010.9624791844,0.207065336101989,TRUE,26.3314681053162,TRUE,"ok",""
250,9,4,TRUE,8,-953.9976981933,19,1945.9953963866,2054.65042079537,0.105892331329573,FALSE,21.2247669696808,FALSE,"NO COVARIANCE","no_covariance"
250,10,4,TRUE,8,-922.557068645303,19,1883.11413729061,1991.76916169938,0.128347372443302,TRUE,20.9777128696442,TRUE,"ok",""
250,11,4,TRUE,8,-923.722701836412,19,1885.44540367282,1994.10042808159,0.16038663769047,TRUE,23.1583549976349,TRUE,"ok",""
250,12,4,TRUE,8,-919.568769717586,19,1877.13753943517,1985.79256384394,0.136318760450972,TRUE,18.8414480686188,TRUE,"ok",""
250,13,4,TRUE,8,-930.056683870177,19,1898.11336774035,2006.76839214912,0.162735994538675,TRUE,29.1107490062714,TRUE,"ok",""
250,14,4,TRUE,8,-941.440954983682,19,1920.88190996736,2029.53693437613,0.193483400416219,TRUE,21.2137830257416,TRUE,"ok",""
250,15,4,TRUE,8,-947.194477151647,19,1932.38895430329,2041.04397871206,0.193208261182022,TRUE,19.442409992218,TRUE,"ok",""
250,16,4,TRUE,8,-924.574294201439,19,1887.14858840288,1995.80361281165,0.208435666473017,TRUE,22.3894288539886,TRUE,"ok",""
250,17,4,TRUE,8,-945.349347349185,19,1928.69869469837,2037.35371910714,0.121285323401483,TRUE,36.6065819263458,TRUE,"ok",""
250,18,4,TRUE,8,-932.791876192098,19,1903.5837523842,2012.23877679297,0.188389376841082,TRUE,33.1285989284515,TRUE,"ok",""
250,19,4,TRUE,8,-922.107381106308,19,1882.21476221262,1990.86978662139,0.191255162905624,TRUE,33.6337599754333,TRUE,"ok",""
250,20,4,TRUE,8,-970.188438903493,19,1978.37687780699,2087.03190221576,0.150381973521797,TRUE,34.7248029708862,TRUE,"ok",""
150,1,4,TRUE,8,-517.552356823063,19,1073.10471364613,1172.05405120334,0.20966330945503,TRUE,23.6099638938904,TRUE,"ok",""
150,2,4,TRUE,8,-588.159923120644,19,1214.31984624129,1313.2691837985,0.0409896028374376,FALSE,21.8523008823395,FALSE,"NO COVARIANCE","no_covariance;wrong_sign;degenerate_class"
150,3,4,TRUE,8,-535.442239981501,19,1108.884479963,1207.83381752022,0.0675788010450544,FALSE,24.4102711677551,FALSE,"NO COVARIANCE","no_covariance"
150,4,4,TRUE,8,-495.034783432376,19,1028.06956686475,1127.01890442197,0.147460525158032,FALSE,24.2814531326294,FALSE,"NO COVARIANCE","no_covariance"
150,5,4,TRUE,8,-536.020720404043,19,1110.04144080809,1208.9907783653,0.186926828725775,TRUE,23.8441019058228,TRUE,"ok",""
150,6,4,TRUE,8,-518.30522444524,19,1074.61044889048,1173.5597864477,0.139326414306524,TRUE,31.6181628704071,FALSE,"WRONG SIGN","wrong_sign"
150,7,4,TRUE,8,-513.663406299155,19,1065.32681259831,1164.27615015553,0.197651313884228,TRUE,17.5735919475555,TRUE,"ok",""
150,8,4,TRUE,8,-536.557340663737,19,1111.11468132747,1210.06401888469,0.154493905878505,FALSE,28.3458750247955,FALSE,"NO COVARIANCE","no_covariance"
150,9,4,TRUE,8,-554.423658320139,19,1146.84731664028,1245.7966541975,0.159069902730053,FALSE,20.5503370761871,FALSE,"NO COVARIANCE","no_covariance"
150,10,4,TRUE,8,-538.235442733847,19,1114.47088546769,1213.42022302491,0.148344270526349,FALSE,27.7323319911957,FALSE,"NO COVARIANCE","no_covariance;wrong_sign"
150,11,4,TRUE,8,-558.593557175686,19,1155.18711435137,1254.13645190859,0.171073665155003,TRUE,28.389878988266,TRUE,"ok",""
150,12,4,TRUE,8,-541.887805383191,19,1121.77561076638,1220.7249483236,0.116258525185353,TRUE,31.2734489440918,TRUE,"ok",""
150,13,4,TRUE,8,-529.950795053839,19,1097.90159010768,1196.85092766489,0.176912592854398,FALSE,26.7775161266327,FALSE,"NO COVARIANCE","no_covariance"
150,14,4,TRUE,8,-564.759537365028,19,1167.51907473006,1266.46841228727,0.168292148111084,TRUE,34.9567270278931,TRUE,"ok",""
150,15,4,TRUE,8,-580.450291041963,19,1198.90058208393,1297.84991964114,0.114549798324398,TRUE,21.7787358760834,TRUE,"ok",""
150,16,4,TRUE,8,-538.301678216449,19,1114.6033564329,1213.55269399012,0.175432969923403,TRUE,20.1398351192474,TRUE,"ok",""
150,17,4,TRUE,8,-551.966243962029,19,1141.93248792406,1240.88182548128,0.0492096362308053,TRUE,23.907429933548,FALSE,"WRONG SIGN","wrong_sign;degenerate_class"
150,18,4,TRUE,8,-542.378826454561,19,1122.75765290912,1221.70699046634,0.134726092421846,TRUE,23.0032248497009,TRUE,"ok",""
150,19,4,TRUE,8,-538.288769693504,19,1114.57753938701,1213.52687694422,0.0988633345523651,TRUE,20.1271820068359,TRUE,"ok",""
150,20,4,TRUE,8,-552.53473035224,19,1143.06946070448,1242.0187982617,0.144371929289998,FALSE,23.4935719966888,FALSE,"NO COVARIANCE","no_covariance"
100,1,4,TRUE,8,-327.659527626305,19,693.319055252609,784.564555755771,0.148532702085639,FALSE,18.5353760719299,FALSE,"NO COVARIANCE","no_covariance;wrong_sign"
100,2,4,TRUE,8,-381.623294456462,19,801.246588912923,892.492089416085,0.0570430650351814,TRUE,22.458771944046,FALSE,"WRONG SIGN","wrong_sign"
100,3,4,TRUE,8,-355.993807078913,19,749.987614157825,841.233114660987,0.18858245805683,FALSE,17.2023739814758,FALSE,"NO COVARIANCE","no_covariance"
100,4,4,TRUE,8,-352.386477710371,19,742.772955420741,834.018455923903,0.180942750029478,FALSE,15.9168939590454,FALSE,"NO COVARIANCE","no_covariance"
100,5,4,TRUE,8,-333.230326568757,19,704.460653137513,795.706153640675,0.11349714357232,TRUE,23.7489941120148,FALSE,"WRONG SIGN","wrong_sign"
100,6,4,TRUE,8,-339.583363766756,19,717.166727533512,808.412228036674,0.10076032040121,FALSE,20.5472800731659,FALSE,"NO COVARIANCE","no_covariance"
100,7,4,TRUE,8,-324.28281536929,19,686.565630738581,777.811131241742,0.163074042845521,TRUE,25.0472118854523,FALSE,"WRONG SIGN","wrong_sign"
100,8,4,TRUE,8,-367.127256671935,19,772.254513343869,863.500013847031,0.0783516321284017,TRUE,25.3243520259857,FALSE,"WRONG SIGN","wrong_sign"
100,9,4,TRUE,8,-345.272964872391,19,728.545929744782,819.791430247944,0.18825903469238,FALSE,20.0725350379944,FALSE,"NO COVARIANCE","no_covariance"
100,10,4,TRUE,8,-362.351355745353,19,762.702711490706,853.948211993868,0.171909641271956,TRUE,27.4305701255798,TRUE,"ok",""
100,11,4,TRUE,8,-364.987478550735,19,767.974957101471,859.220457604633,0.142001431418098,TRUE,17.4323229789734,FALSE,"WRONG SIGN","wrong_sign"
100,12,4,TRUE,8,-349.293656989675,19,736.58731397935,827.832814482512,0.160064317791595,TRUE,17.7058260440826,FALSE,"WRONG SIGN","wrong_sign"
100,13,4,TRUE,8,-334.316477723294,19,706.632955446587,797.878455949749,0.0821518740612323,TRUE,23.0762829780579,FALSE,"WRONG SIGN","wrong_sign"
100,14,4,TRUE,8,-366.938344415602,19,771.876688831205,863.122189334367,0.105424883957701,FALSE,21.0558569431305,FALSE,"NO COVARIANCE","no_covariance;wrong_sign"
100,15,4,TRUE,8,-375.50081311122,19,789.00162622244,880.247126725602,0.0682678308583861,FALSE,12.7481138706207,FALSE,"NO COVARIANCE","no_covariance"
100,16,4,TRUE,8,-346.424622708724,19,730.849245417448,822.09474592061,0.2097415957096,FALSE,13.7510969638824,FALSE,"NO COVARIANCE","no_covariance"
100,17,4,TRUE,8,-353.330407412265,19,744.660814824531,835.906315327693,0.222866554033624,TRUE,14.9614329338074,TRUE,"ok",""
100,18,4,TRUE,8,-369.557226258715,19,777.114452517429,868.359953020591,0.175936921084857,FALSE,17.4946439266205,FALSE,"NO COVARIANCE","no_covariance"
100,19,4,TRUE,8,-344.658978044416,19,727.317956088832,818.563456591994,0.0816560255518466,TRUE,23.7855470180511,FALSE,"WRONG SIGN","wrong_sign"
100,20,4,TRUE,8,-357.527476063876,19,753.054952127752,844.300452630914,0.0396052858477163,TRUE,22.0840628147125,FALSE,"WRONG SIGN","wrong_sign;degenerate_class"
75,1,4,TRUE,8,-239.141074582273,19,516.282149164546,602.061690291124,0.0722626595204787,FALSE,28.7686920166016,FALSE,"NO COVARIANCE","no_covariance;wrong_sign"
75,2,4,TRUE,8,-281.613557635,19,601.22711527,687.006656396578,0.139761519659113,FALSE,33.3976829051971,FALSE,"NO COVARIANCE","no_covariance"
75,3,4,TRUE,8,-273.75866305568,19,585.51732611136,671.296867237938,0.155977627250951,TRUE,34.3812961578369,TRUE,"ok",""
75,4,4,TRUE,8,-264.247283693237,19,566.494567386475,652.274108513053,0.196426433241248,TRUE,28.7989120483398,TRUE,"ok",""
75,5,4,TRUE,8,-241.201532159578,19,520.403064319155,606.182605445733,0.112761039759033,FALSE,25.1716959476471,FALSE,"NO COVARIANCE","no_covariance"
75,6,4,TRUE,8,-251.646184601028,19,541.292369202056,627.071910328634,0.0742598554929244,FALSE,22.0086870193481,FALSE,"NO COVARIANCE","no_covariance;wrong_sign"
75,7,4,TRUE,8,-256.226294799686,19,550.452589599372,636.23213072595,0.0566919601329277,TRUE,22.9771711826324,FALSE,"WRONG SIGN","wrong_sign"
75,8,4,TRUE,8,-255.768763031667,19,549.537526063334,635.317067189912,0.0524973238097405,FALSE,29.0864851474762,FALSE,"NO COVARIANCE","no_covariance;wrong_sign"
75,9,4,TRUE,8,-271.114089531874,19,580.228179063749,666.007720190327,0.174210829934435,FALSE,15.6675169467926,FALSE,"NO COVARIANCE","no_covariance"
75,10,4,TRUE,8,-266.472752433127,19,570.945504866253,656.725045992831,0.106982303129195,FALSE,24.8436210155487,FALSE,"NO COVARIANCE","no_covariance"
75,11,4,TRUE,8,-276.757185943119,19,591.514371886238,677.293913012816,0.112788320480361,TRUE,21.7059259414673,FALSE,"WRONG SIGN","wrong_sign"
75,12,4,TRUE,8,-254.431545599069,19,546.863091198138,632.642632324716,0.115045657996356,FALSE,23.3439128398895,FALSE,"NO COVARIANCE","no_covariance;wrong_sign"
75,13,4,TRUE,8,-245.64963801596,19,529.29927603192,615.078817158498,0.0880760130040164,FALSE,17.1473019123077,FALSE,"NO COVARIANCE","no_covariance;wrong_sign"
75,14,4,TRUE,8,-280.270135568794,19,598.540271137587,684.319812264165,0.0830178024580292,FALSE,17.3364391326904,FALSE,"NO COVARIANCE","no_covariance;wrong_sign"
75,15,4,TRUE,8,-293.613594938689,19,625.227189877378,711.006731003956,0.0501506413499587,FALSE,18.0046031475067,FALSE,"NO COVARIANCE","no_covariance"
75,16,4,TRUE,8,-251.30515779003,19,540.61031558006,626.389856706638,0.193787140127117,FALSE,22.8392629623413,FALSE,"NO COVARIANCE","no_covariance;wrong_sign"
75,17,4,TRUE,8,-240.837596647009,19,519.675193294018,605.454734420596,0.101812837937567,TRUE,14.8971149921417,TRUE,"ok",""
75,18,4,TRUE,8,-257.064017227477,19,552.128034454953,637.907575581532,0.128023847138099,FALSE,12.9865798950195,FALSE,"NO COVARIANCE","no_covariance"
75,19,4,TRUE,8,-265.58958375407,19,569.17916750814,654.958708634718,0.142106115315808,TRUE,13.8056838512421,FALSE,"WRONG SIGN","wrong_sign"
75,20,4,TRUE,8,-270.998209492709,19,579.996418985418,665.775960111996,0.0490423810027882,TRUE,10.9563879966736,FALSE,"WRONG SIGN","wrong_sign;degenerate_class"
50,1,4,TRUE,8,-159.212727923074,19,356.425455846148,434.501159918671,0.0455338436829736,FALSE,10.1284351348877,FALSE,"NO COVARIANCE","no_covariance;wrong_sign;degenerate_class"
50,2,4,TRUE,8,-180.475436684018,19,398.950873368035,477.026577440558,0.0839820716982545,TRUE,12.4434218406677,FALSE,"WRONG SIGN","wrong_sign"
50,3,4,TRUE,8,-136.851914038724,19,311.703828077448,389.779532149971,0.201482117491113,FALSE,12.2808480262756,FALSE,"NO COVARIANCE","no_covariance"
50,4,4,TRUE,8,-142.059028982395,19,322.118057964789,400.193762037312,0.102406218698616,FALSE,15.2219820022583,FALSE,"NO COVARIANCE","no_covariance"
50,5,4,TRUE,8,-147.662388689888,19,333.324777379776,411.400481452299,0.180947794569677,FALSE,11.2465498447418,FALSE,"NO COVARIANCE","no_covariance"
50,6,4,TRUE,8,-158.247766906044,19,354.495533812089,432.571237884612,0.110455364454491,FALSE,9.46127891540527,FALSE,"NO COVARIANCE","no_covariance"
50,7,4,TRUE,8,-161.225346618709,19,360.450693237419,438.526397309942,0.173789225213114,FALSE,12.4264349937439,FALSE,"NO COVARIANCE","no_covariance;wrong_sign"
50,8,4,TRUE,8,-176.855591429949,19,391.711182859897,469.78688693242,0.098621929456305,FALSE,11.0512928962708,FALSE,"NO COVARIANCE","no_covariance;wrong_sign"
50,9,4,TRUE,8,-170.6768938891,19,379.353787778199,457.429491850722,0.0586112808634409,FALSE,13.7535021305084,FALSE,"NO COVARIANCE","no_covariance;wrong_sign"
50,10,4,TRUE,8,-170.379403017781,19,378.758806035563,456.834510108086,0.0988349424537946,FALSE,16.9392449855804,FALSE,"NO COVARIANCE","no_covariance"
50,11,4,TRUE,8,-175.280972627768,19,388.561945255535,466.637649328058,0.115931595914689,FALSE,14.1669359207153,FALSE,"NO COVARIANCE","no_covariance;wrong_sign"
50,12,4,TRUE,8,-172.299998357501,19,382.599996715002,460.675700787525,0.123362600689838,FALSE,12.5640408992767,FALSE,"NO COVARIANCE","no_covariance;wrong_sign"
50,13,4,TRUE,8,-143.623571606356,19,325.247143212711,403.322847285234,0.162913486531757,FALSE,14.0225419998169,FALSE,"NO COVARIANCE","no_covariance;wrong_sign"
50,14,4,TRUE,8,-185.864606544093,19,409.729213088185,487.804917160708,0.055636234984538,FALSE,13.9658639431,FALSE,"NO COVARIANCE","no_covariance;wrong_sign"
50,15,4,TRUE,8,-192.310863906889,19,422.621727813778,500.6974318863,0.0837555222322402,TRUE,11.619961977005,TRUE,"ok",""
50,16,4,TRUE,8,-166.424159161836,19,370.848318323672,448.924022396195,0.193381760739859,FALSE,9.52640008926392,FALSE,"NO COVARIANCE","no_covariance;wrong_sign"
50,17,4,TRUE,8,-150.377134745361,19,338.754269490723,416.829973563246,0.0842304973913027,TRUE,12.3068289756775,FALSE,"WRONG SIGN","wrong_sign"
50,18,4,TRUE,8,-164.219036119962,19,366.438072239924,444.513776312447,0.0940424428247693,FALSE,10.7354819774628,FALSE,"NO COVARIANCE","no_covariance;wrong_sign"
50,19,4,TRUE,8,-159.176735581314,19,356.353471162627,434.42917523515,0.0715162661260011,FALSE,10.4053208827972,FALSE,"NO COVARIANCE","no_covariance;wrong_sign"
50,20,4,TRUE,8,-180.107589173354,19,398.215178346707,476.29088241923,0.202337146060857,TRUE,11.0070960521698,FALSE,"WRONG SIGN","wrong_sign"
30,1,4,TRUE,8,-91.1144907885508,19,220.228981577102,288.598998798071,0.11030723913396,TRUE,11.8821320533752,FALSE,"WRONG SIGN","wrong_sign"
30,2,4,TRUE,8,-100.235505875507,19,238.471011751013,306.841028971983,0.133614336393953,FALSE,12.199520111084,FALSE,"NO COVARIANCE","no_covariance;wrong_sign"
30,3,4,TRUE,8,-81.1261346305714,19,200.252269261143,268.622286482112,0.171322907364135,FALSE,13.7905209064484,FALSE,"NO COVARIANCE","no_covariance"
30,4,4,TRUE,8,-78.9333260876153,19,195.866652175231,264.2366693962,0.189574379651115,FALSE,15.2510581016541,FALSE,"NO COVARIANCE","no_covariance"
30,5,4,TRUE,8,-70.5583180953499,19,179.1166361907,247.486653411669,0.0715805578007559,FALSE,22.6444361209869,FALSE,"NO COVARIANCE","no_covariance;wrong_sign"
30,6,4,TRUE,8,-67.7036508037114,19,173.407301607423,241.777318828392,0.0909774478639701,FALSE,19.3915700912476,FALSE,"NO COVARIANCE","no_covariance;wrong_sign"
30,7,4,TRUE,8,-96.0121845472007,19,230.024369094401,298.394386315371,0.137500531866044,FALSE,11.4964351654053,FALSE,"NO COVARIANCE","no_covariance;wrong_sign"
30,8,4,TRUE,8,-93.5353251287866,19,225.070650257573,293.440667478542,0.181885006313422,FALSE,9.74464106559753,FALSE,"NO COVARIANCE","no_covariance;wrong_sign"
30,9,4,TRUE,8,-90.8190102198275,19,219.638020439655,288.008037660624,0.154374801212524,FALSE,12.2121148109436,FALSE,"NO COVARIANCE","no_covariance;wrong_sign"
30,10,4,TRUE,8,-101.497589940327,19,240.995179880654,309.365197101623,0.216533724852593,FALSE,12.9470419883728,FALSE,"NO COVARIANCE","no_covariance;wrong_sign"
30,11,4,TRUE,8,-100.210284960811,19,238.420569921622,306.790587142591,0.0678094645206232,TRUE,13.7298181056976,FALSE,"WRONG SIGN","wrong_sign"
30,12,4,TRUE,8,-90.5325857424475,19,219.065171484895,287.435188705864,0.119528612268024,FALSE,13.8687899112701,FALSE,"NO COVARIANCE","no_covariance;wrong_sign"
30,13,4,TRUE,8,-95.3081367092425,19,228.616273418485,296.986290639454,0.130054994061269,FALSE,11.0870900154114,FALSE,"NO COVARIANCE","no_covariance;wrong_sign"
30,14,4,TRUE,8,-109.881523684861,19,257.763047369721,326.13306459069,0.133948198535886,FALSE,11.8396179676056,FALSE,"NO COVARIANCE","no_covariance;wrong_sign"
30,15,4,TRUE,8,-111.229424499883,19,260.458848999766,328.828866220735,0.0665685931924268,FALSE,12.9967820644379,FALSE,"NO COVARIANCE","no_covariance;wrong_sign"
30,16,4,TRUE,8,-92.438684617262,19,222.877369234524,291.247386455493,0.033330691604075,FALSE,13.9741339683533,FALSE,"NO COVARIANCE","no_covariance;wrong_sign;degenerate_class"
30,17,4,TRUE,8,-80.2887869486212,19,198.577573897242,266.947591118211,0.171736732844916,FALSE,12.4302380084991,FALSE,"NO COVARIANCE","no_covariance;wrong_sign"
30,18,4,TRUE,8,-81.7409277744994,19,201.481855548999,269.851872769968,0.0804520664519461,FALSE,14.0458807945251,FALSE,"NO COVARIANCE","no_covariance;wrong_sign"
30,19,4,TRUE,8,-90.2294403048049,19,218.45888060961,286.828897830579,0.0665800958127084,FALSE,14.2403428554535,FALSE,"NO COVARIANCE","no_covariance;wrong_sign"
30,20,4,TRUE,8,-94.1437272541574,19,226.287454508315,294.657471729284,0.162790418141295,TRUE,16.1292231082916,FALSE,"WRONG SIGN","wrong_sign"
25,1,1,TRUE,1,-101.881741760263,4,211.763483520525,225.427885129343,1,TRUE,0.732825040817261,TRUE,"ok",""
25,1,2,TRUE,8,-76.8618372891097,9,171.723674578219,202.468578198059,0.426294439671734,TRUE,5.5925509929657,FALSE,"WRONG SIGN","wrong_sign"
25,1,3,TRUE,8,-66.9615270866213,14,161.923054173243,209.748459804104,0.102999962449699,TRUE,9.52538895606995,FALSE,"WRONG SIGN","wrong_sign"
25,1,4,TRUE,8,-59.8929839209542,19,157.785967841908,222.691875483792,0.0990809937992753,FALSE,15.7319140434265,FALSE,"NO COVARIANCE","no_covariance;wrong_sign"
25,2,1,TRUE,1,-111.641395818763,4,231.282791637527,244.947193246345,1,TRUE,0.223001003265381,TRUE,"ok",""
25,2,2,TRUE,8,-94.5192310204138,9,207.038462040828,237.783365660667,0.451779998979643,TRUE,4.55536603927612,FALSE,"WRONG SIGN","wrong_sign"
25,2,3,TRUE,8,-85.3791103915866,14,198.758220783173,246.583626414035,0.276182045918677,TRUE,8.89727783203125,FALSE,"WRONG SIGN","wrong_sign"
25,2,4,TRUE,8,-81.6274354698641,19,201.254870939728,266.160778581612,0.235084312670008,FALSE,19.2188880443573,FALSE,"NO COVARIANCE","no_covariance;wrong_sign"
25,3,1,TRUE,1,-91.7277311828519,4,191.455462365704,205.119863974522,1,TRUE,0.345503091812134,TRUE,"ok",""
25,3,2,TRUE,8,-75.4819386016101,9,168.96387720322,199.70878082306,0.304237223580712,TRUE,5.22317790985107,TRUE,"ok",""
25,3,3,TRUE,8,-68.8645551723692,14,165.729110344738,213.5545159756,0.306781009310474,TRUE,9.3994300365448,TRUE,"ok",""
25,3,4,TRUE,8,-65.0160898158621,19,168.032179631724,232.938087273608,0.162394479660132,FALSE,17.8408141136169,FALSE,"NO COVARIANCE","no_covariance"
25,4,1,TRUE,1,-76.9261766185083,4,161.852353237017,175.516754845834,1,TRUE,0.250447034835815,TRUE,"ok",""
25,4,2,TRUE,8,-64.1314079684916,9,146.262815936983,177.007719556823,0.319499047955307,FALSE,6.50195598602295,FALSE,"NO COVARIANCE","no_covariance"
25,4,3,TRUE,8,-61.3544529055921,14,150.708905811184,198.534311442046,0.286668209301111,FALSE,13.0785949230194,FALSE,"NO COVARIANCE","no_covariance"
25,4,4,TRUE,8,-58.4835246275411,19,154.967049255082,219.872956896966,0.0858406601213142,FALSE,22.0696408748627,FALSE,"NO COVARIANCE","no_covariance"
25,5,1,TRUE,1,-83.8929821539869,4,175.785964307974,189.450365916792,1,TRUE,0.2930748462677,TRUE,"ok",""
25,5,2,TRUE,8,-70.2729443762863,9,158.545888752573,189.290792372412,0.48051609275566,FALSE,4.73619413375854,FALSE,"NO COVARIANCE","no_covariance"
25,5,3,TRUE,8,-55.1234405132642,14,138.246881026528,186.07228665739,0.290085713364159,FALSE,9.91173696517944,FALSE,"NO COVARIANCE","no_covariance"
25,5,4,TRUE,8,-50.9682606557977,19,139.936521311595,204.842428953479,0.0439162622801076,FALSE,19.1114311218262,FALSE,"NO COVARIANCE","no_covariance;wrong_sign;degenerate_class"
25,6,1,TRUE,1,-100.43158452285,4,208.863169045699,222.527570654517,1,TRUE,0.384714841842651,TRUE,"ok",""
25,6,2,TRUE,8,-82.9447139349979,9,183.889427869996,214.634331489836,0.131981198126819,TRUE,5.509605884552,FALSE,"WRONG SIGN","wrong_sign"
25,6,3,TRUE,8,-66.4371633924961,14,160.874326784992,208.699732415854,0.266328473443777,TRUE,9.89909219741821,TRUE,"ok",""
25,6,4,TRUE,8,-57.9202488095604,19,153.840497619121,218.746405261005,0.113197914168927,FALSE,13.9664161205292,FALSE,"NO COVARIANCE","no_covariance;wrong_sign"
25,7,1,TRUE,1,-102.162966938712,4,212.325933877425,225.990335486242,1,TRUE,0.248493909835815,FALSE,"WRONG SIGN","wrong_sign"
25,7,2,TRUE,8,-89.6715435929293,9,197.343087185859,228.087990805698,0.488791375529105,TRUE,5.52687096595764,FALSE,"WRONG SIGN","wrong_sign"
25,7,3,TRUE,8,-84.8655103211432,14,197.731020642286,245.556426273148,0.178797399764195,TRUE,264.598531961441,FALSE,"WRONG SIGN","wrong_sign"
25,7,4,TRUE,8,-80.2389058520422,19,198.477811704084,263.383719345968,0.149008020062619,FALSE,19.2218201160431,FALSE,"NO COVARIANCE","no_covariance;wrong_sign"
25,8,1,TRUE,1,-103.174901632745,4,214.34980326549,228.014204874308,1,TRUE,0.416806936264038,TRUE,"ok",""
25,8,2,TRUE,8,-88.4898605131087,9,194.979721026217,225.724624646057,0.47853840794499,TRUE,6.87908411026001,TRUE,"ok",""
25,8,3,TRUE,8,-74.9804727012338,14,177.960945402468,225.786351033329,0.1259670721159,FALSE,9.53685092926025,FALSE,"NO COVARIANCE","no_covariance;wrong_sign"
25,8,4,TRUE,8,-71.6750831201413,19,181.350166240283,246.256073882167,0.0665269316255796,FALSE,13.1208009719849,FALSE,"NO COVARIANCE","no_covariance;wrong_sign"
25,9,1,TRUE,1,-106.039184967858,4,220.078369935716,233.742771544534,1,TRUE,0.156644821166992,TRUE,"ok",""
25,9,2,TRUE,8,-85.7179920336696,9,189.435984067339,220.180887687179,0.374583940765973,FALSE,3.87180590629578,FALSE,"NO COVARIANCE","no_covariance"
25,9,3,TRUE,8,-76.607344765452,14,181.214689530904,229.040095161766,0.12111128836461,FALSE,6.58170199394226,FALSE,"NO COVARIANCE","no_covariance;wrong_sign"
25,9,4,TRUE,8,-70.642047455865,19,179.28409491173,244.190002553614,0.0903113292174368,FALSE,11.5204420089722,FALSE,"NO COVARIANCE","no_covariance;wrong_sign"
25,10,1,TRUE,1,-101.263136558722,4,210.526273117444,224.190674726262,1,TRUE,0.172114849090576,TRUE,"ok",""
25,10,2,TRUE,8,-90.664519396369,9,199.329038792738,230.073942412578,0.362119466358734,TRUE,3.69976902008057,TRUE,"ok",""
25,10,3,TRUE,7,-79.1998849208873,14,186.399769841775,234.225175472636,0.194538123826033,TRUE,6.99665999412537,TRUE,"ok",""
25,10,4,TRUE,8,-71.2980457576329,19,180.596091515266,245.50199915715,0.0773834887736719,FALSE,12.0251460075378,FALSE,"NO COVARIANCE","no_covariance;wrong_sign"
25,11,1,TRUE,1,-112.02507305378,4,232.050146107559,245.714547716377,1,TRUE,0.22857403755188,FALSE,"WRONG SIGN","wrong_sign"
25,11,2,TRUE,8,-99.1387377338707,9,216.277475467741,247.022379087581,0.450915824596564,TRUE,3.78724503517151,FALSE,"WRONG SIGN","wrong_sign"
25,11,3,TRUE,8,-89.6324744445933,14,207.264948889187,255.090354520048,0.210505426644159,TRUE,6.14449095726013,FALSE,"WRONG SIGN","wrong_sign"
25,11,4,TRUE,8,-84.7942287364175,19,207.588457472835,272.494365114719,0.0804107222492209,TRUE,21.4364640712738,FALSE,"WRONG SIGN","wrong_sign"
25,12,1,TRUE,1,-112.503632896162,4,233.007265792324,246.671667401141,1,TRUE,0.353234052658081,TRUE,"ok",""
25,12,2,TRUE,8,-87.1324751551798,9,192.26495031036,223.009853930199,0.281427312189411,TRUE,5.52218985557556,TRUE,"ok",""
25,12,3,TRUE,8,-70.725402754658,14,169.450805509316,217.276211140178,0.189950361630481,FALSE,9.03290510177612,FALSE,"NO COVARIANCE","no_covariance;wrong_sign"
25,12,4,TRUE,8,-63.6737090052985,19,165.347418010597,230.253325652481,0.0915921371590072,FALSE,15.9072930812836,FALSE,"NO COVARIANCE","no_covariance;wrong_sign"
25,13,1,TRUE,1,-110.874722600279,4,229.749445200558,243.413846809376,1,TRUE,0.356934070587158,TRUE,"ok",""
25,13,2,TRUE,8,-94.4919327788696,9,206.983865557739,237.728769177579,0.193393296894619,TRUE,5.20521807670593,FALSE,"WRONG SIGN","wrong_sign"
25,13,3,TRUE,8,-88.691825546835,14,205.38365109367,253.209056724532,0.242516684315878,FALSE,11.5349290370941,FALSE,"NO COVARIANCE","no_covariance;wrong_sign"
25,13,4,TRUE,8,-81.9084093663403,19,201.816818732681,266.722726374565,0.151945753266714,FALSE,18.0195860862732,FALSE,"NO COVARIANCE","no_covariance;wrong_sign"
25,14,1,TRUE,1,-110.97924701929,4,229.95849403858,243.622895647398,1,TRUE,0.357425212860107,TRUE,"ok",""
25,14,2,TRUE,8,-97.1986518125544,9,212.397303625109,243.142207244949,0.490369233834287,TRUE,5.37018823623657,TRUE,"ok",""
25,14,3,TRUE,8,-78.9798644137381,14,185.959728827476,233.785134458338,0.228255777822063,FALSE,9.02183699607849,FALSE,"NO COVARIANCE","no_covariance;wrong_sign"
25,14,4,TRUE,8,-74.0646652843919,19,186.129330568784,251.035238210668,0.0513485272060931,FALSE,16.1906521320343,FALSE,"NO COVARIANCE","no_covariance;wrong_sign"
25,15,1,TRUE,1,-116.137160197839,4,240.274320395679,253.938722004497,1,TRUE,0.202688932418823,TRUE,"ok",""
25,15,2,TRUE,8,-105.017974623313,9,228.035949246626,258.780852866466,0.332122700237083,TRUE,4.81206512451172,TRUE,"ok",""
25,15,3,TRUE,8,-95.7968501721919,14,219.593700344384,267.419105975246,0.0798700865798189,FALSE,8.28492188453674,FALSE,"NO COVARIANCE","no_covariance;wrong_sign"
25,15,4,TRUE,8,-87.9629711346742,19,213.925942269348,278.831849911232,0.0799186995262745,FALSE,19.6515719890594,FALSE,"NO COVARIANCE","no_covariance;wrong_sign"
25,16,1,TRUE,1,-94.8643139736085,4,197.728627947217,211.393029556035,1,TRUE,0.450186014175415,TRUE,"ok",""
25,16,2,TRUE,8,-82.980315915278,9,183.960631830556,214.705535450396,0.274496409618224,FALSE,8.44099998474121,FALSE,"NO COVARIANCE","no_covariance"
25,16,3,TRUE,8,-77.1939719122488,14,182.387943824498,230.213349455359,0.191348641140362,TRUE,13.4549050331116,FALSE,"WRONG SIGN","wrong_sign"
25,16,4,TRUE,8,-68.047150207284,19,174.094300414568,239.000208056452,0.115704552119084,FALSE,15.2661890983582,FALSE,"NO COVARIANCE","no_covariance;wrong_sign"
25,17,1,TRUE,1,-102.386306267494,4,212.772612534989,226.437014143806,1,TRUE,0.296117067337036,TRUE,"ok",""
25,17,2,TRUE,8,-89.7120527038904,9,197.424105407781,228.169009027621,0.110161396508202,FALSE,4.8142409324646,FALSE,"NO COVARIANCE","no_covariance;wrong_sign"
25,17,3,TRUE,8,-74.5508790590994,14,177.101758118199,224.927163749061,0.249890967986698,FALSE,8.20796990394592,FALSE,"NO COVARIANCE","no_covariance;wrong_sign"
25,17,4,TRUE,8,-70.7093412602592,19,179.418682520518,244.324590162402,0.109505963188085,FALSE,17.8400900363922,FALSE,"NO COVARIANCE","no_covariance;wrong_sign"
25,18,1,TRUE,1,-105.076302515911,4,218.152605031822,231.81700664064,1,TRUE,0.407297849655151,TRUE,"ok",""
25,18,2,TRUE,8,-95.5203867624208,9,209.040773524842,239.785677144681,0.384918554854581,TRUE,6.175950050354,FALSE,"WRONG SIGN","wrong_sign"
25,18,3,TRUE,8,-79.8828833614726,14,187.765766722945,235.591172353807,0.239512230271563,FALSE,11.2098960876465,FALSE,"NO COVARIANCE","no_covariance;wrong_sign"
25,18,4,TRUE,8,-72.3550473264995,19,182.710094652999,247.616002294883,0.0953729086937868,FALSE,25.4336631298065,FALSE,"NO COVARIANCE","no_covariance;wrong_sign"
25,19,1,TRUE,1,-90.6249309570754,4,189.249861914151,202.914263522969,1,TRUE,0.395232915878296,TRUE,"ok",""
25,19,2,TRUE,8,-76.4710396466795,9,170.942079293359,201.686982913199,0.478129427108352,TRUE,5.36547613143921,FALSE,"WRONG SIGN","wrong_sign"
25,19,3,TRUE,8,-70.2395072202662,14,168.479014440532,216.304420071394,0.108888829910509,FALSE,10.7650210857391,FALSE,"NO COVARIANCE","no_covariance;wrong_sign"
25,19,4,TRUE,8,-65.6778257194231,19,169.355651438846,234.26155908073,0.0867071292520757,FALSE,15.9103300571442,FALSE,"NO COVARIANCE","no_covariance;wrong_sign"
25,20,1,TRUE,1,-102.556914264245,4,213.11382852849,226.778230137308,1,TRUE,0.330199003219604,TRUE,"ok",""
25,20,2,TRUE,8,-89.9229551766124,9,197.845910353225,228.590813973065,0.232781349002293,TRUE,4.55680394172668,FALSE,"WRONG SIGN","wrong_sign"
25,20,3,TRUE,8,-79.1427892360659,14,186.285578472132,234.110984102994,0.17741345866804,TRUE,8.31782412528992,FALSE,"WRONG SIGN","wrong_sign"
25,20,4,TRUE,8,-74.6795776260592,19,187.359155252118,252.265062894002,0.128625931700973,TRUE,12.9540221691132,FALSE,"WRONG SIGN","wrong_sign"
20,1,1,TRUE,1,-84.6519510875868,4,177.303902175174,190.075729578734,1,TRUE,0.237035036087036,FALSE,"WRONG SIGN","wrong_sign"
20,1,2,TRUE,8,-61.945407757385,9,141.89081551477,170.627427172782,0.385706024549063,TRUE,4.52683687210083,FALSE,"WRONG SIGN","wrong_sign"
20,1,3,TRUE,8,-52.1608796955897,14,132.321759391179,177.023155303642,0.18600538679305,FALSE,7.99401688575745,FALSE,"NO COVARIANCE","no_covariance;wrong_sign"
20,1,4,TRUE,8,-48.0006518076349,19,134.00130361527,194.667483782184,0.134383960533491,FALSE,18.1275229454041,FALSE,"NO COVARIANCE","no_covariance;wrong_sign"
20,2,1,TRUE,1,-89.0578488447584,4,186.115697689517,198.887525093078,1,TRUE,0.247092008590698,TRUE,"ok",""
20,2,2,TRUE,8,-73.0267567578973,9,164.053513515795,192.790125173806,0.377544222342541,TRUE,4.83333897590637,FALSE,"WRONG SIGN","wrong_sign"
20,2,3,TRUE,8,-60.8906390330113,14,149.781278066023,194.482673978485,0.265002714371163,FALSE,7.7136549949646,FALSE,"NO COVARIANCE","no_covariance;wrong_sign"
20,2,4,TRUE,8,-57.2627890129071,19,152.525578025814,213.191758192728,0.0993914067860674,FALSE,20.7497429847717,FALSE,"NO COVARIANCE","no_covariance;wrong_sign"
20,3,1,TRUE,1,-71.059651776931,4,150.119303553862,162.891130957423,1,TRUE,0.390741109848022,TRUE,"ok",""
20,3,2,TRUE,8,-58.8040577208543,9,135.608115441709,164.344727099721,0.437828274861983,TRUE,5.34456896781921,FALSE,"WRONG SIGN","wrong_sign"
20,3,3,TRUE,8,-51.2770324901122,14,130.554064980224,175.255460892687,0.174129865925376,TRUE,9.92281317710876,TRUE,"ok",""
20,3,4,TRUE,8,-48.6568838640397,19,135.313767728079,195.979947894993,0.223863391983837,FALSE,20.5352370738983,FALSE,"NO COVARIANCE","no_covariance"
20,4,1,TRUE,1,-62.7741554085921,4,133.548310817184,146.320138220745,1,TRUE,0.29003381729126,TRUE,"ok",""
20,4,2,TRUE,8,-48.9258058556599,9,115.85161171132,144.588223369332,0.370989340565795,FALSE,6.27038288116455,FALSE,"NO COVARIANCE","no_covariance"
20,4,3,TRUE,8,-43.4855194799304,14,114.971038959861,159.672434872324,0.315915037464237,FALSE,12.2559258937836,FALSE,"NO COVARIANCE","no_covariance"
20,4,4,TRUE,8,-41.9465932162967,19,121.893186432593,182.559366599507,0.218945450501882,FALSE,18.364287853241,FALSE,"NO COVARIANCE","no_covariance"
20,5,1,TRUE,1,-56.6207331158295,4,121.241466231659,134.01329363522,1,TRUE,0.40618109703064,TRUE,"ok",""
20,5,2,TRUE,8,-43.5346493974827,9,105.069298794965,133.805910452977,0.442834057125783,FALSE,6.07235503196716,FALSE,"NO COVARIANCE","no_covariance;wrong_sign"
20,5,3,TRUE,8,-38.9234806847043,14,105.846961369409,150.548357281872,0.133102752958747,FALSE,12.7033059597015,FALSE,"NO COVARIANCE","no_covariance;wrong_sign"
20,5,4,TRUE,8,-35.4072570219949,19,108.81451404399,169.480694210904,0.145057301328817,FALSE,21.5386009216309,FALSE,"NO COVARIANCE","no_covariance;wrong_sign"
20,6,1,TRUE,1,-72.5801197879408,4,153.160239575882,165.932066979442,1,TRUE,0.353453159332275,TRUE,"ok",""
20,6,2,TRUE,8,-57.0951394671188,9,132.190278934238,160.926890592249,0.161954921282374,TRUE,9.23017311096191,FALSE,"WRONG SIGN","wrong_sign"
20,6,3,TRUE,8,-40.4188246276378,14,108.837649255276,153.539045167738,0.199707959242783,FALSE,15.98361992836,FALSE,"NO COVARIANCE","no_covariance;wrong_sign"
20,6,4,TRUE,8,-31.4553327176491,19,100.910665435298,161.576845602212,0.113650070105161,FALSE,34.1384651660919,FALSE,"NO COVARIANCE","no_covariance;wrong_sign"
20,7,1,TRUE,1,-81.943986718317,4,171.887973436634,184.659800840195,1,TRUE,0.598328113555908,TRUE,"ok",""
20,7,2,TRUE,8,-73.6015594671113,9,165.203118934223,193.939730592235,0.378900394376358,TRUE,4.80223894119263,TRUE,"ok",""
20,7,3,TRUE,8,-69.4144592382269,14,166.828918476454,211.530314388917,0.256443516576605,TRUE,5.97933101654053,FALSE,"WRONG SIGN","wrong_sign"
20,7,4,TRUE,8,-66.1607836902752,19,170.32156738055,230.987747547464,0.181446668619158,FALSE,13.7891590595245,FALSE,"NO COVARIANCE","no_covariance;wrong_sign"
20,8,1,TRUE,1,-86.7802472029243,4,181.560494405849,194.332321809409,1,TRUE,0.224575996398926,TRUE,"ok",""
20,8,2,TRUE,8,-69.8565377862965,9,157.713075572593,186.449687230605,0.441574660198846,FALSE,6.3759229183197,FALSE,"NO COVARIANCE","no_covariance"
20,8,3,TRUE,8,-57.1147685082484,14,142.229537016497,186.93093292896,0.163683802507709,FALSE,7.8441789150238,FALSE,"NO COVARIANCE","no_covariance;wrong_sign"
20,8,4,TRUE,8,-56.0841967683137,19,150.168393536627,210.834573703541,0.156026888775429,FALSE,9.75360894203186,FALSE,"NO COVARIANCE","no_covariance;wrong_sign"
20,9,1,TRUE,1,-77.4666200308349,4,162.93324006167,175.705067465231,1,TRUE,0.240220785140991,TRUE,"ok",""
20,9,2,TRUE,8,-52.0169776111286,9,122.033955222257,150.770566880269,0.484689456305969,FALSE,5.43608808517456,FALSE,"NO COVARIANCE","no_covariance;wrong_sign"
20,9,3,TRUE,8,-48.8726498906811,14,125.745299781362,170.446695693825,0.26747633688072,FALSE,7.80023097991943,FALSE,"NO COVARIANCE","no_covariance;wrong_sign"
20,9,4,TRUE,8,-41.8709852330556,19,121.741970466111,182.408150633025,0.0499996341728483,FALSE,17.2590568065643,FALSE,"NO COVARIANCE","no_covariance;wrong_sign;degenerate_class"
20,10,1,TRUE,1,-82.1842984065377,4,172.368596813075,185.140424216636,1,TRUE,0.272933006286621,TRUE,"ok",""
20,10,2,TRUE,8,-71.1952087531735,9,160.390417506347,189.127029164359,0.382715453049745,TRUE,6.50921082496643,TRUE,"ok",""
20,10,3,TRUE,8,-60.5275446382213,14,149.055089276443,193.756485188906,0.163882555335033,FALSE,7.9441499710083,FALSE,"NO COVARIANCE","no_covariance"
20,10,4,TRUE,8,-54.334984394932,19,146.669968789864,207.336148956778,0.205442791556673,FALSE,12.0201289653778,FALSE,"NO COVARIANCE","no_covariance"
20,11,1,TRUE,1,-91.6413658424674,4,191.282731684935,204.054559088496,1,TRUE,0.193921089172363,FALSE,"WRONG SIGN","wrong_sign"
20,11,2,TRUE,8,-79.0516673865935,9,176.103334773187,204.839946431199,0.245358217950364,TRUE,3.92717599868774,FALSE,"WRONG SIGN","wrong_sign"
20,11,3,TRUE,8,-71.3552115410649,14,170.71042308213,215.411818994593,0.236465520778384,TRUE,6.40046715736389,FALSE,"WRONG SIGN","wrong_sign"
20,11,4,TRUE,8,-65.8848854795746,19,169.769770959149,230.435951126063,0.130460685032877,TRUE,15.7071800231934,FALSE,"WRONG SIGN","wrong_sign"
20,12,1,TRUE,1,-90.9207804261855,4,189.841560852371,202.613388255932,1,TRUE,0.267749071121216,TRUE,"ok",""
20,12,2,TRUE,8,-63.1654009143731,9,144.330801828746,173.067413486758,0.250086036995299,TRUE,4.13689708709717,TRUE,"ok",""
20,12,3,TRUE,7,-45.4695036169109,14,118.939007233822,163.640403146285,0.223923455567695,FALSE,6.55816102027893,FALSE,"NO COVARIANCE","no_covariance"
20,12,4,TRUE,8,-40.3258212420033,19,118.651642484007,179.317822650921,0.105647035778062,FALSE,12.8394889831543,FALSE,"NO COVARIANCE","no_covariance;wrong_sign"
20,13,1,TRUE,1,-90.8524652152204,4,189.704930430441,202.476757834002,1,TRUE,0.175302028656006,TRUE,"ok",""
20,13,2,TRUE,8,-78.3018380283414,9,174.603676056683,203.340287714695,0.284689621799672,FALSE,3.79201102256775,FALSE,"NO COVARIANCE","no_covariance;wrong_sign"
20,13,3,TRUE,8,-68.8881364392631,14,165.776272878526,210.477668790989,0.26955844734169,FALSE,7.66279292106628,FALSE,"NO COVARIANCE","no_covariance;wrong_sign"
20,13,4,TRUE,8,-62.3167519546601,19,162.63350390932,223.299684076234,0.0993068234636707,FALSE,12.7298049926758,FALSE,"NO COVARIANCE","no_covariance;wrong_sign"
20,14,1,TRUE,1,-91.2231162955737,4,190.446232591147,203.218059994708,1,TRUE,0.168332099914551,TRUE,"ok",""
20,14,2,TRUE,8,-78.5558689229727,9,175.111737845945,203.848349503957,0.471793110715316,TRUE,3.44497299194336,FALSE,"WRONG SIGN","wrong_sign"
20,14,3,TRUE,8,-67.4825536366992,14,162.965107273398,207.666503185861,0.151184258130736,FALSE,8.83920288085938,FALSE,"NO COVARIANCE","no_covariance;wrong_sign"
20,14,4,TRUE,8,-61.1469682315772,19,160.293936463154,220.960116630069,0.187545616236357,FALSE,16.38556599617,FALSE,"NO COVARIANCE","no_covariance"
20,15,1,TRUE,1,-90.2747485430989,4,188.549497086198,201.321324489759,1,TRUE,0.271223068237305,TRUE,"ok",""
20,15,2,TRUE,8,-80.3132501851024,9,178.626500370205,207.363112028217,0.258000337680571,TRUE,5.89636993408203,FALSE,"WRONG SIGN","wrong_sign"
20,15,3,TRUE,8,-72.7956787616125,14,173.591357523225,218.292753435688,0.0999298190675633,FALSE,12.5117039680481,FALSE,"NO COVARIANCE","no_covariance;wrong_sign"
20,15,4,TRUE,8,-60.5078432408533,19,159.015686481707,219.681866648621,0.0999601072389609,FALSE,17.0738370418549,FALSE,"NO COVARIANCE","no_covariance;wrong_sign"
20,16,1,TRUE,1,-67.9861204268346,4,143.972240853669,156.74406825723,1,TRUE,0.307083129882812,TRUE,"ok",""
20,16,2,TRUE,8,-63.8607404205763,9,145.721480841153,174.458092499165,0.223079898994554,TRUE,4.4227819442749,TRUE,"ok",""
20,16,3,TRUE,8,-54.739979611987,14,137.479959223974,182.181355136437,0.225420861834647,FALSE,11.8778369426727,FALSE,"NO COVARIANCE","no_covariance"
20,16,4,TRUE,8,-50.5824472909151,19,139.16489458183,199.831074748744,0.112636555754784,FALSE,17.3637328147888,FALSE,"NO COVARIANCE","no_covariance;wrong_sign"
20,17,1,TRUE,1,-83.3863560036947,4,174.772712007389,187.54453941095,1,TRUE,0.357632160186768,TRUE,"ok",""
20,17,2,TRUE,8,-65.9068796799315,9,149.813759359863,178.550371017875,0.488471413962301,FALSE,6.62685322761536,FALSE,"NO COVARIANCE","no_covariance"
20,17,3,TRUE,8,-60.7859346131768,14,149.571869226354,194.273265138816,0.195052676057292,TRUE,13.4118051528931,FALSE,"WRONG SIGN","wrong_sign"
20,17,4,TRUE,8,-50.7933288237307,19,139.586657647461,200.252837814375,0.0985345850039117,FALSE,24.6385560035706,FALSE,"NO COVARIANCE","no_covariance;wrong_sign"
20,18,1,TRUE,1,-77.4423011953976,4,162.884602390795,175.656429794356,1,TRUE,0.56239914894104,TRUE,"ok",""
20,18,2,TRUE,8,-62.0200167052446,9,142.040033410489,170.776645068501,0.408684857959531,TRUE,9.23804402351379,TRUE,"ok",""
20,18,3,TRUE,8,-57.2961526629425,14,142.592305325885,187.293701238348,0.0499423009126266,FALSE,8.64843392372131,FALSE,"NO COVARIANCE","no_covariance;wrong_sign;degenerate_class"
20,18,4,TRUE,8,-54.2057640163704,19,146.411528032741,207.077708199655,0.0499783989050772,FALSE,17.7002308368683,FALSE,"NO COVARIANCE","no_covariance;wrong_sign;degenerate_class"
20,19,1,TRUE,1,-69.7473587365653,4,147.494717473131,160.266544876691,1,TRUE,0.427826881408691,TRUE,"ok",""
20,19,2,TRUE,8,-55.7089733657705,9,129.417946731541,158.154558389553,0.389909728199852,TRUE,6.06944394111633,FALSE,"WRONG SIGN","wrong_sign"
20,19,3,TRUE,8,-53.6557138236173,14,135.311427647235,180.012823559698,0.0640212040544807,FALSE,10.6397280693054,FALSE,"NO COVARIANCE","no_covariance;wrong_sign"
20,19,4,TRUE,8,-52.8458268070528,19,143.691653614106,204.35783378102,0,FALSE,21.8379349708557,FALSE,"NO COVARIANCE","no_covariance;wrong_sign;degenerate_class"
20,20,1,TRUE,1,-84.425573122149,4,176.851146244298,189.622973647859,1,TRUE,0.299862861633301,TRUE,"ok",""
20,20,2,TRUE,8,-74.4557147966713,9,166.911429593343,195.648041251354,0.473245913543391,TRUE,5.72306489944458,FALSE,"WRONG SIGN","wrong_sign"
20,20,3,TRUE,8,-65.7997653960382,14,159.599530792076,204.300926704539,0.124149493136274,FALSE,9.11728882789612,FALSE,"NO COVARIANCE","no_covariance;wrong_sign"
20,20,4,TRUE,8,-62.0120155226123,19,162.024031045225,222.690211212139,0.121679309889322,FALSE,16.406555891037,FALSE,"NO COVARIANCE","no_covariance;wrong_sign"
15,1,1,TRUE,1,-60.7591669088594,4,129.518333817719,141.139432931473,1,TRUE,0.382009983062744,FALSE,"WRONG SIGN","wrong_sign"
15,1,2,TRUE,8,-44.6618773420411,9,107.323754684082,133.471227690028,0.453509280160343,TRUE,5.01463007926941,FALSE,"WRONG SIGN","wrong_sign"
15,1,3,TRUE,8,-33.7514713057317,14,95.5029426114633,136.176789509601,0.133143260521141,FALSE,9.77947402000427,FALSE,"NO COVARIANCE","no_covariance;wrong_sign"
15,1,4,TRUE,8,-27.4374779399889,19,92.8749558799778,148.075176670308,0.133316116136433,FALSE,18.3001899719238,FALSE,"NO COVARIANCE","no_covariance;wrong_sign"
15,2,1,TRUE,1,-61.2907792561282,4,130.581558512256,142.20265762601,1,TRUE,0.391241073608398,TRUE,"ok",""
15,2,2,TRUE,8,-50.3871020623237,9,118.774204124647,144.921677130593,0.415644301514464,TRUE,5.11869502067566,FALSE,"WRONG SIGN","wrong_sign"
15,2,3,TRUE,8,-42.3483357845812,14,112.696671569162,153.3705184673,0.133112297008396,FALSE,8.35057091712952,FALSE,"NO COVARIANCE","no_covariance;wrong_sign"
15,2,4,TRUE,8,-39.5899853801436,19,117.179970760287,172.380191550617,0.106889657430428,FALSE,19.0519549846649,FALSE,"NO COVARIANCE","no_covariance;wrong_sign"
15,3,1,TRUE,1,-46.535721558179,4,101.071443116358,112.692542230112,1,TRUE,0.248610973358154,TRUE,"ok",""
15,3,2,TRUE,8,-35.465355048611,9,88.930710097222,115.078183103168,0.348889671832754,TRUE,6.18254685401917,FALSE,"WRONG SIGN","wrong_sign"
15,3,3,TRUE,8,-30.6374922340669,14,89.2749844681338,129.948831366272,0.329897005641242,FALSE,12.1040451526642,FALSE,"NO COVARIANCE","no_covariance"
15,3,4,TRUE,8,-29.3738568506492,19,96.7477137012983,151.947934491629,0.161086814531669,FALSE,26.0705041885376,FALSE,"NO COVARIANCE","no_covariance"
15,4,1,TRUE,1,-49.2082099248808,4,106.416419849762,118.037518963515,1,TRUE,0.282299995422363,TRUE,"ok",""
15,4,2,TRUE,8,-38.8995636458692,9,95.7991272917385,121.946600297684,0.344657432205338,FALSE,7.01407980918884,FALSE,"NO COVARIANCE","no_covariance"
15,4,3,TRUE,8,-36.1519761894588,14,100.303952378918,140.977799277056,0.283876628001063,FALSE,11.8239340782166,FALSE,"NO COVARIANCE","no_covariance"
15,4,4,TRUE,8,-36.1519761727958,19,110.303952345592,165.504173135922,0,FALSE,21.4351558685303,FALSE,"NO COVARIANCE","no_covariance;wrong_sign;degenerate_class"
15,5,1,TRUE,1,-43.0962011940391,4,94.1924023880781,105.813501501832,1,TRUE,0.216113090515137,FALSE,"WRONG SIGN","wrong_sign"
15,5,2,TRUE,8,-33.416122284249,9,84.8322445684981,110.979717574444,0.479711363796113,FALSE,4.96392416954041,FALSE,"NO COVARIANCE","no_covariance;wrong_sign"
15,5,3,TRUE,8,-25.7836111862196,14,79.5672223724393,120.241069270577,0.221476900806339,FALSE,12.2836859226227,FALSE,"NO COVARIANCE","no_covariance"
15,5,4,TRUE,8,-25.4630281606097,19,88.9260563212193,144.126277111549,0.139378510612124,FALSE,25.7545230388641,FALSE,"NO COVARIANCE","no_covariance"
15,6,1,TRUE,1,-51.4953380443357,4,110.990676088671,122.611775202425,1,TRUE,0.257490873336792,TRUE,"ok",""
15,6,2,TRUE,8,-33.4155572967132,9,84.8311145934264,110.978587599372,0.418004623137397,FALSE,6.6606719493866,FALSE,"NO COVARIANCE","no_covariance"
15,6,3,TRUE,8,-14.881381761765,14,57.7627635235299,98.4366104216679,0.266666666654474,FALSE,10.4237499237061,FALSE,"NO COVARIANCE","no_covariance;wrong_sign"
15,6,4,TRUE,8,-14.8813817618064,19,67.7627635236128,122.962984313943,NA,FALSE,23.8064208030701,FALSE,"NO COVARIANCE","no_covariance;wrong_sign"
15,7,1,TRUE,1,-63.1380410884492,4,134.276082176898,145.897181290652,1,TRUE,0.255778074264526,TRUE,"ok",""
15,7,2,TRUE,8,-56.6197248972431,9,131.239449794486,157.386922800432,0.226033280770066,FALSE,4.75299000740051,FALSE,"NO COVARIANCE","no_covariance"
15,7,3,TRUE,8,-51.9489963542039,14,131.897992708408,172.571839606546,0.202530107562031,FALSE,10.4568660259247,FALSE,"NO COVARIANCE","no_covariance;wrong_sign"
15,7,4,TRUE,8,-49.2293991132201,19,136.45879822644,191.65901901677,0.115012553367411,FALSE,18.4213337898254,FALSE,"NO COVARIANCE","no_covariance;wrong_sign"
15,8,1,TRUE,1,-59.9115230774402,4,127.82304615488,139.444145268634,1,TRUE,0.356716156005859,TRUE,"ok",""
15,8,2,TRUE,8,-43.5070046537484,9,105.014009307497,131.161482313443,0.477523406190479,FALSE,5.81833600997925,FALSE,"NO COVARIANCE","no_covariance"
15,8,3,TRUE,8,-39.5970337854961,14,107.194067570992,147.86791446913,0.0664303447648501,FALSE,10.713748216629,FALSE,"NO COVARIANCE","no_covariance;wrong_sign"
15,8,4,TRUE,8,-36.3799496035902,19,110.75989920718,165.960119997511,0.0664851141869015,FALSE,17.9260270595551,FALSE,"NO COVARIANCE","no_covariance;wrong_sign"
15,9,1,TRUE,1,-54.0729788730598,4,116.14595774612,127.767056859873,1,TRUE,0.303561925888062,FALSE,"WRONG SIGN","wrong_sign"
15,9,2,TRUE,8,-39.1989497484035,9,96.397899496807,122.545372502753,0.425302263039548,TRUE,6.24429607391357,FALSE,"WRONG SIGN","wrong_sign"
15,9,3,TRUE,8,-33.1321990892954,14,94.2643981785908,134.938245076729,0.0823412640432303,TRUE,12.3230948448181,FALSE,"WRONG SIGN","wrong_sign"
15,9,4,TRUE,8,-28.0241202989365,19,94.0482405978729,149.248461388203,0.0757986728741407,FALSE,19.9121749401093,FALSE,"NO COVARIANCE","no_covariance;wrong_sign"
15,10,1,TRUE,1,-62.6076542758046,4,133.215308551609,144.836407665363,1,TRUE,0.285934925079346,TRUE,"ok",""
15,10,2,TRUE,8,-51.3069487440105,9,120.613897488021,146.761370493967,0.211360293412845,TRUE,5.01187992095947,TRUE,"ok",""
15,10,3,TRUE,8,-41.3318442476466,14,110.663688495293,151.337535393431,0.0666666657234919,FALSE,9.34332418441772,FALSE,"NO COVARIANCE","no_covariance;wrong_sign"
15,10,4,TRUE,8,-36.7372536473355,19,111.474507294671,166.674728085001,0.0666666667647279,FALSE,18.6052548885345,FALSE,"NO COVARIANCE","no_covariance;wrong_sign"
15,11,1,TRUE,1,-69.9876280983914,4,147.975256196783,159.596355310537,1,TRUE,0.322511911392212,FALSE,"WRONG SIGN","wrong_sign"
15,11,2,TRUE,8,-61.8153346773314,9,141.630669354663,167.778142360609,0.489715123563213,TRUE,4.94036817550659,FALSE,"WRONG SIGN","wrong_sign"
15,11,3,TRUE,8,-53.9921958531624,14,135.984391706325,176.658238604463,0.281073530002235,TRUE,9.36743998527527,FALSE,"WRONG SIGN","wrong_sign"
15,11,4,TRUE,8,-47.7738937350267,19,133.547787470053,188.748008260384,0.196839200193746,FALSE,17.0035028457642,FALSE,"NO COVARIANCE","no_covariance;wrong_sign"
15,12,1,TRUE,1,-61.5795640833039,4,131.159128166608,142.780227280361,1,TRUE,0.276288986206055,TRUE,"ok",""
15,12,2,TRUE,8,-47.0547725410674,9,112.109545082135,138.257018088081,0.430100104758245,TRUE,5.71284604072571,FALSE,"WRONG SIGN","wrong_sign"
15,12,3,TRUE,8,-37.1006381514734,14,102.201276302947,142.875123201085,0.141250556510156,FALSE,10.1662969589233,FALSE,"NO COVARIANCE","no_covariance"
15,12,4,TRUE,8,-32.1580827776992,19,102.316165555398,157.516386345729,0.0805124136490401,FALSE,20.8463780879974,FALSE,"NO COVARIANCE","no_covariance;wrong_sign"
15,13,1,TRUE,1,-71.4265356113639,4,150.853071222728,162.474170336482,1,TRUE,0.228700876235962,FALSE,"WRONG SIGN","wrong_sign"
15,13,2,TRUE,8,-60.7066744543147,9,139.413348908629,165.560821914575,0.376638817779206,FALSE,5.12688612937927,FALSE,"NO COVARIANCE","no_covariance;wrong_sign"
15,13,3,TRUE,8,-50.2997263648101,14,128.59945272962,169.273299627758,0.198560769723044,FALSE,8.5009388923645,FALSE,"NO COVARIANCE","no_covariance;wrong_sign"
15,13,4,TRUE,8,-45.202397605599,19,128.404795211198,183.605016001528,0.188983051782816,FALSE,16.8583030700684,FALSE,"NO COVARIANCE","no_covariance;wrong_sign"
15,14,1,TRUE,1,-68.6873908536071,4,145.374781707214,156.995880820968,1,TRUE,0.178477048873901,TRUE,"ok",""
15,14,2,TRUE,8,-58.0485916354319,9,134.097183270864,160.24465627681,0.359151072154305,TRUE,4.46395492553711,FALSE,"WRONG SIGN","wrong_sign"
15,14,3,TRUE,8,-49.8615124715771,14,127.723024943154,168.396871841292,0.206655934903675,FALSE,10.3052380084991,FALSE,"NO COVARIANCE","no_covariance;wrong_sign"
15,14,4,TRUE,8,-45.1439279477248,19,128.28785589545,183.48807668578,0.220226408768886,FALSE,17.5419580936432,FALSE,"NO COVARIANCE","no_covariance;wrong_sign"
15,15,1,TRUE,1,-55.4258793115429,4,118.851758623086,130.47285773684,1,TRUE,0.245687961578369,TRUE,"ok",""
15,15,2,TRUE,8,-47.3896132722422,9,112.779226544484,138.92669955043,0.347515091838376,FALSE,5.27221584320068,FALSE,"NO COVARIANCE","no_covariance"
15,15,3,TRUE,8,-43.7545114876528,14,115.509022975306,156.182869873444,0.206689370949253,FALSE,11.626081943512,FALSE,"NO COVARIANCE","no_covariance"
15,15,4,TRUE,8,-39.4255548727102,19,116.85110974542,172.051330535751,0.154162490080206,FALSE,20.238842010498,FALSE,"NO COVARIANCE","no_covariance"
15,16,1,TRUE,1,-50.8678445430791,4,109.735689086158,121.356788199912,1,TRUE,0.236994981765747,TRUE,"ok",""
15,16,2,TRUE,8,-44.8420878502471,9,107.684175700494,133.83164870644,0.197164121516217,FALSE,6.18564105033875,FALSE,"NO COVARIANCE","no_covariance;wrong_sign"
15,16,3,TRUE,8,-37.4758238746393,14,102.951647749279,143.625494647417,0.219141892360732,FALSE,10.2636048793793,FALSE,"NO COVARIANCE","no_covariance"
15,16,4,TRUE,8,-26.2445286188074,19,90.4890572376148,145.689278027945,0.150046491141285,FALSE,19.0231070518494,FALSE,"NO COVARIANCE","no_covariance;wrong_sign"
15,17,1,TRUE,1,-68.6881964305526,4,145.376392861105,156.997491974859,1,TRUE,0.28193211555481,TRUE,"ok",""
15,17,2,TRUE,8,-56.8736838107485,9,131.747367621497,157.894840627443,0.462128323204254,FALSE,5.87480211257935,FALSE,"NO COVARIANCE","no_covariance;wrong_sign"
15,17,3,TRUE,8,-45.2286328741072,14,118.457265748214,159.131112646352,0.248986042609554,FALSE,10.008278131485,FALSE,"NO COVARIANCE","no_covariance;wrong_sign"
15,17,4,TRUE,8,-41.0519272350351,19,120.10385447007,175.3040752604,0.138881860238737,FALSE,22.6845188140869,FALSE,"NO COVARIANCE","no_covariance;wrong_sign"
15,18,1,TRUE,1,-63.3601346911638,4,134.720269382328,146.341368496081,1,TRUE,0.28551721572876,TRUE,"ok",""
15,18,2,TRUE,8,-52.4529320875219,9,122.905864175044,149.05333718099,0.35475554494829,TRUE,6.64551401138306,TRUE,"ok",""
15,18,3,TRUE,8,-47.4868765212207,14,122.973753042441,163.647599940579,0.0666116119288986,FALSE,11.490611076355,FALSE,"NO COVARIANCE","no_covariance;wrong_sign"
15,18,4,TRUE,8,-45.1056945206389,19,128.211389041278,183.411609831608,0.0666448680545839,FALSE,16.2156269550323,FALSE,"NO COVARIANCE","no_covariance;wrong_sign"
15,19,1,TRUE,1,-51.1146270224817,4,110.229254044963,121.850353158717,1,TRUE,0.256306886672974,TRUE,"ok",""
15,19,2,TRUE,8,-41.9460863724178,9,101.892172744836,128.039645750781,0.48944642434643,TRUE,4.5610659122467,FALSE,"WRONG SIGN","wrong_sign"
15,19,3,TRUE,8,-39.719455486944,14,107.438910973888,148.112757872026,0.229212743983369,TRUE,11.0954129695892,FALSE,"WRONG SIGN","wrong_sign"
15,19,4,TRUE,8,-37.7014283537791,19,113.402856707558,168.603077497888,0.111871536638803,FALSE,21.5841989517212,FALSE,"NO COVARIANCE","no_covariance;wrong_sign"
15,20,1,TRUE,1,-66.7531906387208,4,141.506381277442,153.127480391195,1,TRUE,0.228561878204346,TRUE,"ok",""
15,20,2,TRUE,8,-55.3875377149293,9,128.775075429859,154.922548435804,0.133449962274002,TRUE,4.69124388694763,FALSE,"WRONG SIGN","wrong_sign"
15,20,3,TRUE,8,-49.831407575058,14,127.662815150116,168.336662048254,0.126578382959858,FALSE,8.10082292556763,FALSE,"NO COVARIANCE","no_covariance;wrong_sign"
15,20,4,TRUE,8,-42.426156935846,19,122.852313871692,178.052534662022,0.131297976971546,FALSE,18.6928579807281,FALSE,"NO COVARIANCE","no_covariance;wrong_sign"
12,1,1,TRUE,1,-47.360173267512,4,102.720346535024,113.448871443521,1,TRUE,0.327620983123779,FALSE,"WRONG SIGN","wrong_sign"
12,1,2,TRUE,8,-33.8258022799211,9,85.6516045598422,109.79078560396,0.266279958783569,TRUE,5.51145005226135,FALSE,"WRONG SIGN","wrong_sign"
12,1,3,TRUE,8,-20.3448849410384,14,68.6897698820769,106.239607061816,0.166563103415208,FALSE,12.2261819839478,FALSE,"NO COVARIANCE","no_covariance;wrong_sign"
12,1,4,TRUE,8,-16.0879885166691,19,70.1759770333382,121.136470348698,0.111114553209379,FALSE,17.7954800128937,FALSE,"NO COVARIANCE","no_covariance;wrong_sign"
12,2,1,TRUE,1,-46.2212096477982,4,100.442419295596,111.170944204093,1,TRUE,0.307846784591675,TRUE,"ok",""
12,2,2,TRUE,8,-34.3598782070608,9,86.7197564141215,110.858937458239,0.494265411248826,FALSE,4.76752805709839,FALSE,"NO COVARIANCE","no_covariance"
12,2,3,TRUE,8,-26.6179902283025,14,81.235980456605,118.785817636344,0.166665896502928,FALSE,11.166846036911,FALSE,"NO COVARIANCE","no_covariance;wrong_sign"
12,2,4,TRUE,8,-25.333425868093,19,88.6668517361861,139.627345051546,0.121825904794703,FALSE,22.6430010795593,FALSE,"NO COVARIANCE","no_covariance;wrong_sign"
12,3,1,TRUE,1,-37.9445487844189,4,83.8890975688379,94.6176224773347,1,TRUE,0.252072095870972,TRUE,"ok",""
12,3,2,TRUE,8,-29.3316308033526,9,76.6632616067052,100.802442650823,0.292781338271457,FALSE,5.41165709495544,FALSE,"NO COVARIANCE","no_covariance"
12,3,3,TRUE,8,-25.7237557515687,14,79.4475115031373,116.997348682876,0.28126554742352,FALSE,10.8899738788605,FALSE,"NO COVARIANCE","no_covariance"
12,3,4,TRUE,8,-24.8303945164836,19,87.6607890329672,138.621282348327,0.152142662823256,FALSE,21.7463660240173,FALSE,"NO COVARIANCE","no_covariance"
12,4,1,TRUE,1,-37.4908121016313,4,82.9816242032626,93.7101491117595,1,TRUE,0.250409841537476,TRUE,"ok",""
12,4,2,TRUE,8,-27.0209351650146,9,72.0418703300291,96.1810513741471,0.455859561840753,FALSE,5.77278709411621,FALSE,"NO COVARIANCE","no_covariance"
12,4,3,TRUE,8,-23.146567885142,14,74.293135770284,111.842972950023,0.187680856189548,FALSE,10.6406228542328,FALSE,"NO COVARIANCE","no_covariance"
12,4,4,TRUE,8,-23.1465678836336,19,84.2931357672672,135.253629082627,6.07422547906226e-281,FALSE,26.9540688991547,FALSE,"NO COVARIANCE","no_covariance;wrong_sign;degenerate_class"
12,5,1,TRUE,1,-33.9162197437905,4,75.8324394875811,86.5609643960779,1,TRUE,0.28569507598877,FALSE,"WRONG SIGN","wrong_sign"
12,5,2,TRUE,8,-23.2550709209257,9,64.5101418418515,88.6493228859694,0.310896045681152,FALSE,5.87598490715027,FALSE,"NO COVARIANCE","no_covariance"
12,5,3,TRUE,8,-18.9135230246234,14,65.8270460492469,103.376883228986,0.178451745310206,FALSE,12.9636418819427,FALSE,"NO COVARIANCE","no_covariance;wrong_sign"
12,5,4,TRUE,8,-19.0668646607016,19,76.1337293214031,127.094222636763,0.0858330118951312,FALSE,28.0770719051361,FALSE,"NO COVARIANCE","no_covariance;wrong_sign"
12,6,1,TRUE,1,-41.3533228606541,4,90.7066457213082,101.435170629805,1,TRUE,0.256946086883545,TRUE,"ok",""
12,6,2,TRUE,8,-26.1361254234897,9,70.2722508469795,94.4114318910975,0.329648994401823,FALSE,5.77727103233337,FALSE,"NO COVARIANCE","no_covariance"
12,6,3,TRUE,8,-11.5893886966214,14,51.1787773932428,88.7286145729819,0.16666666665948,FALSE,10.7054250240326,FALSE,"NO COVARIANCE","no_covariance;wrong_sign"
12,6,4,TRUE,8,-11.5893886957716,19,61.1787773915431,112.139270706903,6.9044067954047e-34,FALSE,23.9570088386536,FALSE,"NO COVARIANCE","no_covariance;wrong_sign;degenerate_class"
12,7,1,TRUE,1,-46.2014967617745,4,100.402993523549,111.131518432046,1,TRUE,0.261581897735596,TRUE,"ok",""
12,7,2,TRUE,8,-38.9483762464868,9,95.8967524929735,120.035933537092,0.308495309402681,TRUE,5.44510102272034,FALSE,"WRONG SIGN","wrong_sign"
12,7,3,TRUE,8,-31.9979685658047,14,91.9959371316094,129.545774311348,0.220411621937641,FALSE,8.32804417610168,FALSE,"NO COVARIANCE","no_covariance;wrong_sign"
12,7,4,TRUE,8,-29.3321320233365,19,96.664264046673,147.624757362033,0.162983489591921,FALSE,17.6322050094604,FALSE,"NO COVARIANCE","no_covariance;wrong_sign"
12,8,1,TRUE,1,-47.0885386939185,4,102.177077387837,112.905602296334,1,TRUE,0.299136161804199,TRUE,"ok",""
12,8,2,TRUE,8,-32.2960283198129,9,82.5920566396258,106.731237683744,0.421864207501099,FALSE,6.42522406578064,FALSE,"NO COVARIANCE","no_covariance"
12,8,3,TRUE,8,-26.5500351559769,14,81.1000703119538,118.649907491693,0.0833304951311998,FALSE,12.1779990196228,FALSE,"NO COVARIANCE","no_covariance;wrong_sign"
12,8,4,TRUE,8,-23.9947257831417,19,85.9894515662834,136.949944881644,0.0833333056452372,FALSE,20.7928287982941,FALSE,"NO COVARIANCE","no_covariance;wrong_sign"
12,9,1,TRUE,1,-45.9670169716395,4,99.9340339432791,110.662558851776,1,TRUE,0.277355194091797,FALSE,"WRONG SIGN","wrong_sign"
12,9,2,TRUE,8,-33.3338543133951,9,84.6677086267902,108.806889670908,0.469561580052469,TRUE,5.73394203186035,FALSE,"WRONG SIGN","wrong_sign"
12,9,3,TRUE,8,-25.0404449518099,14,78.0808899036198,115.630727083359,0.166669141377908,FALSE,9.27355694770813,FALSE,"NO COVARIANCE","no_covariance;wrong_sign"
12,9,4,TRUE,8,-21.6379049718614,19,81.2758099437228,132.236303259083,0.0967482199789447,FALSE,20.583792924881,FALSE,"NO COVARIANCE","no_covariance;wrong_sign"
12,10,1,TRUE,1,-51.9511041539053,4,111.902208307811,122.630733216307,1,TRUE,0.279247045516968,TRUE,"ok",""
12,10,2,TRUE,8,-40.6793417208872,9,99.3586834417744,123.497864485892,0.0833333303934988,FALSE,4.72021102905273,FALSE,"NO COVARIANCE","no_covariance;wrong_sign"
12,10,3,TRUE,8,-32.7678570922763,14,93.5357141845525,131.085551364292,0.0833333333464681,FALSE,9.06143879890442,FALSE,"NO COVARIANCE","no_covariance;wrong_sign"
12,10,4,TRUE,8,-25.19284272562,19,88.3856854512399,139.3461787666,0.0833333346814233,FALSE,22.9118947982788,FALSE,"NO COVARIANCE","no_covariance;wrong_sign"
12,11,1,TRUE,1,-55.161718386524,4,118.323436773048,129.051961681545,1,TRUE,0.262018918991089,FALSE,"WRONG SIGN","wrong_sign"
12,11,2,TRUE,8,-43.406113043571,9,104.812226087142,128.95140713126,0.426898481438428,TRUE,5.06965899467468,FALSE,"WRONG SIGN","wrong_sign"
12,11,3,TRUE,8,-39.3757276537705,14,106.751455307541,144.30129248728,0.16489429421819,FALSE,8.25100994110107,FALSE,"NO COVARIANCE","no_covariance;wrong_sign"
12,11,4,TRUE,8,-35.96700054363,19,109.93400108726,160.89449440262,0.158868777098264,FALSE,19.5879230499268,FALSE,"NO COVARIANCE","no_covariance;wrong_sign"
12,12,1,TRUE,1,-48.4130808970821,4,104.826161794164,115.554686702661,1,TRUE,0.209348917007446,TRUE,"ok",""
12,12,2,TRUE,8,-33.029603226927,9,84.059206453854,108.198387497972,0.326600982414593,FALSE,5.10351181030273,FALSE,"NO COVARIANCE","no_covariance;wrong_sign"
12,12,3,TRUE,8,-25.2827988994256,14,78.5655977988513,116.11543497859,0.0833324698491902,FALSE,10.8854460716248,FALSE,"NO COVARIANCE","no_covariance;wrong_sign"
12,12,4,TRUE,8,-21.0421137649087,19,80.0842275298174,131.044720845178,0.0950539166076772,FALSE,17.5811870098114,FALSE,"NO COVARIANCE","no_covariance;wrong_sign"
12,13,1,TRUE,1,-60.4494123372719,4,128.898824674544,139.627349583041,1,TRUE,0.214907169342041,FALSE,"WRONG SIGN","wrong_sign"
12,13,2,TRUE,8,-51.7006749892362,9,121.401349978472,145.54053102259,0.328435764777117,FALSE,4.83866906166077,FALSE,"NO COVARIANCE","no_covariance;wrong_sign"
12,13,3,TRUE,8,-42.1424623602919,14,112.284924720584,149.834761900323,0.251986556607839,FALSE,9.70802593231201,FALSE,"NO COVARIANCE","no_covariance;wrong_sign"
12,13,4,TRUE,8,-37.6632693115085,19,113.326538623017,164.287031938377,0.114870998242242,FALSE,16.3109979629517,FALSE,"NO COVARIANCE","no_covariance;wrong_sign"
12,14,1,TRUE,1,-57.026789185745,4,122.05357837149,132.782103279987,1,TRUE,0.280057907104492,TRUE,"ok",""
12,14,2,TRUE,8,-46.9629594885451,9,111.92591897709,136.065100021208,0.469286084113587,TRUE,4.82979393005371,TRUE,"ok",""
12,14,3,TRUE,8,-36.3330698928921,14,100.666139785784,138.215976965523,0.282662716886441,FALSE,11.9201219081879,FALSE,"NO COVARIANCE","no_covariance;wrong_sign"
12,14,4,TRUE,8,-34.7885090718664,19,107.577018143733,158.537511459093,0.199670391837833,FALSE,19.4455070495605,FALSE,"NO COVARIANCE","no_covariance;wrong_sign"
12,15,1,TRUE,1,-47.3253657696824,4,102.650731539365,113.379256447862,1,TRUE,0.260333776473999,TRUE,"ok",""
12,15,2,TRUE,8,-41.2388949528983,9,100.477789905797,124.616970949915,0.45826721624955,FALSE,5.76877498626709,FALSE,"NO COVARIANCE","no_covariance"
12,15,3,TRUE,8,-38.5215582778449,14,105.04311655569,142.592953735429,0.140820187876021,FALSE,15.124251127243,FALSE,"NO COVARIANCE","no_covariance"
12,15,4,TRUE,8,-33.311226353365,19,104.62245270673,155.58294602209,0.110561685210361,FALSE,20.6420331001282,FALSE,"NO COVARIANCE","no_covariance;wrong_sign"
12,16,1,TRUE,1,-39.6515273094528,4,87.3030546189056,98.0315795274025,1,TRUE,0.249872922897339,TRUE,"ok",""
12,16,2,TRUE,8,-30.6009253150378,9,79.2018506300756,103.341031674194,0.440854993101409,TRUE,5.33936905860901,TRUE,"ok",""
12,16,3,TRUE,8,-20.6469381909531,14,69.2938763819063,106.843713561645,0.194191428967971,FALSE,8.6861469745636,FALSE,"NO COVARIANCE","no_covariance"
12,16,4,TRUE,8,-18.8369892054065,19,75.673978410813,126.634471726173,0.191228057493871,FALSE,24.019446849823,FALSE,"NO COVARIANCE","no_covariance;wrong_sign"
12,17,1,TRUE,1,-43.7067460609598,4,95.4134921219196,106.142017030416,1,TRUE,0.229968070983887,TRUE,"ok",""
12,17,2,TRUE,8,-34.2988938060065,9,86.597787612013,110.736968656131,0.484877618256226,FALSE,6.66916108131409,FALSE,"NO COVARIANCE","no_covariance"
12,17,3,TRUE,8,-30.7684808043365,14,89.536961608673,127.086798788412,0.199295203213201,FALSE,10.3143148422241,FALSE,"NO COVARIANCE","no_covariance;wrong_sign"
12,17,4,TRUE,8,-30.4488103528783,19,98.8976207057567,149.858114021117,0.0989980850464276,FALSE,18.031977891922,FALSE,"NO COVARIANCE","no_covariance;wrong_sign"
12,18,1,TRUE,1,-51.5989503167247,4,111.197900633449,121.926425541946,1,TRUE,0.280035018920898,TRUE,"ok",""
12,18,2,TRUE,8,-48.1460364695345,9,114.292072939069,138.431253983187,0.353217846985114,TRUE,5.54316806793213,FALSE,"WRONG SIGN","wrong_sign"
12,18,3,TRUE,8,-43.5985531435103,14,115.197106287021,152.74694346676,0.0833281638905415,FALSE,9.33900904655457,FALSE,"NO COVARIANCE","no_covariance;wrong_sign"
12,18,4,TRUE,8,-41.1804426978921,19,120.360885395784,171.321378711144,0.0833028126763248,FALSE,16.087700843811,FALSE,"NO COVARIANCE","no_covariance;wrong_sign"
12,19,1,TRUE,1,-41.2997848654116,4,90.5995697308232,101.32809463932,1,TRUE,0.280550956726074,TRUE,"ok",""
12,19,2,TRUE,8,-32.1069136981106,9,82.2138273962211,106.353008440339,0.485556607848092,TRUE,4.69204807281494,FALSE,"WRONG SIGN","wrong_sign"
12,19,3,TRUE,8,-29.8496522352491,14,87.6993044704982,125.249141650237,0.0859687386901899,FALSE,11.9469308853149,FALSE,"NO COVARIANCE","no_covariance;wrong_sign"
12,19,4,TRUE,8,-29.6319133499262,19,97.2638266998525,148.224320015213,NA,FALSE,25.6001598834991,FALSE,"NO COVARIANCE","no_covariance;wrong_sign"
12,20,1,TRUE,1,-54.8376643713984,4,117.675328742797,128.403853651294,1,TRUE,0.285488128662109,TRUE,"ok",""
12,20,2,TRUE,8,-43.9199657772938,9,105.839931554588,129.979112598706,0.166914328363666,TRUE,6.11763405799866,FALSE,"WRONG SIGN","wrong_sign"
12,20,3,TRUE,8,-34.143350638833,14,96.2867012776659,133.836538457405,0.166546042509561,FALSE,9.74491786956787,FALSE,"NO COVARIANCE","no_covariance;wrong_sign"
12,20,4,TRUE,8,-28.3902698884065,19,94.780539776813,145.741033092173,0.166661217437035,FALSE,15.6735520362854,FALSE,"NO COVARIANCE","no_covariance;wrong_sign"
10,1,1,TRUE,1,-38.067557788648,4,84.135115577296,94.134354258617,1,TRUE,0.352077007293701,FALSE,"WRONG SIGN","wrong_sign"
10,1,2,TRUE,8,-27.6785126268915,9,73.357025253783,95.8553122867554,0.209312783247865,TRUE,5.21139407157898,FALSE,"WRONG SIGN","wrong_sign"
10,1,3,TRUE,8,-15.9415189183624,14,59.8830378367249,94.8803732213486,0.199986925769085,FALSE,10.5334508419037,FALSE,"NO COVARIANCE","no_covariance;wrong_sign"
10,1,4,TRUE,8,-10.3404255545457,19,58.6808511090914,106.177234845366,0.117904640288803,FALSE,22.2807459831238,FALSE,"NO COVARIANCE","no_covariance;wrong_sign"
10,2,1,TRUE,1,-39.5336569320076,4,87.0673138640152,97.0665525453362,1,TRUE,0.292704105377197,TRUE,"ok",""
10,2,2,TRUE,8,-30.5025752140715,9,79.005150428143,101.503437461115,0.308936974542719,FALSE,5.09985399246216,FALSE,"NO COVARIANCE","no_covariance;wrong_sign"
10,2,3,TRUE,8,-23.3003104962535,14,74.6006209925069,109.597956377131,0.19999687370469,FALSE,13.5221099853516,FALSE,"NO COVARIANCE","no_covariance;wrong_sign"
10,2,4,TRUE,8,-22.2615463596778,19,82.5230927193556,130.019476455631,0.199979737056026,FALSE,18.5911350250244,FALSE,"NO COVARIANCE","no_covariance;wrong_sign"
10,3,1,TRUE,1,-28.4726657052503,4,64.9453314105007,74.9445700918218,1,TRUE,0.25218391418457,FALSE,"WRONG SIGN","wrong_sign"
10,3,2,TRUE,8,-23.3589738296345,9,64.7179476592689,87.2162346922413,0.345835295188453,FALSE,6.29989314079285,FALSE,"NO COVARIANCE","no_covariance"
10,3,3,TRUE,8,-21.8345662516604,14,71.6691325033209,106.666467887945,0.234532285626875,FALSE,12.8083219528198,FALSE,"NO COVARIANCE","no_covariance"
10,3,4,TRUE,8,-20.5962965583882,19,79.1925931167765,126.688976853051,2.49538709469492e-17,FALSE,25.7730979919434,FALSE,"NO COVARIANCE","no_covariance;wrong_sign;degenerate_class"
10,4,1,TRUE,1,-28.2085455216536,4,64.4170910433073,74.4163297246284,1,TRUE,0.381175994873047,TRUE,"ok",""
10,4,2,TRUE,8,-19.9343204174304,9,57.8686408348608,80.3669278678331,0.442545723131175,FALSE,6.75167918205261,FALSE,"NO COVARIANCE","no_covariance;wrong_sign"
10,4,3,TRUE,8,-15.8518616362538,14,59.7037232725076,94.7010586571313,0.10127890391728,FALSE,13.0221889019012,FALSE,"NO COVARIANCE","no_covariance;wrong_sign"
10,4,4,TRUE,8,-15.8518616362516,19,69.7037232725032,117.200107008778,5.04897087910729e-14,FALSE,30.7138059139252,FALSE,"NO COVARIANCE","no_covariance;wrong_sign;degenerate_class"
10,5,1,TRUE,1,-26.5591366624074,4,61.1182733248148,71.1175120061359,1,TRUE,0.278980016708374,TRUE,"ok",""
10,5,2,TRUE,8,-14.9218441761374,9,47.8436883522748,70.3419753852472,0.227205770972565,FALSE,6.17766189575195,FALSE,"NO COVARIANCE","no_covariance;wrong_sign"
10,5,3,TRUE,8,-11.782357218955,14,51.5647144379101,86.5620498225338,0.100136837235413,FALSE,12.8995530605316,FALSE,"NO COVARIANCE","no_covariance;wrong_sign"
10,5,4,TRUE,8,-11.6518678111598,19,61.3037356223197,108.800119358595,0.100107181413663,FALSE,28.0306639671326,FALSE,"NO COVARIANCE","no_covariance;wrong_sign"
10,6,1,TRUE,1,-36.8324373973522,4,81.6648747947043,91.6641134760254,1,TRUE,0.281080961227417,TRUE,"ok",""
10,6,2,TRUE,8,-20.3721272818723,9,58.7442545637445,81.2425415967169,0.497935370521284,FALSE,5.40957498550415,FALSE,"NO COVARIANCE","no_covariance"
10,6,3,TRUE,8,-10.2965301415078,14,48.5930602830155,83.5903956676392,0.199999999989419,FALSE,10.6399109363556,FALSE,"NO COVARIANCE","no_covariance;wrong_sign"
10,6,4,TRUE,8,-10.2965301414189,19,58.5930602828379,106.089444019113,0,FALSE,20.1336431503296,FALSE,"NO COVARIANCE","no_covariance;wrong_sign;degenerate_class"
10,7,1,TRUE,1,-39.8982625007738,4,87.7965250015477,97.7957636828687,1,TRUE,0.289171934127808,TRUE,"ok",""
10,7,2,TRUE,8,-31.8695157823601,9,81.7390315647202,104.237318597693,0.382350002815127,TRUE,5.61358308792114,FALSE,"WRONG SIGN","wrong_sign"
10,7,3,TRUE,8,-24.5449608202596,14,77.0899216405192,112.087257025143,0.273727332887,FALSE,11.072536945343,FALSE,"NO COVARIANCE","no_covariance;wrong_sign"
10,7,4,TRUE,8,-19.9697713728276,19,77.9395427456553,125.43592648193,0.169890304054668,FALSE,18.2805941104889,FALSE,"NO COVARIANCE","no_covariance;wrong_sign"
10,8,1,TRUE,1,-32.3997344825265,4,72.7994689650531,82.7987076463741,1,TRUE,0.226879835128784,TRUE,"ok",""
10,8,2,TRUE,8,-22.0776429414976,9,62.1552858829953,84.6535729159676,0.422991743879702,FALSE,6.44964194297791,FALSE,"NO COVARIANCE","no_covariance"
10,8,3,TRUE,8,-17.8159775955065,14,63.6319551910131,98.6292905756368,0.0999973176075688,FALSE,12.5688240528107,FALSE,"NO COVARIANCE","no_covariance;wrong_sign"
10,8,4,TRUE,8,-13.9428036888927,19,65.8856073777853,113.38199111406,0.0999994689903568,FALSE,27.6369910240173,FALSE,"NO COVARIANCE","no_covariance;wrong_sign"
10,9,1,TRUE,1,-31.2084331941704,4,70.4168663883407,80.4161050696618,1,TRUE,0.516351938247681,FALSE,"WRONG SIGN","wrong_sign"
10,9,2,TRUE,8,-24.0875818645438,9,66.1751637290876,88.67345076206,0.200079279456927,FALSE,5.997967004776,FALSE,"NO COVARIANCE","no_covariance;wrong_sign"
10,9,3,TRUE,8,-19.7346597377783,14,67.4693194755565,102.46665486018,0.200044668048793,FALSE,13.7664070129395,FALSE,"NO COVARIANCE","no_covariance;wrong_sign"
10,9,4,TRUE,8,-18.277839730792,19,74.5556794615841,122.052063197859,0.116148117743692,FALSE,23.395632982254,FALSE,"NO COVARIANCE","no_covariance;wrong_sign"
10,10,1,TRUE,1,-43.7109781897024,4,95.4219563794048,105.421195060726,1,TRUE,0.174805164337158,TRUE,"ok",""
10,10,2,TRUE,8,-33.0331836920797,9,84.0663673841594,106.564654417132,0.0999999948518982,FALSE,3.391930103302,FALSE,"NO COVARIANCE","no_covariance;wrong_sign"
10,10,3,TRUE,8,-25.3795475290277,14,78.7590950580553,113.756430442679,0.212719440154904,FALSE,7.3294529914856,FALSE,"NO COVARIANCE","no_covariance;wrong_sign"
10,10,4,TRUE,8,-16.2464014239784,19,70.4928028479568,117.989186584232,0.0999999999427526,FALSE,17.6220469474792,FALSE,"NO COVARIANCE","no_covariance;wrong_sign"
10,11,1,TRUE,1,-42.1721355798175,4,92.3442711596351,102.343509840956,1,TRUE,0.354417085647583,FALSE,"WRONG SIGN","wrong_sign"
10,11,2,TRUE,8,-34.6230474992899,9,87.2460949985797,109.744382031552,0.287752797666571,FALSE,5.7935311794281,FALSE,"NO COVARIANCE","no_covariance;wrong_sign"
10,11,3,TRUE,8,-32.380453637239,14,92.760907274478,127.758242659102,0.188027182921534,FALSE,13.3216938972473,FALSE,"NO COVARIANCE","no_covariance;wrong_sign"
10,11,4,TRUE,8,-32.1796290402978,19,102.359258080596,149.855641816871,0.186468860020132,FALSE,32.7564601898193,FALSE,"NO COVARIANCE","no_covariance;wrong_sign"
10,12,1,TRUE,1,-33.5336071758349,4,75.0672143516697,85.0664530329908,1,TRUE,0.293605089187622,FALSE,"WRONG SIGN","wrong_sign"
10,12,2,TRUE,8,-20.5618572581873,9,59.1237145163746,81.6220015493469,0.234820296920051,FALSE,6.30479192733765,FALSE,"NO COVARIANCE","no_covariance;wrong_sign"
10,12,3,TRUE,8,-16.3701128299708,14,60.7402256599416,95.7375610445653,0.213033451365337,FALSE,15.0511648654938,FALSE,"NO COVARIANCE","no_covariance;wrong_sign"
10,12,4,TRUE,8,-16.3701128279498,19,70.7402256558996,118.236609392175,8.96991555618971e-10,FALSE,21.9779298305511,FALSE,"NO COVARIANCE","no_covariance;wrong_sign;degenerate_class"
10,13,1,TRUE,1,-47.3956721742655,4,102.791344348531,112.790583029852,1,TRUE,0.245055913925171,FALSE,"WRONG SIGN","wrong_sign"
10,13,2,TRUE,8,-37.895247208324,9,93.790494416648,116.28878144962,0.39662981858161,FALSE,5.49439597129822,FALSE,"NO COVARIANCE","no_covariance;wrong_sign"
10,13,3,TRUE,8,-32.5955621339989,14,93.1911242679978,128.188459652621,0.289614390038233,FALSE,12.0035219192505,FALSE,"NO COVARIANCE","no_covariance;wrong_sign"
10,13,4,TRUE,8,-26.0153423041528,19,90.0306846083055,137.527068344581,0.137786922783007,FALSE,23.3198490142822,FALSE,"NO COVARIANCE","no_covariance;wrong_sign"
10,14,1,TRUE,1,-44.2542968878932,4,96.5085937757864,106.507832457107,1,TRUE,0.212210893630981,TRUE,"ok",""
10,14,2,TRUE,8,-32.6408976227484,9,83.2817952454967,105.780082278469,0.461007315373673,FALSE,4.77396082878113,FALSE,"NO COVARIANCE","no_covariance;wrong_sign"
10,14,3,TRUE,8,-26.8365262379349,14,81.6730524758697,116.670387860493,0.26983267859313,FALSE,10.7973599433899,FALSE,"NO COVARIANCE","no_covariance;wrong_sign"
10,14,4,TRUE,8,-24.1967823933589,19,86.3935647867178,133.889948522993,0.124663903699003,FALSE,26.5037410259247,FALSE,"NO COVARIANCE","no_covariance;wrong_sign"
10,15,1,TRUE,1,-39.7474435007277,4,87.4948870014555,97.4941256827765,1,TRUE,0.301290988922119,TRUE,"ok",""
10,15,2,TRUE,8,-33.2515494947827,9,84.5030989895654,107.001386022538,0.234958834451489,FALSE,6.24007201194763,FALSE,"NO COVARIANCE","no_covariance;wrong_sign"
10,15,3,TRUE,8,-30.4372781095751,14,88.8745562191503,123.871891603774,0.156118201454149,FALSE,11.6710870265961,FALSE,"NO COVARIANCE","no_covariance;wrong_sign"
10,15,4,TRUE,8,-26.0582707290193,19,90.1165414580386,137.612925194314,0.137573706130554,FALSE,23.3268351554871,FALSE,"NO COVARIANCE","no_covariance;wrong_sign"
10,16,1,TRUE,1,-35.2488986332226,4,78.4977972664453,88.4970359477663,1,TRUE,0.307298898696899,TRUE,"ok",""
10,16,2,TRUE,8,-26.9795592987277,9,71.9591185974553,94.4574056304277,0.482902523418578,FALSE,5.96154308319092,FALSE,"NO COVARIANCE","no_covariance"
10,16,3,TRUE,8,-16.0263211555203,14,60.0526423110406,95.0499776956643,0.239837812965694,FALSE,12.3282220363617,FALSE,"NO COVARIANCE","no_covariance"
10,16,4,TRUE,8,-15.0564615897138,19,68.1129231794275,115.609306915703,0.145234456173948,FALSE,24.8873770236969,FALSE,"NO COVARIANCE","no_covariance;wrong_sign"
10,17,1,TRUE,1,-32.5315377021989,4,73.0630754043977,83.0623140857188,1,TRUE,0.212347030639648,TRUE,"ok",""
10,17,2,TRUE,8,-22.5440467334759,9,63.0880934669518,85.5863804999242,0.408350723509943,FALSE,5.72939395904541,FALSE,"NO COVARIANCE","no_covariance"
10,17,3,TRUE,8,-18.3832305871906,14,64.7664611743813,99.763796559005,0.140725903999789,FALSE,14.3254940509796,FALSE,"NO COVARIANCE","no_covariance;wrong_sign"
10,17,4,TRUE,8,-19.8243041160132,19,77.6486082320263,125.144991968301,NA,FALSE,25.4279718399048,FALSE,"NO COVARIANCE","no_covariance;wrong_sign;degenerate_class"
10,18,1,TRUE,1,-45.8500257446063,4,99.7000514892127,109.699290170534,1,TRUE,0.312041997909546,TRUE,"ok",""
10,18,2,TRUE,8,-41.0671282732462,9,100.134256546492,122.632543579465,0.0998747019267342,FALSE,5.06650614738464,FALSE,"NO COVARIANCE","no_covariance;wrong_sign"
10,18,3,TRUE,8,-38.910601129372,14,105.821202258744,140.818537643368,0.0962789970404047,FALSE,10.3659789562225,FALSE,"NO COVARIANCE","no_covariance;wrong_sign"
10,18,4,TRUE,8,-38.3479767104878,19,114.695953420976,162.192337157251,0.0937998150458666,FALSE,17.2533540725708,FALSE,"NO COVARIANCE","no_covariance;wrong_sign"
10,19,1,TRUE,1,-35.505238960653,4,79.010477921306,89.0097166026271,1,TRUE,0.279953002929688,TRUE,"ok",""
10,19,2,TRUE,8,-26.725081462369,9,71.450162924738,93.9484499577104,0.487159165114111,TRUE,4.92888998985291,FALSE,"WRONG SIGN","wrong_sign"
10,19,3,TRUE,8,-24.2787181791317,14,76.5574363582633,111.554771742887,0.0998057780394798,FALSE,12.9538369178772,FALSE,"NO COVARIANCE","no_covariance;wrong_sign"
10,19,4,TRUE,8,-23.7608236888731,19,85.5216473777463,133.018031114021,0.099760768437427,FALSE,29.185348033905,FALSE,"NO COVARIANCE","no_covariance;wrong_sign"
10,20,1,TRUE,1,-44.3180708711745,4,96.6361417423491,106.63538042367,1,TRUE,0.304843902587891,TRUE,"ok",""
10,20,2,TRUE,8,-30.0938038714719,9,78.1876077429438,100.685894775916,0.29936424209315,TRUE,9.21543097496033,FALSE,"WRONG SIGN","wrong_sign"
10,20,3,TRUE,8,-24.4331174876015,14,76.866234975203,111.863570359827,0.200082886633956,FALSE,14.7819349765778,FALSE,"NO COVARIANCE","no_covariance;wrong_sign"
10,20,4,TRUE,8,-21.9584414607265,19,81.9168829214531,129.413266657728,0.0999913501341094,FALSE,24.4246120452881,FALSE,"NO COVARIANCE","no_covariance;wrong_sign"
8,1,1,TRUE,1,-33.6684703492067,4,75.3369406984134,84.4436051744777,1,TRUE,0.268990993499756,FALSE,"WRONG SIGN","wrong_sign"
8,1,2,TRUE,8,-21.5217059347322,9,61.0434118694644,81.5334069406089,0.372970783471243,FALSE,5.28587198257446,FALSE,"NO COVARIANCE","no_covariance;wrong_sign"
8,1,3,TRUE,8,-14.7440783904536,14,57.4881567809072,89.3614824471319,0.249983744995222,FALSE,11.3779888153076,FALSE,"NO COVARIANCE","no_covariance;wrong_sign"
8,1,4,TRUE,8,-9.18081238475717,19,56.3616247695143,99.6182810308194,0.158493649046561,FALSE,22.2710208892822,FALSE,"NO COVARIANCE","no_covariance;wrong_sign"
8,2,1,TRUE,1,-30.7619313025851,4,69.5238626051702,78.6305270812344,1,TRUE,0.393579006195068,TRUE,"ok",""
8,2,2,TRUE,8,-25.3912432090709,9,68.7824864181418,89.2724814892863,0.48888209107678,FALSE,5.32257890701294,FALSE,"NO COVARIANCE","no_covariance"
8,2,3,TRUE,8,-21.4436902043372,14,70.8873804086744,102.760706074899,0.20790898684537,FALSE,11.9056930541992,FALSE,"NO COVARIANCE","no_covariance;wrong_sign"
8,2,4,TRUE,8,-16.6847570280523,19,71.3695140561046,114.62617031741,0.125013798841987,FALSE,22.5101249217987,FALSE,"NO COVARIANCE","no_covariance;wrong_sign"
8,3,1,TRUE,1,-22.6413583993217,4,53.2827167986434,62.3893812747076,1,TRUE,0.330690860748291,FALSE,"WRONG SIGN","wrong_sign"
8,3,2,TRUE,8,-16.8478140567887,9,51.6956281135773,72.1856231847218,0.317903772905365,FALSE,6.24358892440796,FALSE,"NO COVARIANCE","no_covariance;wrong_sign"
8,3,3,TRUE,8,-12.4497940232888,14,52.8995880465776,84.7729137128024,0.124998528593413,FALSE,16.1218290328979,FALSE,"NO COVARIANCE","no_covariance;wrong_sign"
8,3,4,TRUE,8,-12.1837042612671,19,62.3674085225341,105.624064783839,0.124999868856171,FALSE,25.1145780086517,FALSE,"NO COVARIANCE","no_covariance;wrong_sign"
8,4,1,TRUE,1,-21.6436579417257,4,51.2873158834514,60.3939803595156,1,TRUE,0.288064002990723,TRUE,"ok",""
8,4,2,TRUE,8,-12.5378341823303,9,43.0756683646606,63.5656634358051,0.274062381955626,FALSE,7.37300801277161,FALSE,"NO COVARIANCE","no_covariance"
8,4,3,TRUE,8,-12.4058532190499,14,52.8117064380999,84.6850321043247,0.126181844843019,FALSE,17.9052340984344,FALSE,"NO COVARIANCE","no_covariance;wrong_sign"
8,4,4,TRUE,8,-12.9983454163066,19,63.9966908326132,107.253347093918,1.39946128899716e-05,FALSE,30.0172340869904,FALSE,"NO COVARIANCE","no_covariance;wrong_sign;degenerate_class"
8,5,1,TRUE,1,-21.8978201541007,4,51.7956403082014,60.9023047842656,1,TRUE,0.260065078735352,TRUE,"ok",""
8,5,2,TRUE,8,-11.5210842557027,9,41.0421685114054,61.5321635825499,0.265096504385302,FALSE,6.6316659450531,FALSE,"NO COVARIANCE","no_covariance;wrong_sign"
8,5,3,TRUE,8,-9.50369027506239,14,47.0073805501248,78.8807062163496,0.125173016518049,FALSE,20.2382850646973,FALSE,"NO COVARIANCE","no_covariance;wrong_sign"
8,5,4,TRUE,8,-9.50369027565753,19,57.0073805513151,100.26403681262,5.60680416749324e-34,FALSE,23.8993599414825,FALSE,"NO COVARIANCE","no_covariance;wrong_sign;degenerate_class"
8,6,1,TRUE,1,-29.948641612755,4,67.8972832255099,77.0039477015741,1,TRUE,0.275675058364868,TRUE,"ok",""
8,6,2,TRUE,8,-22.4053557183298,9,62.8107114366596,83.3007065078041,0.466820206922604,FALSE,5.33409810066223,FALSE,"NO COVARIANCE","no_covariance"
8,6,3,TRUE,8,-8.65756424104522,14,45.3151284820904,77.1884541483152,0.249999999985965,FALSE,12.8505079746246,FALSE,"NO COVARIANCE","no_covariance;wrong_sign"
8,6,4,TRUE,8,-8.65756424174563,19,55.3151284834913,98.5717847447963,0,FALSE,16.2700531482697,FALSE,"NO COVARIANCE","no_covariance;wrong_sign;degenerate_class"
8,7,1,TRUE,1,-31.5935418964711,4,71.1870837929422,80.2937482690065,1,TRUE,0.314184904098511,TRUE,"ok",""
8,7,2,TRUE,8,-26.8230113457536,9,71.6460226915072,92.1360177626517,0.291666571968494,FALSE,5.05211997032166,FALSE,"NO COVARIANCE","no_covariance"
8,7,3,TRUE,8,-15.7234323068646,14,59.4468646137292,91.320190279954,0.254832561813473,FALSE,11.9244790077209,FALSE,"NO COVARIANCE","no_covariance;wrong_sign"
8,7,4,TRUE,8,-15.7234323057595,19,69.4468646115189,112.703520872824,NA,FALSE,23.0099499225616,FALSE,"NO COVARIANCE","no_covariance;wrong_sign;degenerate_class"
8,8,1,TRUE,1,-22.1856542983724,4,52.3713085967447,61.477973072809,1,TRUE,0.230984926223755,TRUE,"ok",""
8,8,2,TRUE,8,-17.2135612146427,9,52.4271224292854,72.9171175004299,0.396448150126808,FALSE,5.0309112071991,FALSE,"NO COVARIANCE","no_covariance"
8,8,3,TRUE,8,-10.9878619226313,14,49.9757238452626,81.8490495114873,0.124999896963586,FALSE,11.1769161224365,FALSE,"NO COVARIANCE","no_covariance;wrong_sign"
8,8,4,TRUE,8,-10.9878619226237,19,59.9757238452475,103.232380106553,3.65583999302359e-15,FALSE,18.3878509998322,FALSE,"NO COVARIANCE","no_covariance;wrong_sign;degenerate_class"
8,9,1,TRUE,1,-26.2634085946742,4,60.5268171893483,69.6334816654125,1,TRUE,0.299030065536499,FALSE,"WRONG SIGN","wrong_sign"
8,9,2,TRUE,8,-18.6430689641555,9,55.286137928311,75.7761329994555,0.250075872171997,FALSE,4.92029714584351,FALSE,"NO COVARIANCE","no_covariance;wrong_sign"
8,9,3,TRUE,8,-17.2281011337604,14,62.4562022675207,94.3295279337455,0.250055089492668,FALSE,14.9642879962921,FALSE,"NO COVARIANCE","no_covariance;wrong_sign"
8,9,4,TRUE,8,-16.871744630518,19,71.743489261036,115.000145522341,0.154165623497033,FALSE,26.0266230106354,FALSE,"NO COVARIANCE","no_covariance;wrong_sign"
8,10,1,TRUE,1,-36.387756531185,4,80.77551306237,89.8821775384342,1,TRUE,0.189549922943115,TRUE,"ok",""
8,10,2,TRUE,8,-27.1355970310768,9,72.2711940621536,92.7611891332981,0.259222310438824,FALSE,4.53395295143127,FALSE,"NO COVARIANCE","no_covariance"
8,10,3,TRUE,8,-20.8778643695063,14,69.7557287390126,101.629054405237,0.124999997964214,FALSE,10.7991740703583,FALSE,"NO COVARIANCE","no_covariance;wrong_sign"
8,10,4,TRUE,8,-14.3662189115469,19,66.7324378230938,109.989094084399,0.125000000902256,FALSE,19.2805140018463,FALSE,"NO COVARIANCE","no_covariance;wrong_sign"
8,11,1,TRUE,1,-35.4645288031358,4,78.9290576062716,88.0357220823359,1,TRUE,0.235773086547852,FALSE,"WRONG SIGN","wrong_sign"
8,11,2,TRUE,8,-29.7002131515676,9,77.4004263031351,97.8904213742796,0.247680039178349,FALSE,6.2817759513855,FALSE,"NO COVARIANCE","no_covariance;wrong_sign"
8,11,3,TRUE,8,-24.8179407291698,14,77.6358814583397,109.509207124564,0.248498151812834,FALSE,12.9059410095215,FALSE,"NO COVARIANCE","no_covariance;wrong_sign"
8,11,4,TRUE,8,-26.1256047609981,19,90.2512095219962,133.507865783301,0.160587327953362,FALSE,20.1046590805054,FALSE,"NO COVARIANCE","no_covariance;wrong_sign"
8,12,1,TRUE,1,-26.6035526961721,4,61.2071053923443,70.3137698684085,1,TRUE,0.280615091323853,FALSE,"WRONG SIGN","wrong_sign"
8,12,2,TRUE,8,-18.0190271648048,9,54.0380543296096,74.5280494007541,0.409010561314093,FALSE,6.13094091415405,FALSE,"NO COVARIANCE","no_covariance;wrong_sign"
8,12,3,TRUE,8,-15.430591338433,14,58.861182676866,90.7345083430908,0.278056134512051,FALSE,12.6665902137756,FALSE,"NO COVARIANCE","no_covariance;wrong_sign"
8,12,4,TRUE,8,-15.0572886014453,19,68.1145772028905,111.371233464196,0.140334180529368,FALSE,20.8497278690338,FALSE,"NO COVARIANCE","no_covariance;wrong_sign"
8,13,1,TRUE,1,-30.5600933681474,4,69.1201867362947,78.226851212359,1,TRUE,0.292401075363159,FALSE,"WRONG SIGN","wrong_sign"
8,13,2,TRUE,8,-22.4578210576873,9,62.9156421153746,83.4056371865191,0.49387860346919,FALSE,5.95293998718262,FALSE,"NO COVARIANCE","no_covariance;wrong_sign"
8,13,3,TRUE,8,-18.6466743036705,14,65.293348607341,97.1666742735657,0.18298157151541,FALSE,9.45112490653992,FALSE,"NO COVARIANCE","no_covariance;wrong_sign"
8,13,4,TRUE,8,-17.6210331290288,19,73.2420662580576,116.498722519363,0.161016571058552,FALSE,23.4521908760071,FALSE,"NO COVARIANCE","no_covariance;wrong_sign"
8,14,1,TRUE,1,-35.5818067746219,4,79.1636135492438,88.270278025308,1,TRUE,0.24648118019104,TRUE,"ok",""
8,14,2,TRUE,8,-24.2050997324247,9,66.4101994648495,86.900194535994,0.475177275821769,FALSE,5.95714902877808,FALSE,"NO COVARIANCE","no_covariance"
8,14,3,TRUE,8,-22.4728731374,14,72.9457462748,104.819071941025,0.198603359555721,FALSE,9.48799085617065,FALSE,"NO COVARIANCE","no_covariance;wrong_sign"
8,14,4,TRUE,8,-20.5389779663684,19,79.0779559327368,122.334612194042,0.165071290992108,FALSE,22.9762790203094,FALSE,"NO COVARIANCE","no_covariance;wrong_sign"
8,15,1,TRUE,1,-26.0604044144489,4,60.1208088288978,69.227473304962,1,TRUE,0.333055019378662,TRUE,"ok",""
8,15,2,TRUE,8,-20.5192235564732,9,59.0384471129465,79.528442184091,0.396667550213474,FALSE,8.06016397476196,FALSE,"NO COVARIANCE","no_covariance"
8,15,3,TRUE,8,-19.5027851068905,14,67.0055702137811,98.8788958800058,0.113736102559646,FALSE,14.6485872268677,FALSE,"NO COVARIANCE","no_covariance;wrong_sign"
8,15,4,TRUE,8,-20.5192235563336,19,79.0384471126673,122.295103373972,0,FALSE,26.0668139457703,FALSE,"NO COVARIANCE","no_covariance;wrong_sign;degenerate_class"
8,16,1,TRUE,1,-27.6518692779787,4,63.3037385559573,72.4104030320215,1,TRUE,0.278358936309814,TRUE,"ok",""
8,16,2,TRUE,8,-17.2552483106246,9,52.5104966212493,73.0004916923938,0.361181230433016,FALSE,6.64697003364563,FALSE,"NO COVARIANCE","no_covariance"
8,16,3,TRUE,8,-10.4639581920044,14,48.9279163840088,80.8012420502336,0.280978883371767,FALSE,11.3074200153351,FALSE,"NO COVARIANCE","no_covariance"
8,16,4,TRUE,8,-10.4639581920728,19,58.9279163841456,102.184572645451,0,FALSE,29.7643449306488,FALSE,"NO COVARIANCE","no_covariance;wrong_sign;degenerate_class"
8,17,1,TRUE,1,-30.7740250544001,4,69.5480501088002,78.6547145848644,1,TRUE,0.246222972869873,TRUE,"ok",""
8,17,2,TRUE,8,-21.0831347208253,9,60.1662694416506,80.656264512795,0.381095049745182,FALSE,6.12321519851685,FALSE,"NO COVARIANCE","no_covariance"
8,17,3,TRUE,8,-18.4554365938079,14,64.9108731876159,96.7841988538406,0.149918939621473,FALSE,13.8295991420746,FALSE,"NO COVARIANCE","no_covariance"
8,17,4,TRUE,8,-18.2022032516407,19,74.4044065032814,117.661062764586,1.03645653902106e-32,FALSE,29.3764271736145,FALSE,"NO COVARIANCE","no_covariance;wrong_sign;degenerate_class"
8,18,1,TRUE,1,-38.0500578401772,4,84.1001156803543,93.2067801564186,1,TRUE,0.257313966751099,TRUE,"ok",""
8,18,2,TRUE,8,-34.6886966707774,9,87.3773933415548,107.867388412699,0.219075521369888,FALSE,4.72027492523193,FALSE,"NO COVARIANCE","no_covariance"
8,18,3,TRUE,8,-31.5290799090243,14,91.0581598180486,122.931485484273,0.124989757655777,FALSE,10.3920180797577,FALSE,"NO COVARIANCE","no_covariance;wrong_sign"
8,18,4,TRUE,8,-30.0028393804457,19,98.0056787608914,141.262335022196,0.116714772384833,FALSE,18.9284620285034,FALSE,"NO COVARIANCE","no_covariance;wrong_sign"
8,19,1,TRUE,1,-28.0937036914509,4,64.1874073829018,73.294071858966,1,TRUE,0.267266035079956,TRUE,"ok",""
8,19,2,TRUE,8,-21.2646157960832,9,60.5292315921664,81.0192266633109,0.300267912027185,FALSE,4.61552596092224,FALSE,"NO COVARIANCE","no_covariance;wrong_sign"
8,19,3,TRUE,8,-19.4633066769845,14,66.9266133539689,98.7999390201937,0.297949691657992,FALSE,10.1975519657135,FALSE,"NO COVARIANCE","no_covariance;wrong_sign"
8,19,4,TRUE,8,-15.1129614852376,19,68.2259229704752,111.48257923178,0.124999664386026,FALSE,24.0288579463959,FALSE,"NO COVARIANCE","no_covariance;wrong_sign"
8,20,1,TRUE,1,-31.0908534717745,4,70.1817069435489,79.2883714196132,1,TRUE,0.331995010375977,FALSE,"WRONG SIGN","wrong_sign"
8,20,2,TRUE,8,-19.1240052047338,9,56.2480104094677,76.7380054806121,0.268665853518338,FALSE,5.14238095283508,FALSE,"NO COVARIANCE","no_covariance;wrong_sign"
8,20,3,TRUE,8,-13.7594667733232,14,55.5189335466465,87.3922592128712,0.124999996431595,FALSE,10.2197210788727,FALSE,"NO COVARIANCE","no_covariance;wrong_sign"
8,20,4,TRUE,8,-12.1205251316748,19,62.2410502633496,105.497706524655,0.125000000031136,FALSE,24.6434090137482,FALSE,"NO COVARIANCE","no_covariance;wrong_sign"
5,1,1,TRUE,1,-19.1450485918716,4,46.2900971837433,53.5167471428245,1,TRUE,0.229151964187622,FALSE,"WRONG SIGN","wrong_sign"
5,1,2,TRUE,8,-12.9668712870553,9,43.9337425741106,60.1937049820435,0.399217407967786,FALSE,6.9358868598938,FALSE,"NO COVARIANCE","no_covariance;wrong_sign"
5,1,3,TRUE,8,-5.2746008403715,14,38.549201680743,63.8424765375275,0.200000000005749,FALSE,10.1348469257355,FALSE,"NO COVARIANCE","no_covariance;wrong_sign"
5,1,4,TRUE,8,-5.27460084068464,19,48.5492016813693,82.8757889870054,NA,FALSE,20.0863211154938,FALSE,"NO COVARIANCE","no_covariance;wrong_sign;degenerate_class"
5,2,1,TRUE,1,-17.5416291454195,4,43.083258290839,50.3099082499203,1,TRUE,0.298699855804443,TRUE,"ok",""
5,2,2,TRUE,8,-12.7550861153367,9,43.5101722306733,59.7701346386062,0.405882853492726,FALSE,5.84999012947083,FALSE,"NO COVARIANCE","no_covariance"
5,2,3,TRUE,8,-8.90196640609684,14,45.8039328121937,71.0972076689781,0.199997962409487,FALSE,15.5506658554077,FALSE,"NO COVARIANCE","no_covariance;wrong_sign"
5,2,4,TRUE,8,-8.90196640539426,19,55.8039328107885,90.1305201164246,1.98992289651574e-14,FALSE,20.3635981082916,FALSE,"NO COVARIANCE","no_covariance;wrong_sign;degenerate_class"
5,3,1,TRUE,1,-11.3867764810478,4,30.7735529620955,38.0002029211768,1,TRUE,0.215961933135986,TRUE,"ok",""
5,3,2,TRUE,8,-4.056495536911,9,26.112991073822,42.3729534817549,0.499999999962536,FALSE,6.06949782371521,FALSE,"NO COVARIANCE","no_covariance;wrong_sign"
5,3,3,TRUE,8,-3.55954589186001,14,35.11909178372,60.4123666405045,NA,FALSE,18.9319689273834,FALSE,"NO COVARIANCE","no_covariance;wrong_sign;degenerate_class"
5,3,4,TRUE,8,-3.55954589186728,19,45.1190917837346,79.4456790893706,0,FALSE,26.0702228546143,FALSE,"NO COVARIANCE","no_covariance;wrong_sign;degenerate_class"
5,4,1,TRUE,1,-15.3963617842095,4,38.7927235684189,46.0193735275002,1,TRUE,0.268971920013428,TRUE,"ok",""
5,4,2,TRUE,8,-7.84280313854766,9,33.6856062770953,49.9455686850282,0.200617600102199,FALSE,7.05899000167847,FALSE,"NO COVARIANCE","no_covariance;wrong_sign"
5,4,3,TRUE,8,-7.84280313793306,14,43.6856062758661,68.9788811326506,8.80099987202545e-18,FALSE,15.9123249053955,FALSE,"NO COVARIANCE","no_covariance;wrong_sign;degenerate_class"
5,4,4,TRUE,8,-7.84280313794575,19,53.6856062758915,88.0121935815276,1.16239088427557e-67,FALSE,25.8491339683533,FALSE,"NO COVARIANCE","no_covariance;wrong_sign;degenerate_class"
5,5,1,TRUE,1,-4.44286414469851,4,16.885728289397,24.1123782484783,1,TRUE,0.315226793289185,TRUE,"ok",""
5,5,2,TRUE,8,-1.80783361651356,9,21.6156672330271,37.87562964096,0.372904537860476,FALSE,7.41872811317444,FALSE,"NO COVARIANCE","no_covariance"
5,5,3,TRUE,8,-1.80783361636053,14,31.6156672327211,56.9089420895055,0,FALSE,17.6133790016174,FALSE,"NO COVARIANCE","no_covariance;wrong_sign;degenerate_class"
5,5,4,TRUE,8,-1.80783361636052,19,41.6156672327211,75.9422545383571,NA,FALSE,25.7176737785339,FALSE,"NO COVARIANCE","no_covariance;wrong_sign;degenerate_class"
5,6,1,TRUE,1,-11.7823995110754,4,31.5647990221508,38.7914489812321,1,TRUE,0.319336891174316,TRUE,"ok",""
5,6,2,TRUE,8,-6.6549802432059,9,31.3099604864118,47.5699228943447,0.408290905940081,FALSE,6.64836096763611,FALSE,"NO COVARIANCE","no_covariance"
5,6,3,TRUE,8,-4.41155462300763,14,36.8231092460153,62.1163841027997,0.199999999989703,FALSE,12.6948750019073,FALSE,"NO COVARIANCE","no_covariance;wrong_sign"
5,6,4,TRUE,8,-4.02359478165697,19,46.0471895633139,80.37377686895,NA,FALSE,21.5621390342712,FALSE,"NO COVARIANCE","no_covariance;wrong_sign;degenerate_class"
5,7,1,TRUE,1,-21.9570928775509,4,51.9141857551018,59.140835714183,1,TRUE,0.336830854415894,TRUE,"ok",""
5,7,2,TRUE,8,-16.1740820750679,9,50.3481641501358,66.6081265580686,0.377538825399352,FALSE,5.55540800094604,FALSE,"NO COVARIANCE","no_covariance;wrong_sign"
5,7,3,TRUE,8,-13.2194309843392,14,54.4388619686784,79.7321368254628,0.29774732622878,FALSE,10.9443850517273,FALSE,"NO COVARIANCE","no_covariance;wrong_sign"
5,7,4,TRUE,8,-13.2045982185733,19,64.4091964371466,98.7357837427826,0.127660342723528,FALSE,27.6259541511536,FALSE,"NO COVARIANCE","no_covariance;wrong_sign"
5,8,1,TRUE,1,-8.88178419700125e-16,4,8,15.2266499590813,1,FALSE,0.424962043762207,FALSE,"NO COVARIANCE","no_covariance"
5,8,2,TRUE,8,-4.2188474935756e-15,9,18,34.2599624079329,3.84317823177906e-139,FALSE,8.3873131275177,FALSE,"NO COVARIANCE","no_covariance;wrong_sign;degenerate_class"
5,8,3,TRUE,8,0,14,28,53.2932748567845,NA,FALSE,14.2324080467224,FALSE,"NO COVARIANCE","no_covariance;wrong_sign;degenerate_class"
5,8,4,TRUE,8,-4.44089209850063e-16,19,38,72.3265873056361,2.24156653904188e-177,FALSE,19.4130840301514,FALSE,"NO COVARIANCE","no_covariance;wrong_sign;degenerate_class"
5,9,1,TRUE,1,-19.8666033120484,4,47.7332066240969,54.9598565831782,1,TRUE,0.248908042907715,FALSE,"WRONG SIGN","wrong_sign"
5,9,2,TRUE,8,-12.8731352617105,9,43.7462705234209,60.0062329313538,0.4000227452953,FALSE,5.79247689247131,FALSE,"NO COVARIANCE","no_covariance;wrong_sign"
5,9,3,TRUE,8,-11.2577325118052,14,50.5154650236104,75.8087398803949,0.299971732693633,FALSE,12.8267288208008,FALSE,"NO COVARIANCE","no_covariance;wrong_sign"
5,9,4,TRUE,8,-11.2577325107065,19,60.5154650214131,94.8420523270491,NA,FALSE,25.5112679004669,FALSE,"NO COVARIANCE","no_covariance;wrong_sign;degenerate_class"
5,10,1,TRUE,1,-25.1944812828368,4,58.3889625656736,65.6156125247549,1,TRUE,0.205573081970215,TRUE,"ok",""
5,10,2,TRUE,8,-17.4779885127156,9,52.9559770254313,69.2159394333641,0.420248348758867,FALSE,5.13545203208923,FALSE,"NO COVARIANCE","no_covariance"
5,10,3,TRUE,8,-10.1516776601356,14,48.3033553202712,73.5966301770557,0.199999999215709,FALSE,11.6017909049988,FALSE,"NO COVARIANCE","no_covariance;wrong_sign"
5,10,4,TRUE,8,-6.13764705785072,19,50.2752941157014,84.6018814213375,0.199999999987073,FALSE,21.215136051178,FALSE,"NO COVARIANCE","no_covariance;wrong_sign"
5,11,1,TRUE,1,-25.5835401507203,4,59.1670803014407,66.393730260522,1,TRUE,0.256477117538452,FALSE,"WRONG SIGN","wrong_sign"
5,11,2,TRUE,8,-21.9823014870219,9,61.9646029740437,78.2245653819766,0.367090193959196,FALSE,7.51422309875488,FALSE,"NO COVARIANCE","no_covariance;wrong_sign"
5,11,3,TRUE,8,-20.0790838108498,14,68.1581676216996,93.4514424784841,0.199507098771538,FALSE,12.2334189414978,FALSE,"NO COVARIANCE","no_covariance;wrong_sign"
5,11,4,TRUE,8,-20.0790838108495,19,78.158167621699,112.484754927335,5.58800480740386e-06,FALSE,20.2647228240967,FALSE,"NO COVARIANCE","no_covariance;wrong_sign;degenerate_class"
5,12,1,TRUE,1,-19.0750477253243,4,46.1500954506485,53.3767454097298,1,TRUE,0.292217016220093,FALSE,"WRONG SIGN","wrong_sign"
5,12,2,TRUE,8,-11.5163602627167,9,41.0327205254334,57.2926829333663,0.48637991409638,FALSE,5.50412487983704,FALSE,"NO COVARIANCE","no_covariance;wrong_sign"
5,12,3,TRUE,8,-11.3391260724855,14,50.678252144971,75.9715270017555,0.174951520949053,FALSE,13.6826598644257,FALSE,"NO COVARIANCE","no_covariance;wrong_sign"
5,12,4,TRUE,8,-11.3391260910495,19,60.6782521820989,95.004839487735,NA,FALSE,24.4678490161896,FALSE,"NO COVARIANCE","no_covariance;wrong_sign;degenerate_class"
5,13,1,TRUE,1,-14.6674743191343,4,37.3349486382685,44.5615985973498,1,TRUE,0.322158098220825,FALSE,"WRONG SIGN","wrong_sign"
5,13,2,TRUE,8,-10.4752116860005,9,38.950423372001,55.2103857799339,0.392268967761734,FALSE,5.1272439956665,FALSE,"NO COVARIANCE","no_covariance"
5,13,3,TRUE,8,-9.71911973141672,14,47.4382394628335,72.7315143196179,0.291421075098742,FALSE,14.5911138057709,FALSE,"NO COVARIANCE","no_covariance;wrong_sign"
5,13,4,TRUE,8,-9.78865667519729,19,57.5773133503946,91.9039006560306,0.0676790669919308,FALSE,19.230978012085,FALSE,"NO COVARIANCE","no_covariance;wrong_sign"
5,14,1,TRUE,1,-19.2296707645655,4,46.459341529131,53.6859914882123,1,TRUE,0.226406812667847,FALSE,"WRONG SIGN","wrong_sign"
5,14,2,TRUE,8,-12.8782467908484,9,43.7564935816967,60.0164559896296,0.40859862740465,FALSE,5.98743200302124,FALSE,"NO COVARIANCE","no_covariance;wrong_sign"
5,14,3,TRUE,8,-8.44391930607768,14,44.8878386121554,70.1811134689398,0.200369721582363,FALSE,16.0439898967743,FALSE,"NO COVARIANCE","no_covariance;wrong_sign"
5,14,4,TRUE,8,-8.44391930652086,19,54.8878386130417,89.2144259186778,0,FALSE,23.3807349205017,FALSE,"NO COVARIANCE","no_covariance;wrong_sign;degenerate_class"
5,15,1,TRUE,1,-19.3779031444236,4,46.7558062888473,53.9824562479286,1,TRUE,0.178302049636841,TRUE,"ok",""
5,15,2,TRUE,8,-14.7969317962803,9,47.5938635925605,63.8538260004934,0.416163709841054,FALSE,6.4494309425354,FALSE,"NO COVARIANCE","no_covariance"
5,15,3,TRUE,8,-13.12657595697,14,54.25315191394,79.5464267707245,0.199378490271085,FALSE,17.8470571041107,FALSE,"NO COVARIANCE","no_covariance;wrong_sign"
5,15,4,TRUE,8,-13.1265759554121,19,64.2531519108241,98.5797392164602,1.00673554622743e-147,FALSE,40.8422329425812,FALSE,"NO COVARIANCE","no_covariance;wrong_sign;degenerate_class"
5,16,1,TRUE,1,-17.044288365136,4,42.0885767302721,49.3152266893534,1,TRUE,0.463375091552734,TRUE,"ok",""
5,16,2,TRUE,8,-5.51473532731722,9,29.0294706546344,45.2894330625673,0.399999994760886,FALSE,11.5118930339813,FALSE,"NO COVARIANCE","no_covariance"
5,16,3,TRUE,8,-5.51473532777214,14,39.0294706555443,64.3227455123288,0,FALSE,16.1780970096588,FALSE,"NO COVARIANCE","no_covariance;wrong_sign;degenerate_class"
5,16,4,TRUE,8,-4.75008879517218,19,47.5001775903444,81.8267648959804,0,FALSE,41.5118770599365,FALSE,"NO COVARIANCE","no_covariance;wrong_sign;degenerate_class"
5,17,1,TRUE,1,-12.8174519795183,4,33.6349039590366,40.8615539181179,1,TRUE,0.352817058563232,TRUE,"ok",""
5,17,2,TRUE,8,-3.88830647918155,9,25.7766129583631,42.036575366296,0.200000000037363,FALSE,11.072380065918,FALSE,"NO COVARIANCE","no_covariance;wrong_sign"
5,17,3,TRUE,8,-3.88830647940028,14,35.7766129588006,61.069887815585,1.07201892530906e-40,FALSE,21.21737408638,FALSE,"NO COVARIANCE","no_covariance;wrong_sign;degenerate_class"
5,17,4,TRUE,8,-3.88830647930294,19,45.7766129586059,80.103200264242,8.95097220038729e-102,FALSE,34.0664551258087,FALSE,"NO COVARIANCE","no_covariance;wrong_sign;degenerate_class"
5,18,1,TRUE,1,-16.1740428067906,4,40.3480856135813,47.5747355726626,1,TRUE,0.204045057296753,TRUE,"ok",""
5,18,2,TRUE,8,-14.5920662812525,9,47.1841325625049,63.4440949704378,0.187778249931176,FALSE,6.28622102737427,FALSE,"NO COVARIANCE","no_covariance;wrong_sign"
5,18,3,TRUE,8,-14.2697295718216,14,56.5394591436432,81.8327340004277,0.194999627017353,FALSE,15.8060398101807,FALSE,"NO COVARIANCE","no_covariance;wrong_sign"
5,18,4,TRUE,8,-14.188766743113,19,66.3775334862259,100.704120791862,0.116134963596697,FALSE,22.9553461074829,FALSE,"NO COVARIANCE","no_covariance;wrong_sign"
5,19,1,TRUE,1,-15.0083071865556,4,38.0166143731112,45.2432643321925,1,TRUE,0.290074110031128,TRUE,"ok",""
5,19,2,TRUE,8,-13.1566203446295,9,44.3132406892591,60.573203097192,0.371968646896613,FALSE,10.1000049114227,FALSE,"NO COVARIANCE","no_covariance;wrong_sign"
5,19,3,TRUE,8,-7.52383183277468,14,43.0476636655494,68.3409385223338,0.199999996301867,FALSE,15.5199348926544,FALSE,"NO COVARIANCE","no_covariance;wrong_sign"
5,19,4,TRUE,8,-7.52383183314197,19,53.0476636662839,87.37425097192,0,FALSE,23.134220123291,FALSE,"NO COVARIANCE","no_covariance;wrong_sign;degenerate_class"
5,20,1,TRUE,1,-19.460481325397,4,46.9209626507941,54.1476126098753,1,TRUE,0.33646297454834,FALSE,"WRONG SIGN","wrong_sign"
5,20,2,TRUE,8,-13.9632629605642,9,45.9265259211283,62.1864883290612,0.406042322091422,FALSE,5.42323088645935,FALSE,"NO COVARIANCE","no_covariance;wrong_sign"
5,20,3,TRUE,8,-8.49281370786129,14,44.9856274157226,70.2789022725071,0.199999995573941,FALSE,12.3224020004272,FALSE,"NO COVARIANCE","no_covariance;wrong_sign"
5,20,4,TRUE,8,-8.49281370690684,19,54.9856274138137,89.3122147194497,0,FALSE,26.8079659938812,FALSE,"NO COVARIANCE","no_covariance;wrong_sign;degenerate_class"
