"n","seed","K","parameter","estimate","se"
388,0,1,"b_tt_1",-0.0597705186229696,0.00425715102305226
388,0,1,"b_tc_1",-0.13181507039016,0.013505557695667
388,0,1,"b_hw_1",-0.0374507809295703,0.00184771638783697
388,0,1,"b_ch_1",-1.15206947571179,0.0434191827824656
388,0,2,"b_tt_1",-0.277801835306928,0.038503460319381
388,0,2,"b_tt_2",-0.0629513472369435,0.00553921797117817
388,0,2,"b_tc_1",-1.88959714452888,0.229241116809751
388,0,2,"b_tc_2",-0.0879874687586071,0.01409850635484
388,0,2,"b_hw_1",-0.0508248695730933,0.00766389235102219
388,0,2,"b_hw_2",-0.0432948507102258,0.00279991542362361
388,0,2,"b_ch_1",-2.47272726476837,0.262799380090344
388,0,2,"b_ch_2",-1.04631142388104,0.0642818432037062
388,0,2,"delta_1",0,NA
388,0,2,"delta_2",0.825205552315391,0.168559762124114
388,0,3,"b_tt_1",-0.34145637714859,0.0553417131759731
388,0,3,"b_tt_2",-0.227441148472162,0.0367799262220461
388,0,3,"b_tt_3",-0.0478925026916437,0.00586130125656042
388,0,3,"b_tc_1",-1.04272975333794,0.172276171189516
388,0,3,"b_tc_2",-1.83124679719618,0.256539593192292
388,0,3,"b_tc_3",-0.0522846355815922,0.0139261241455013
388,0,3,"b_hw_1",-0.0689865896941832,0.00840475196478195
388,0,3,"b_hw_2",-0.0468108338105321,0.0102206068232881
388,0,3,"b_hw_3",-0.0411245366201386,0.00345719536421034
388,0,3,"b_ch_1",-3.92991818612958,0.486193081377401
388,0,3,"b_ch_2",-1.72313553591424,0.281747874001372
388,0,3,"b_ch_3",-0.763504060275192,0.0830591670873077
388,0,3,"delta_1",0,NA
388,0,3,"delta_2",-0.672319151208643,0.243666487604627
388,0,3,"delta_3",0.243737296984051,0.204900905349355
250,1,1,"b_tt_1",-0.0627970654157571,0.00547352754211474
250,1,1,"b_tc_1",-0.130800650023064,0.017174243731197
250,1,1,"b_hw_1",-0.0400908186194902,0.0023600295751882
250,1,1,"b_ch_1",-1.1533293185499,0.0546603295301607
250,1,2,"b_tt_1",-0.197043768430904,0.0216030882027133
250,1,2,"b_tt_2",-0.0443102704305146,0.00717524239560169
250,1,2,"b_tc_1",-0.758356607014866,0.0789593319559088
250,1,2,"b_tc_2",-0.0551349594088375,0.0158143987958226
250,1,2,"b_hw_1",-0.0639884152519976,0.00676812401099515
250,1,2,"b_hw_2",-0.0342176220651166,0.00390019775523209
250,1,2,"b_ch_1",-2.70901324549889,0.218876559577321
250,1,2,"b_ch_2",-0.465411974453984,0.0925023882670551
250,1,2,"delta_1",0,NA
250,1,2,"delta_2",-0.324716968042723,0.195534003243092
250,1,3,"b_tt_1",-0.430335681604239,0.139150365966157
250,1,3,"b_tt_2",-0.178229145686173,0.00660639727384166
250,1,3,"b_tt_3",-0.030409673445873,0.0217071465501357
250,1,3,"b_tc_1",-0.631403380089485,0.220552448670545
250,1,3,"b_tc_2",-0.737812594511354,0.0161543937678489
250,1,3,"b_tc_3",-0.0464639185750175,0.0808001962976854
250,1,3,"b_hw_1",-0.0659430375289125,0.0172911018781536
250,1,3,"b_hw_2",-0.0683711306708215,0.00423046499189743
250,1,3,"b_hw_3",-0.0340982821579431,0.00797759514836423
250,1,3,"b_ch_1",-2.31909036085661,0.617215951324769
250,1,3,"b_ch_2",-2.7800920096683,0.103526343713516
250,1,3,"b_ch_3",-0.371862295847291,0.252344951380677
250,1,3,"delta_1",0,NA
250,1,3,"delta_2",1.29333432399103,0.354821508947378
250,1,3,"delta_3",0.856578857795096,0.352301166790978
250,2,1,"b_tt_1",-0.0606529708922233,0.0052850375864234
250,2,1,"b_tc_1",-0.140911146185761,0.0172058944936427
250,2,1,"b_hw_1",-0.0340762761722484,0.00220416314008214
250,2,1,"b_ch_1",-1.11925874817619,0.0534305442215204
250,2,2,"b_tt_1",-0.299472307274091,0.0066300040150077
250,2,2,"b_tt_2",-0.0621370077710006,0.0516426504773648
250,2,2,"b_tc_1",-2.13374320841733,0.0173265604494755
250,2,2,"b_tc_2",-0.0915837060940562,0.305049013176944
250,2,2,"b_hw_1",-0.0492075566132105,0.00339054834094986
250,2,2,"b_hw_2",-0.0404924122567539,0.00985885282472516
250,2,2,"b_ch_1",-2.68476321025944,0.0754171761858325
250,2,2,"b_ch_2",-1.01534479141187,0.35217699393703
250,2,2,"delta_1",0,NA
250,2,2,"delta_2",0.807350416565383,0.20700231909954
250,2,3,"b_tt_1",-0.20598730890097,0.0103199338467522
250,2,3,"b_tt_2",-0.130841838153053,0.0410727609515595
250,2,3,"b_tt_3",-0.0581991840376082,0.017405369923546
250,2,3,"b_tc_1",-1.74552967782096,0.0210373580570399
250,2,3,"b_tc_2",-0.313819097184487,0.269702296071357
250,2,3,"b_tc_3",-0.0578661484565291,0.0499796048494466
250,2,3,"b_hw_1",-0.0488795319677727,0.00485578229164941
250,2,3,"b_hw_2",-0.0536991694589448,0.0098109380509482
250,2,3,"b_hw_3",-0.0313257437654952,0.00672593298196879
250,2,3,"b_ch_1",-1.82218958081085,0.130353144016572
250,2,3,"b_ch_2",-2.47686764996561,0.293213565300671
250,2,3,"b_ch_3",-0.323094505603849,0.241453130314461
250,2,3,"delta_1",0,NA
250,2,3,"delta_2",0.723319931333083,0.279018547031969
250,2,3,"delta_3",0.116559065813333,0.267064465684751
250,3,1,"b_tt_1",-0.0604461697263371,0.00544178812603827
250,3,1,"b_tc_1",-0.126572225301906,0.0178018174733843
250,3,1,"b_hw_1",-0.0398141371560904,0.00233568002063013
250,3,1,"b_ch_1",-1.1277060238098,0.0534385692599347
250,3,2,"b_tt_1",-0.48151422306315,0.00596210186291417
250,3,2,"b_tt_2",-0.0543889465621106,0.0721588908025622
250,3,2,"b_tc_1",-2.72709792582856,0.0191051920735898
250,3,2,"b_tc_2",-0.0743841491578453,0.42155643675439
250,3,2,"b_hw_1",-0.0406241847726297,0.00309037835730946
250,3,2,"b_hw_2",-0.0482888511304311,0.00879798589346805
250,3,2,"b_ch_1",-3.08658816130877,0.0691608925331433
250,3,2,"b_ch_2",-1.02931150610008,0.410291995719912
250,3,2,"delta_1",0,NA
250,3,2,"delta_2",1.13775615630007,0.225069081022308
250,3,3,"b_tt_1",-0.483115323818872,0.0089831899390291
250,3,3,"b_tt_2",-0.119459648015788,0.0160665403619497
250,3,3,"b_tt_3",-0.0403604545999816,0.0715159195607722
250,3,3,"b_tc_1",-2.78880124039674,0.0305501290215542
250,3,3,"b_tc_2",-0.126667728612534,0.0355971999145902
250,3,3,"b_tc_3",-0.148493276343582,0.416592062104019
250,3,3,"b_hw_1",-0.0372444287326925,0.00728905955264352
250,3,3,"b_hw_2",-0.0337139661561508,0.00628913684216069
250,3,3,"b_hw_3",-0.07912083758114,0.0092263258589414
250,3,3,"b_ch_1",-3.03512378310025,0.172415433533786
250,3,3,"b_ch_2",-0.724826623657202,0.151906774629184
250,3,3,"b_ch_3",-1.64337617749651,0.416504773778566
250,3,3,"delta_1",0,NA
250,3,3,"delta_2",0.33500236138975,0.263397300021063
250,3,3,"delta_3",0.771543004610628,0.247244746478368
250,4,1,"b_tt_1",-0.0757541228815296,0.00587902939403602
250,4,1,"b_tc_1",-0.188026072891169,0.018355214921914
250,4,1,"b_hw_1",-0.0371664575448946,0.00238228322101601
250,4,1,"b_ch_1",-1.28004313038237,0.0579179785079342
250,4,2,"b_tt_1",-0.386118531630059,0.0570110532543536
250,4,2,"b_tt_2",-0.0764196652138208,0.00702255724638954
250,4,2,"b_tc_1",-2.44088977311862,0.360379935453345
250,4,2,"b_tc_2",-0.129949032475957,0.0202874949048015
250,4,2,"b_hw_1",-0.0444777729188145,0.0106734327047139
250,4,2,"b_hw_2",-0.0457774245568431,0.00356612693442791
250,4,2,"b_ch_1",-2.83559589491424,0.389579005489194
250,4,2,"b_ch_2",-1.24048639301045,0.0846354442173261
250,4,2,"delta_1",0,NA
250,4,2,"delta_2",0.958129716178408,0.221150595612907
250,4,3,"b_tt_1",-0.398579353618372,0.0694727895316809
250,4,3,"b_tt_2",-0.352110096731109,0.0787724831722673
250,4,3,"b_tt_3",-0.0533778719460991,0.00796298791856907
250,4,3,"b_tc_1",-2.86732946946106,0.211493737890058
250,4,3,"b_tc_2",-1.10717751266062,0.559076692289919
250,4,3,"b_tc_3",-0.0695756537589426,0.0209496011383396
250,4,3,"b_hw_1",-0.0280345115614295,0.0134760259950209
250,4,3,"b_hw_2",-0.0817434126080646,0.0140542562625291
250,4,3,"b_hw_3",-0.041558127330597,0.00429406656218775
250,4,3,"b_ch_1",-1.84788514283034,0.741860988330829
250,4,3,"b_ch_2",-4.46877097181957,0.452054713136869
250,4,3,"b_ch_3",-0.890959149463588,0.103689283360159
250,4,3,"delta_1",0,NA
250,4,3,"delta_2",1.1358120194484,0.2860188361809
250,4,3,"delta_3",1.22163653474701,0.236103045839376
250,5,1,"b_tt_1",-0.0580901574092567,0.00550516301309176
250,5,1,"b_tc_1",-0.142602412874171,0.017596454243333
250,5,1,"b_hw_1",-0.0386833020612781,0.00239873630823896
250,5,1,"b_ch_1",-1.26699169108667,0.0569851894030493
250,5,2,"b_tt_1",-0.248717148002782,0.0526555248196381
250,5,2,"b_tt_2",-0.0279607984202887,0.00623855955214359
250,5,2,"b_tc_1",-0.827609479180447,0.150081781913454
250,5,2,"b_tc_2",-0.0512583497336951,0.0189641434824828
250,5,2,"b_hw_1",-0.0541430605167228,0.00649080228559639
250,5,2,"b_hw_2",-0.0382744733618899,0.00378416316390615
250,5,2,"b_ch_1",-3.1744587487495,0.450944853260718
250,5,2,"b_ch_2",-0.71616517395474,0.110581569278332
250,5,2,"delta_1",0,NA
250,5,2,"delta_2",-0.0517632661097972,0.275047944726828
250,5,3,"b_tt_1",-0.438654755131591,0.0154150063443255
250,5,3,"b_tt_2",-0.107417164123475,0.00958274516531966
250,5,3,"b_tt_3",-0.0388898417485009,0.0652761056846352
250,5,3,"b_tc_1",-2.66088316993803,0.0342003169986999
250,5,3,"b_tc_2",-0.116438247630846,0.0311275872883793
250,5,3,"b_tc_3",-0.134271643307784,0.395595525916304
250,5,3,"b_hw_1",-0.0503462733611197,0.00656983499545675
250,5,3,"b_hw_2",-0.0204593331404902,0.00972105302036605
250,5,3,"b_hw_3",-0.086044735957625,0.00996608960890965
250,5,3,"b_ch_1",-3.20154223296146,0.181819473111491
250,5,3,"b_ch_2",-1.18996142076943,0.155001656773173
250,5,3,"b_ch_3",-1.43062657587682,0.369098475706166
250,5,3,"delta_1",0,NA
250,5,3,"delta_2",0.0110952351931632,0.334658326905717
250,5,3,"delta_3",0.407671332979814,0.292118795306661
250,6,1,"b_tt_1",-0.054608920080816,0.00517224630543609
250,6,1,"b_tc_1",-0.120997392109477,0.0166244567931117
250,6,1,"b_hw_1",-0.0371207346620678,0.00228577029951669
250,6,1,"b_ch_1",-1.16949122691909,0.0544524623671698
250,6,2,"b_tt_1",-0.077111584421716,0.0131683777277361
250,6,2,"b_tt_2",-0.0702184011984884,0.0106851852782237
250,6,2,"b_tc_1",-0.110345640680323,0.0685870918788385
250,6,2,"b_tc_2",-0.368497693665979,0.021661032786056
250,6,2,"b_hw_1",-0.034916394165485,0.00754479066833637
250,6,2,"b_hw_2",-0.0518313713082599,0.00491769303490595
250,6,2,"b_ch_1",-0.697975959231458,0.208568478968282
250,6,2,"b_ch_2",-2.1289618554202,0.10401553223407
250,6,2,"delta_1",0,NA
250,6,2,"delta_2",0.0978392275899254,0.261723024642031
250,6,3,"b_tt_1",-0.312535941926874,0.107702249343224
250,6,3,"b_tt_2",-0.257837663062914,0.00725227738011608
250,6,3,"b_tt_3",-0.0276581439501176,0.0435362333687504
250,6,3,"b_tc_1",-2.25924392148832,0.623503963000489
250,6,3,"b_tc_2",-0.439908201935199,0.0217278147797645
250,6,3,"b_tc_3",-0.0379163728015362,0.0781884245721105
250,6,3,"b_hw_1",-0.0409269589011027,0.0148770305919483
250,6,3,"b_hw_2",-0.0666574286644792,0.00454586381488794
250,6,3,"b_hw_3",-0.0401620314078687,0.00941322214258868
250,6,3,"b_ch_1",-2.04705411760188,0.530843382323218
250,6,3,"b_ch_2",-3.15187933378857,0.109163464507419
250,6,3,"b_ch_3",-0.73915876637708,0.453781918241359
250,6,3,"delta_1",0,NA
250,6,3,"delta_2",0.723354728132673,0.345216660562329
250,6,3,"delta_3",0.815481005217885,0.333678300785876
250,7,1,"b_tt_1",-0.0581612336883593,0.00493420244459506
250,7,1,"b_tc_1",-0.1088413575341,0.0159764257372317
250,7,1,"b_hw_1",-0.0371070067617108,0.00231773880187571
250,7,1,"b_ch_1",-1.16317061865525,0.0540999579186829
250,7,2,"b_tt_1",-0.0851434107932734,0.0140638482140731
250,7,2,"b_tt_2",-0.0801127556044181,0.00885690605598994
250,7,2,"b_tc_1",-0.421121317066382,0.059624512385301
250,7,2,"b_tc_2",-0.086902960659429,0.0183653899010674
250,7,2,"b_hw_1",-0.0517045709405735,0.00701768402719857
250,7,2,"b_hw_2",-0.0345125473395246,0.00491464859575577
250,7,2,"b_ch_1",-2.07241822435753,0.166684519383331
250,7,2,"b_ch_2",-0.729081814354249,0.108483817456821
250,7,2,"delta_1",0,NA
250,7,2,"delta_2",-0.138145579928646,0.248372841131527
250,7,3,"b_tt_1",-0.33175240564095,0.0585072522714977
250,7,3,"b_tt_2",-0.253826910145549,0.00677323407868597
250,7,3,"b_tt_3",-0.0417691726219102,0.0567094156166011
250,7,3,"b_tc_1",-0.977921749490773,0.408242041745231
250,7,3,"b_tc_2",-1.90629546401697,0.0157969770137663
250,7,3,"b_tc_3",-0.0348323630315935,0.186280972527648
250,7,3,"b_hw_1",-0.0814317516116502,0.0139048633423395
250,7,3,"b_hw_2",-0.04095173403321,0.00410150153975171
250,7,3,"b_hw_3",-0.0371596464860576,0.0133580376123702
250,7,3,"b_ch_1",-3.59147501645802,0.514479693079082
250,7,3,"b_ch_2",-2.40873991633551,0.0976550922960229
250,7,3,"b_ch_3",-0.714491006607648,0.528039906348195
250,7,3,"delta_1",0,NA
250,7,3,"delta_2",-0.698526256254658,0.27215406999815
250,7,3,"delta_3",0.220740842128744,0.309892780143295
250,8,1,"b_tt_1",-0.0603300537961954,0.00533848825823969
250,8,1,"b_tc_1",-0.121534934496523,0.0167990196924117
250,8,1,"b_hw_1",-0.0373522194960662,0.00230291060817283
250,8,1,"b_ch_1",-1.144537015487,0.0542603459422682
250,8,2,"b_tt_1",-0.21863930266197,0.00695882581479015
250,8,2,"b_tt_2",-0.0397360657631701,0.0273560157570158
250,8,2,"b_tc_1",-0.81070766329346,0.0158718178125261
250,8,2,"b_tc_2",-0.0534457530645628,0.0988582917190686
250,8,2,"b_hw_1",-0.0567365251895676,0.00377734645158935
250,8,2,"b_hw_2",-0.0324390765757672,0.00628143270551707
250,8,2,"b_ch_1",-2.79066651991283,0.0887400846988168
250,8,2,"b_ch_2",-0.507969203683434,0.254418002102924
250,8,2,"delta_1",0,NA
250,8,2,"delta_2",-0.217388833137282,0.200870204086891
250,8,3,"b_tt_1",-0.253414250753162,0.0527666155364676
250,8,3,"b_tt_2",-0.245113739677066,0.0467652447952871
250,8,3,"b_tt_3",-0.0474604594263256,0.00796324237774209
250,8,3,"b_tc_1",-2.09621045244698,0.179960105087186
250,8,3,"b_tc_2",-0.745292743337475,0.32096648874739
250,8,3,"b_tc_3",-0.0551357164799885,0.0167622730868816
250,8,3,"b_hw_1",-0.0445691363875858,0.00831495045245733
250,8,3,"b_hw_2",-0.0681039176521409,0.0135714491826642
250,8,3,"b_hw_3",-0.0363638098862119,0.00458278283284675
250,8,3,"b_ch_1",-1.64965453305262,0.389265994269687
250,8,3,"b_ch_2",-3.27997750404378,0.341012568011207
250,8,3,"b_ch_3",-0.468214781243304,0.115516261450267
250,8,3,"delta_1",0,NA
250,8,3,"delta_2",0.999849416604816,0.296592347931803
250,8,3,"delta_3",0.722208869025463,0.243833672960557
250,9,1,"b_tt_1",-0.0620659734417175,0.00521542615723205
250,9,1,"b_tc_1",-0.119298565055681,0.0156195207361885
250,9,1,"b_hw_1",-0.0367099273678014,0.00229005878118676
250,9,1,"b_ch_1",-1.09083896169577,0.0527362821559064
250,9,2,"b_tt_1",-0.289553192766618,0.0479147338165687
250,9,2,"b_tt_2",-0.0352320842022102,0.00571013595346787
250,9,2,"b_tc_1",-0.902595995952276,0.142361871247153
250,9,2,"b_tc_2",-0.0556483817826254,0.014930317811931
250,9,2,"b_hw_1",-0.0614555259259015,0.0089389808284947
250,9,2,"b_hw_2",-0.0331016014528784,0.00337897851037816
250,9,2,"b_ch_1",-2.94506060872419,0.465192823162469
250,9,2,"b_ch_2",-0.666275235494622,0.0839069302603619
250,9,2,"delta_1",0,NA
250,9,2,"delta_2",0.246062746672306,0.254696533899105
250,9,3,"b_tt_1",-0.463177342614966,0.00883912029280597
250,9,3,"b_tt_2",-0.108035840193316,0.0133906443585466
250,9,3,"b_tt_3",-0.0380056296317512,0.0684939266821163
250,9,3,"b_tc_1",-2.74526819266507,0.0289888259877448
250,9,3,"b_tc_2",-0.114717343238494,0.0242994289250265
250,9,3,"b_tc_3",-0.131347300476787,0.39772842593268
250,9,3,"b_hw_1",-0.0599723269962494,0.00999141000979395
250,9,3,"b_hw_2",-0.0236043130417784,0.00539646352029265
250,9,3,"b_hw_3",-0.076634738790829,0.0105318758514155
250,9,3,"b_ch_1",-2.98252742423852,0.178478090546412
250,9,3,"b_ch_2",-0.892339327452576,0.131858849937151
250,9,3,"b_ch_3",-1.40368147779523,0.409378514262787
250,9,3,"delta_1",0,NA
250,9,3,"delta_2",0.242307286047253,0.28295159219449
250,9,3,"delta_3",0.341987694264239,0.253732413764366
250,10,1,"b_tt_1",-0.0671609924971505,0.00554118965476482
250,10,1,"b_tc_1",-0.150077048874879,0.0174162257058369
250,10,1,"b_hw_1",-0.0365727041316957,0.00227579718084857
250,10,1,"b_ch_1",-1.14748208166332,0.0542480757630853
250,10,2,"b_tt_1",-0.352714811362835,0.0622308969345333
250,10,2,"b_tt_2",-0.0695258325728951,0.00655042124767203
250,10,2,"b_tc_1",-2.53431406879356,0.39720090625585
250,10,2,"b_tc_2",-0.102462959788598,0.0172018135898447
250,10,2,"b_hw_1",-0.0721030112583964,0.0121709604463347
250,10,2,"b_hw_2",-0.0395381363198261,0.00327069022588575
250,10,2,"b_ch_1",-2.8482859298001,0.407352656543855
250,10,2,"b_ch_2",-1.07956279082531,0.0757500001362217
250,10,2,"delta_1",0,NA
250,10,2,"delta_2",0.865966450567812,0.206413912038006
250,10,3,"b_tt_1",-0.385343043992188,0.0136933275999725
250,10,3,"b_tt_2",-0.0964187854384247,0.0103477788772497
250,10,3,"b_tt_3",-0.0545598057979721,0.0550535695137701
250,10,3,"b_tc_1",-2.73116507018818,0.0524797434417241
250,10,3,"b_tc_2",-0.112053602588493,0.0228345751108859
250,10,3,"b_tc_3",-0.20483497105567,0.373720637443633
250,10,3,"b_hw_1",-0.0725155230217768,0.01696231150708
250,10,3,"b_hw_2",-0.0243116668974345,0.00450514530107785
250,10,3,"b_hw_3",-0.104555429319804,0.0123798284742778
250,10,3,"b_ch_1",-2.94026198894196,0.214659160753242
250,10,3,"b_ch_2",-1.14878323351495,0.111057551206149
250,10,3,"b_ch_3",-1.46561558929179,0.378616455007124
250,10,3,"delta_1",0,NA
250,10,3,"delta_2",0.466705329487652,0.319711469132825
250,10,3,"delta_3",0.00773044148639216,0.289302702439402
250,11,1,"b_tt_1",-0.0684984338859825,0.0055402751959686
250,11,1,"b_tc_1",-0.165744019412955,0.0179914164560886
250,11,1,"b_hw_1",-0.0377262494985207,0.0022999924517058
250,11,1,"b_ch_1",-1.13683575803742,0.0542267372371545
250,11,2,"b_tt_1",-0.0925695935733254,0.0166148446866161
250,11,2,"b_tt_2",-0.0907394583658003,0.0140020241571904
250,11,2,"b_tc_1",-0.141032810593645,0.0866064443086695
250,11,2,"b_tc_2",-0.47435989336515,0.0270115695142552
250,11,2,"b_hw_1",-0.0417388522196536,0.00766918533608713
250,11,2,"b_hw_2",-0.0446673378176393,0.00648276572248137
250,11,2,"b_ch_1",-0.74417984282311,0.225168561326421
250,11,2,"b_ch_2",-1.96379706283307,0.123749097571281
250,11,2,"delta_1",0,NA
250,11,2,"delta_2",0.11850207938651,0.268102376374359
250,11,3,"b_tt_1",-0.222708547755354,0.0130745029159163
250,11,3,"b_tt_2",-0.0989064169959312,0.0365101114038479
250,11,3,"b_tt_3",-0.097913479065429,0.0180669887262981
250,11,3,"b_tc_1",-1.62239390517883,0.0339577053849028
250,11,3,"b_tc_2",-0.288219086577903,0.259696058458895
250,11,3,"b_tc_3",-0.136593259721552,0.0781867114457228
250,11,3,"b_hw_1",-0.0533003356383664,0.00628954789149751
250,11,3,"b_hw_2",-0.0557269660025583,0.0133014689793854
250,11,3,"b_hw_3",-0.0386231137528285,0.00770512238227919
250,11,3,"b_ch_1",-1.26486048651636,0.157386200589251
250,11,3,"b_ch_2",-2.82527988549744,0.270691498078769
250,11,3,"b_ch_3",-0.627280611323364,0.358532014048022
250,11,3,"delta_1",0,NA
250,11,3,"delta_2",0.679514847906655,0.352078373631308
250,11,3,"delta_3",0.507414020099342,0.348760656316532
250,12,1,"b_tt_1",-0.0608359159331415,0.00534611711471381
250,12,1,"b_tc_1",-0.135143193821639,0.0160319913549137
250,12,1,"b_hw_1",-0.0375455772910553,0.00232490386431366
250,12,1,"b_ch_1",-1.15881540796222,0.0548809924610775
250,12,2,"b_tt_1",-0.241392911491719,0.0312599144286043
250,12,2,"b_tt_2",-0.0374125982495858,0.00603400901548636
250,12,2,"b_tc_1",-0.899796202123582,0.11612248882875
250,12,2,"b_tc_2",-0.053779109487053,0.0147524525839329
250,12,2,"b_hw_1",-0.086016828019601,0.0150508247195449
250,12,2,"b_hw_2",-0.0265667010680809,0.00342738612376142
250,12,2,"b_ch_1",-3.09164000047075,0.334056471116804
250,12,2,"b_ch_2",-0.593760638066916,0.0899698392202729
250,12,2,"delta_1",0,NA
250,12,2,"delta_2",-0.0978333619327455,0.207903681650188
250,12,3,"b_tt_1",-0.228732763022393,0.0409142353056584
250,12,3,"b_tt_2",-0.0868793725639328,0.00911208724351652
250,12,3,"b_tt_3",-0.0819564862173618,0.0155799963907528
250,12,3,"b_tc_1",-1.75127423332485,0.296963128917612
250,12,3,"b_tc_2",-0.263554637336128,0.0206450096281361
250,12,3,"b_tc_3",-0.0956893468373519,0.0455965147788072
250,12,3,"b_hw_1",-0.0343769126485731,0.0163729645637702
250,12,3,"b_hw_2",-0.0822689940764185,0.00518422788014695
250,12,3,"b_hw_3",-0.0331909115020389,0.0144880205624084
250,12,3,"b_ch_1",-1.46303647842872,0.341206296169191
250,12,3,"b_ch_2",-2.88045899040804,0.132678203413488
250,12,3,"b_ch_3",-0.576558785941362,0.33703647470321
250,12,3,"delta_1",0,NA
250,12,3,"delta_2",0.88228033093359,0.325712590327414
250,12,3,"delta_3",0.66177769949689,0.337748101165341
250,13,1,"b_tt_1",-0.0568550369257959,0.00493274569325916
250,13,1,"b_tc_1",-0.111921462688951,0.0149262148765908
250,13,1,"b_hw_1",-0.0363469112267797,0.00227415989724334
250,13,1,"b_ch_1",-1.16189366827888,0.0539095992133671
250,13,2,"b_tt_1",-0.0895995142212122,0.0179099550034498
250,13,2,"b_tt_2",-0.0757389519339679,0.00748928064764498
250,13,2,"b_tc_1",-0.583891910394497,0.144953433337221
250,13,2,"b_tc_2",-0.101247583335664,0.0164862095586078
250,13,2,"b_hw_1",-0.054889634854089,0.00803840662330963
250,13,2,"b_hw_2",-0.036307333527625,0.00421466957604781
250,13,2,"b_ch_1",-2.25602279661584,0.212814301341575
250,13,2,"b_ch_2",-0.85648958400562,0.111734517623223
250,13,2,"delta_1",0,NA
250,13,2,"delta_2",0.308285543746607,0.280601174632675
250,13,3,"b_tt_1",-0.150224128672033,0.0216897166977381
250,13,3,"b_tt_2",-0.143029976414923,0.0102700760153634
250,13,3,"b_tt_3",-0.060791100832104,0.0181543845188959
250,13,3,"b_tc_1",-0.296229080666439,0.167395552613063
250,13,3,"b_tc_2",-1.18929081978693,0.0200121201206472
250,13,3,"b_tc_3",-0.0555434701703194,0.0423871810970652
250,13,3,"b_hw_1",-0.0596711705518348,0.00867591021140591
250,13,3,"b_hw_2",-0.0432328882573392,0.00514645679613159
250,13,3,"b_hw_3",-0.0303567287932391,0.00732608612376293
250,13,3,"b_ch_1",-2.76710664284731,0.219699944892322
250,13,3,"b_ch_2",-1.40618022293745,0.131592152596003
250,13,3,"b_ch_3",-0.318979121330525,0.277873624234664
250,13,3,"delta_1",0,NA
250,13,3,"delta_2",-0.756236213650965,0.270275321674755
250,13,3,"delta_3",-0.692621419891395,0.242759229339061
250,14,1,"b_tt_1",-0.0519451583747504,0.00529019382067951
250,14,1,"b_tc_1",-0.112579864067595,0.0170043417328734
250,14,1,"b_hw_1",-0.0399255126485318,0.00233408370350332
250,14,1,"b_ch_1",-1.11672227758057,0.0533970000568667
250,14,2,"b_tt_1",-0.28273466658932,0.0521624320681314
250,14,2,"b_tt_2",-0.0586142110051736,0.00709563711965054
250,14,2,"b_tc_1",-2.16729697430108,0.378072174304466
250,14,2,"b_tc_2",-0.0818175103214234,0.0170687246792286
250,14,2,"b_hw_1",-0.0642350549428823,0.0118552683222179
250,14,2,"b_hw_2",-0.0447753335041591,0.00330169146799816
250,14,2,"b_ch_1",-3.01165948974415,0.504029104602082
250,14,2,"b_ch_2",-0.995615977982916,0.0732643509012775
250,14,2,"delta_1",0,NA
250,14,2,"delta_2",0.916069414544372,0.206159643905385
250,14,3,"b_tt_1",-0.245467304279776,0.0144532496385645
250,14,3,"b_tt_2",-0.0828577851939853,0.0415111140434236
250,14,3,"b_tt_3",-0.0801543112018353,0.00965612663727756
250,14,3,"b_tc_1",-1.83861267549339,0.0422343384076628
250,14,3,"b_tc_2",-0.0884981361575043,0.27465059606367
250,14,3,"b_tc_3",-0.232832693624379,0.0210481478407471
250,14,3,"b_hw_1",-0.0404872553724617,0.0104037756465462
250,14,3,"b_hw_2",-0.0423258365294278,0.011913846013112
250,14,3,"b_hw_3",-0.0743721367272802,0.00468665345747846
250,14,3,"b_ch_1",-1.7051505687843,0.296651688314735
250,14,3,"b_ch_2",-0.547423391388554,0.363904964327236
250,14,3,"b_ch_3",-2.71808486618821,0.117390418395084
250,14,3,"delta_1",0,NA
250,14,3,"delta_2",0.648697713339485,0.301037697974638
250,14,3,"delta_3",0.750380185645345,0.263909888835124
250,15,1,"b_tt_1",-0.0608840578201381,0.00534973853029012
250,15,1,"b_tc_1",-0.144960490330886,0.0169045432666225
250,15,1,"b_hw_1",-0.0371538459707988,0.00230129233356007
250,15,1,"b_ch_1",-1.1233219734227,0.053425903961201
250,15,2,"b_tt_1",-0.426904957219324,0.0061990712663846
250,15,2,"b_tt_2",-0.0552265208544289,0.0636819465975726
250,15,2,"b_tc_1",-2.54284713853112,0.0179367879089742
250,15,2,"b_tc_2",-0.0901982437174035,0.389119780505607
250,15,2,"b_hw_1",-0.0586758672019763,0.0033493688896596
250,15,2,"b_hw_2",-0.0418810677780087,0.00952418009922877
250,15,2,"b_ch_1",-3.12237843709783,0.0781682054807266
250,15,2,"b_ch_2",-0.898577241726452,0.360217388878698
250,15,2,"delta_1",0,NA
250,15,2,"delta_2",0.635366803580709,0.205203093712212
250,15,3,"b_tt_1",-0.475393323905092,0.0103863043629395
250,15,3,"b_tt_2",-0.0908322325054396,0.0799821797952462
250,15,3,"b_tt_3",-0.0473017581028849,0.0115087788315391
250,15,3,"b_tc_1",-2.83526602663892,0.0364941455386033
250,15,3,"b_tc_2",-0.123781378562957,0.477174338527349
250,15,3,"b_tc_3",-0.164391370012888,0.0281194957330211
250,15,3,"b_hw_1",-0.04483835712377,0.01021326908269
250,15,3,"b_hw_2",-0.0373430231902774,0.0100137039356327
250,15,3,"b_hw_3",-0.075638517798986,0.00458139199642453
250,15,3,"b_ch_1",-2.98695228115829,0.264826048574828
250,15,3,"b_ch_2",-0.521397748711158,0.470252946935257
250,15,3,"b_ch_3",-2.24590619497901,0.10322250322937
250,15,3,"delta_1",0,NA
250,15,3,"delta_2",0.394279898118268,0.278977108990188
250,15,3,"delta_3",0.422815116180229,0.251613571922169
250,16,1,"b_tt_1",-0.0556427667583578,0.00531214656949343
250,16,1,"b_tc_1",-0.113710862280558,0.0171434423611396
250,16,1,"b_hw_1",-0.0374957952203033,0.00229919171090133
250,16,1,"b_ch_1",-1.19711253061418,0.0548536180825382
250,16,2,"b_tt_1",-0.115732943323657,0.0192540563556828
250,16,2,"b_tt_2",-0.0898271951461939,0.0080488429844897
250,16,2,"b_tc_1",-0.952468571507491,0.147502859172646
250,16,2,"b_tc_2",-0.123164783092463,0.019835182999429
250,16,2,"b_hw_1",-0.0509765692627394,0.00919027267668925
250,16,2,"b_hw_2",-0.0393777550887725,0.00396332361987474
250,16,2,"b_ch_1",-0.832424381854066,0.214769625212801
250,16,2,"b_ch_2",-1.61172645507412,0.10040763672276
250,16,2,"delta_1",0,NA
250,16,2,"delta_2",1.0485574496979,0.230814066847757
250,16,3,"b_tt_1",-0.155366410376212,0.0161749747568855
250,16,3,"b_tt_2",-0.0923865049698583,0.00936598452269415
250,16,3,"b_tt_3",-0.0677427875697305,0.025014891880889
250,16,3,"b_tc_1",-1.18387641099577,0.0511885489719733
250,16,3,"b_tc_2",-0.107953007297488,0.0215120675137244
250,16,3,"b_tc_3",-0.252648336534285,0.166082506852859
250,16,3,"b_hw_1",-0.0606963589584916,0.0146648517676004
250,16,3,"b_hw_2",-0.0240115132551835,0.00493570507404846
250,16,3,"b_hw_3",-0.0862475821327954,0.00873367045026731
250,16,3,"b_ch_1",-0.688047646865465,0.443300008449398
250,16,3,"b_ch_2",-1.04407705257684,0.118423473616366
250,16,3,"b_ch_3",-3.39471880614994,0.191804634580402
250,16,3,"delta_1",0,NA
250,16,3,"delta_2",0.585728486379943,0.255337482555314
250,16,3,"delta_3",0.570021896278318,0.261045216801011
250,17,1,"b_tt_1",-0.0569816778172019,0.0052095473274187
250,17,1,"b_tc_1",-0.132838536976736,0.016117577422249
250,17,1,"b_hw_1",-0.0380369441824683,0.00234142404038527
250,17,1,"b_ch_1",-1.15727103964586,0.0540256868578439
250,17,2,"b_tt_1",-0.207016403601721,0.0272910230557589
250,17,2,"b_tt_2",-0.0366038084890312,0.00616521479998379
250,17,2,"b_tc_1",-0.769806323282889,0.0946339073627943
250,17,2,"b_tc_2",-0.0555368765130494,0.0153843022211099
250,17,2,"b_hw_1",-0.0626491712988115,0.00770250518240476
250,17,2,"b_hw_2",-0.0328580602846789,0.00363107185168374
250,17,2,"b_ch_1",-2.96926236919252,0.30749150075279
250,17,2,"b_ch_2",-0.588650990857284,0.0875532099847735
250,17,2,"delta_1",0,NA
250,17,2,"delta_2",-0.0484752453125342,0.210606919060209
250,17,3,"b_tt_1",-0.210974143081092,0.0398116499139611
250,17,3,"b_tt_2",-0.112020060185608,0.00836303190713404
250,17,3,"b_tt_3",-0.0807625858773452,0.0189089457852203
250,17,3,"b_tc_1",-1.72498867017761,0.313074005106803
250,17,3,"b_tc_2",-0.485988861181142,0.0183992910072182
250,17,3,"b_tc_3",-0.107319426571084,0.0872816664022071
250,17,3,"b_hw_1",-0.0356922261620827,0.0145383771680164
250,17,3,"b_hw_2",-0.0681803562624519,0.00453068365737806
250,17,3,"b_hw_3",-0.038409730466737,0.00991511141414541
250,17,3,"b_ch_1",-1.07504113725661,0.346872533487213
250,17,3,"b_ch_2",-3.24940890383723,0.102767889569985
250,17,3,"b_ch_3",-0.718236201248087,0.386001786639074
250,17,3,"delta_1",0,NA
250,17,3,"delta_2",1.12680497137835,0.334248758046101
250,17,3,"delta_3",1.21395647325287,0.365354977742129
250,18,1,"b_tt_1",-0.0631422740366499,0.00549234551027751
250,18,1,"b_tc_1",-0.134855787522387,0.0171856228042504
250,18,1,"b_hw_1",-0.0369848645448248,0.00229375968007648
250,18,1,"b_ch_1",-1.14605449834849,0.053853323810399
250,18,2,"b_tt_1",-0.325864260753805,0.0502301245541123
250,18,2,"b_tt_2",-0.0644725606402936,0.00652642961946127
250,18,2,"b_tc_1",-2.0865590794133,0.304007340263756
250,18,2,"b_tc_2",-0.0935422329878487,0.0172113486907105
250,18,2,"b_hw_1",-0.0475829394138353,0.00995854217073268
250,18,2,"b_hw_2",-0.0443574635476617,0.00353740426832689
250,18,2,"b_ch_1",-2.76511903757628,0.35320775838554
250,18,2,"b_ch_2",-0.992235060685364,0.0767700389456773
250,18,2,"delta_1",0,NA
250,18,2,"delta_2",0.820771177738447,0.219214102119358
250,18,3,"b_tt_1",-0.375752692420652,0.060346606412713
250,18,3,"b_tt_2",-0.0961449024286409,0.0116883492572
250,18,3,"b_tt_3",-0.0591264089524016,0.0116256680237771
250,18,3,"b_tc_1",-2.45777456211719,0.368723989266516
250,18,3,"b_tc_2",-0.0838959368863373,0.0359797525719101
250,18,3,"b_tc_3",-0.1898002948569,0.022105784109434
250,18,3,"b_hw_1",-0.0540039256450684,0.0122087841480619
250,18,3,"b_hw_2",-0.0189602757386045,0.00936475476857176
250,18,3,"b_hw_3",-0.0838927039731425,0.00565471663776926
250,18,3,"b_ch_1",-2.83375159706536,0.402821263261234
250,18,3,"b_ch_2",-0.96186366766391,0.175449683709413
250,18,3,"b_ch_3",-1.52346168297755,0.146414792106949
250,18,3,"delta_1",0,NA
250,18,3,"delta_2",0.204790455324246,0.267228014860351
250,18,3,"delta_3",0.533453169916112,0.266559006340962
250,19,1,"b_tt_1",-0.0623092139485723,0.00548393787797169
250,19,1,"b_tc_1",-0.118736983719613,0.0169735484644203
250,19,1,"b_hw_1",-0.0405555346126035,0.00239517981319583
250,19,1,"b_ch_1",-1.17993133152671,0.0549623853077299
250,19,2,"b_tt_1",-0.294681919236051,0.0059883748122765
250,19,2,"b_tt_2",-0.0381563211472036,0.0556503856304238
250,19,2,"b_tc_1",-1.01371293013208,0.0155624996149988
250,19,2,"b_tc_2",-0.050601758229067,0.173670344247985
250,19,2,"b_hw_1",-0.0594328308158163,0.00368357687203965
250,19,2,"b_hw_2",-0.0382060964406093,0.00732475610184331
250,19,2,"b_ch_1",-2.99464393755916,0.102057630082461
250,19,2,"b_ch_2",-0.712100770365672,0.405413172595396
250,19,2,"delta_1",0,NA
250,19,2,"delta_2",0.0891732532426283,0.258923140201637
250,19,3,"b_tt_1",-0.388037515841603,0.0133374317939051
250,19,3,"b_tt_2",-0.111164949707034,0.0643365318831049
250,19,3,"b_tt_3",-0.0257143496839067,0.00858199325203341
250,19,3,"b_tc_1",-2.30556113265107,0.0261749816953639
250,19,3,"b_tc_2",-0.127814975191902,0.399733111872618
250,19,3,"b_tc_3",-0.058437116196939,0.0298172036958763
250,19,3,"b_hw_1",-0.0509313035227682,0.00639046268234768
250,19,3,"b_hw_2",-0.0588417843153584,0.0137106332381174
250,19,3,"b_hw_3",-0.0367089810990306,0.00544550070261367
250,19,3,"b_ch_1",-2.39038792411895,0.186899600052035
250,19,3,"b_ch_2",-2.09519935207217,0.398931826553954
250,19,3,"b_ch_3",-0.202179429146065,0.149713117093216
250,19,3,"delta_1",0,NA
250,19,3,"delta_2",1.02198507421735,0.263276582728256
250,19,3,"delta_3",0.0235633751944317,0.280672097592469
250,20,1,"b_tt_1",-0.0616761021457731,0.0053634528984319
250,20,1,"b_tc_1",-0.123823444874485,0.0162031182252538
250,20,1,"b_hw_1",-0.0375733567516144,0.00227582776133329
250,20,1,"b_ch_1",-1.07921648849549,0.0530250267968995
250,20,2,"b_tt_1",-0.280129272727369,0.0057567591787632
250,20,2,"b_tt_2",-0.0386763832882454,0.0486829128251542
250,20,2,"b_tc_1",-0.87761538536966,0.0152053774438997
250,20,2,"b_tc_2",-0.0599348686026783,0.14783973446038
250,20,2,"b_hw_1",-0.0595210109909488,0.00348066668733058
250,20,2,"b_hw_2",-0.0337873155420276,0.00819769341217758
250,20,2,"b_ch_1",-2.89602957541282,0.087888187523005
250,20,2,"b_ch_2",-0.633218437357487,0.401903464197697
250,20,2,"delta_1",0,NA
250,20,2,"delta_2",0.209682296480881,0.242610556224216
250,20,3,"b_tt_1",-0.505711285223184,0.0932093808654584
250,20,3,"b_tt_2",-0.0873421097480299,0.0109347375955097
250,20,3,"b_tt_3",-0.0582838026363891,0.0101385589684726
250,20,3,"b_tc_1",-3.00101010150687,0.550531462944152
250,20,3,"b_tc_2",-0.0922792043274123,0.0224627918857665
250,20,3,"b_tc_3",-0.168085524051105,0.0338415040774333
250,20,3,"b_hw_1",-0.0532819395318515,0.016881044696578
250,20,3,"b_hw_2",-0.0191473624031281,0.00524484996372082
250,20,3,"b_hw_3",-0.0862380845066017,0.0106822446927254
250,20,3,"b_ch_1",-3.11736466574067,0.574018948723682
250,20,3,"b_ch_2",-0.829053671006689,0.142275447294924
250,20,3,"b_ch_3",-1.54337181122595,0.181701176803193
250,20,3,"delta_1",0,NA
250,20,3,"delta_2",0.536139644029896,0.279740932143381
250,20,3,"delta_3",0.80807409437683,0.29518960414529
150,1,1,"b_tt_1",-0.0642322322936148,0.00758815724785709
150,1,1,"b_tc_1",-0.122802587588905,0.0233821655091476
150,1,1,"b_hw_1",-0.0427212186215712,0.00317245166724213
150,1,1,"b_ch_1",-1.22689952642586,0.0736270106864532
150,1,2,"b_tt_1",-0.0979361074536352,0.0212650227537123
150,1,2,"b_tt_2",-0.0953116673477338,0.0122660896853016
150,1,2,"b_tc_1",-0.100730710632882,0.116821547920001
150,1,2,"b_tc_2",-0.59562066158256,0.0282714483895241
150,1,2,"b_hw_1",-0.0486315602488936,0.00712889241947297
150,1,2,"b_hw_2",-0.0509906549878816,0.00569093747747181
150,1,2,"b_ch_1",-0.90578523465678,0.199297975469145
150,1,2,"b_ch_2",-2.17787001590337,0.134443048298516
150,1,2,"delta_1",0,NA
150,1,2,"delta_2",-0.0175541997398761,0.266846132880215
150,1,3,"b_tt_1",-0.475003104026873,0.108437039223452
150,1,3,"b_tt_2",-0.115591717712943,0.012244933546406
150,1,3,"b_tt_3",-0.0308253870900968,0.023857900664817
150,1,3,"b_tc_1",-3.09115367747012,0.676946459699005
150,1,3,"b_tc_2",-0.0877169519514499,0.0416232903072098
150,1,3,"b_tc_3",-0.100632874886776,0.0617872101215848
150,1,3,"b_hw_1",-0.0649245615583502,0.0131779928149692
150,1,3,"b_hw_2",-0.0346241092773967,0.0111237605801305
150,1,3,"b_hw_3",-0.0751090685408157,0.00816351911138662
150,1,3,"b_ch_1",-4.4842580507306,0.825964678090791
150,1,3,"b_ch_2",-0.968802866070837,0.249317935913903
150,1,3,"b_ch_3",-1.31374105273717,0.259073759449787
150,1,3,"delta_1",0,NA
150,1,3,"delta_2",0.113489204334396,0.30460543999005
150,1,3,"delta_3",0.282660141489891,0.311373865647684
150,2,1,"b_tt_1",-0.0481012404847251,0.00602981852609536
150,2,1,"b_tc_1",-0.101668131934759,0.0193722045138892
150,2,1,"b_hw_1",-0.0336537667116936,0.00278019218475468
150,2,1,"b_ch_1",-1.06318962104265,0.0671270315637305
150,2,2,"b_tt_1",-0.0760417249139342,0.014334963772512
150,2,2,"b_tt_2",-0.073291889301057,0.0136670116286387
150,2,2,"b_tc_1",-0.088595817407451,0.0643804402257543
150,2,2,"b_tc_2",-0.395601336887793,0.0249585470125138
150,2,2,"b_hw_1",-0.0301218041793972,0.00670699003559779
150,2,2,"b_hw_2",-0.0483426558388706,0.00604321865584981
150,2,2,"b_ch_1",-0.554743331873683,0.181776869173175
150,2,2,"b_ch_2",-1.81024405067521,0.141068554353972
150,2,2,"delta_1",0,NA
150,2,2,"delta_2",0.402390163270798,0.285537155389466
150,2,3,"b_tt_1",-0.342856407038636,0.0595181156871491
150,2,3,"b_tt_2",-0.0871291211724437,0.0111413354392713
150,2,3,"b_tt_3",-0.042430539598736,0.0132252507484713
150,2,3,"b_tc_1",-2.24099038914045,0.394175514012001
150,2,3,"b_tc_2",-0.0815826510183594,0.0407131706758345
150,2,3,"b_tc_3",-0.168917838175159,0.0233462095916483
150,2,3,"b_hw_1",-0.034666722341232,0.0107742391461036
150,2,3,"b_hw_2",-0.0287064588678508,0.00870426634782813
150,2,3,"b_hw_3",-0.0711098874168988,0.00607110846910438
150,2,3,"b_ch_1",-2.16183060334224,0.369516112006905
150,2,3,"b_ch_2",-0.507311386615522,0.229874813998278
150,2,3,"b_ch_3",-1.86314954582574,0.14554140973362
150,2,3,"delta_1",0,NA
150,2,3,"delta_2",0.209122539011779,0.314260377521967
150,2,3,"delta_3",0.540370385694085,0.311644327119296
150,3,1,"b_tt_1",-0.0676863139955661,0.00701036179491485
150,3,1,"b_tc_1",-0.146286477495805,0.0228991335043196
150,3,1,"b_hw_1",-0.0384991615192772,0.00304869706195877
150,3,1,"b_ch_1",-1.18891852741061,0.071857294723509
150,3,2,"b_tt_1",-0.101091306724434,0.0124649129568493
150,3,2,"b_tt_2",-0.082672772933448,0.0141431135312042
150,3,2,"b_tc_1",-0.142772518498482,0.0287031725971897
150,3,2,"b_tc_2",-0.481146839562456,0.0675712002630923
150,3,2,"b_hw_1",-0.0366950705085519,0.00812746685417572
150,3,2,"b_hw_2",-0.0552481405596536,0.0105129408814218
150,3,2,"b_ch_1",-0.913952809230443,0.135472760681849
150,3,2,"b_ch_2",-1.88693573630585,0.192585223670103
150,3,2,"delta_1",0,NA
150,3,2,"delta_2",0.102676743386122,0.282645966420985
150,3,3,"b_tt_1",-0.525388672024709,0.122348611165934
150,3,3,"b_tt_2",-0.111526755074862,0.0129263709410996
150,3,3,"b_tt_3",-0.0539531452577634,0.0159706542652893
150,3,3,"b_tc_1",-3.12616778014279,0.72962760056474
150,3,3,"b_tc_2",-0.150818212844233,0.0518698326644513
150,3,3,"b_tc_3",-0.228623822015293,0.0397367341808958
150,3,3,"b_hw_1",-0.0389672754750216,0.0135470756867926
150,3,3,"b_hw_2",-0.0250947701760987,0.0155052193549564
150,3,3,"b_hw_3",-0.0930063350098261,0.00686008960075243
150,3,3,"b_ch_1",-3.46091997015879,0.779311667341978
150,3,3,"b_ch_2",-0.903095564722855,0.239023117204268
150,3,3,"b_ch_3",-1.86090804143388,0.169989079433891
150,3,3,"delta_1",0,NA
150,3,3,"delta_2",0.693206158630575,0.349879211662602
150,3,3,"delta_3",0.959775312470081,0.378970500863073
150,4,1,"b_tt_1",-0.0767349731306955,0.00815048105251391
150,4,1,"b_tc_1",-0.230160030012753,0.0269981171000951
150,4,1,"b_hw_1",-0.0381490776905196,0.00322872223729122
150,4,1,"b_ch_1",-1.47058486499333,0.0806869246559654
150,4,2,"b_tt_1",-0.165586594113826,0.0243382910398679
150,4,2,"b_tt_2",-0.0598629801926739,0.0126951525944005
150,4,2,"b_tc_1",-0.712179972732333,0.0989857816784468
150,4,2,"b_tc_2",-0.0926968600775829,0.0328955691800496
150,4,2,"b_hw_1",-0.0429559246930256,0.00870008059356517
150,4,2,"b_hw_2",-0.0412908396787759,0.00714191404202139
150,4,2,"b_ch_1",-2.74776472943797,0.318786703356655
150,4,2,"b_ch_2",-0.910722768912456,0.159128787705659
150,4,2,"delta_1",0,NA
150,4,2,"delta_2",-0.308310982453528,0.29750427155619
150,4,3,"b_tt_1",-4.25412414296783,3.9039887675134
150,4,3,"b_tt_2",-0.283211732205192,0.0108914679146499
150,4,3,"b_tt_3",-0.0579051597982425,0.078693587863505
150,4,3,"b_tc_1",-30.1813544807172,27.7896236420163
150,4,3,"b_tc_2",-1.02694690865979,0.031667059181582
150,4,3,"b_tc_3",-0.089433554962122,0.277265741190869
150,4,3,"b_hw_1",0.0326109961710797,0.0368702706636315
150,4,3,"b_hw_2",-0.0885844557254928,0.00505922175340229
150,4,3,"b_hw_3",-0.041318336998923,0.021262069062712
150,4,3,"b_ch_1",-35.7956335453622,33.3761734760401
150,4,3,"b_ch_2",-4.2963885665749,0.134570157109932
150,4,3,"b_ch_3",-0.976378292572823,1.13898465838057
150,4,3,"delta_1",0,NA
150,4,3,"delta_2",1.41825423169866,0.34544338585227
150,4,3,"delta_3",1.51510678477492,0.372007939461524
150,5,1,"b_tt_1",-0.0613879349593604,0.00729830589575801
150,5,1,"b_tc_1",-0.166133711246824,0.0257149184037579
150,5,1,"b_hw_1",-0.0400856766513663,0.00308763968843499
150,5,1,"b_ch_1",-1.18746412962447,0.0714999699043461
150,5,2,"b_tt_1",-0.253160071153094,0.0962712490108658
150,5,2,"b_tt_2",-0.0258885650766381,0.00973324495559832
150,5,2,"b_tc_1",-0.87540123088774,0.263296469838616
150,5,2,"b_tc_2",-0.0312220974669599,0.0444986075544772
150,5,2,"b_hw_1",-0.0559428628399535,0.00900624639574622
150,5,2,"b_hw_2",-0.0403192879731882,0.00479786169748229
150,5,2,"b_ch_1",-2.99600093881424,0.834658986926967
150,5,2,"b_ch_2",-0.653128987314336,0.145830841994785
150,5,2,"delta_1",0,NA
150,5,2,"delta_2",-0.109005895194949,0.445625678235168
150,5,3,"b_tt_1",-0.420875452094982,0.0955947442411712
150,5,3,"b_tt_2",-0.0562631278857351,0.0158176470097875
150,5,3,"b_tt_3",-0.0509466588048448,0.014575970300894
150,5,3,"b_tc_1",-1.18063497819021,0.253137596718535
150,5,3,"b_tc_2",-0.39582675270002,0.0928090503438496
150,5,3,"b_tc_3",-0.0298008723367134,0.0382493521585962
150,5,3,"b_hw_1",-0.0800529410991717,0.0177058717430951
150,5,3,"b_hw_2",-0.0355598380042921,0.0130366616132087
150,5,3,"b_hw_3",-0.0555990257590197,0.012296356795064
150,5,3,"b_ch_1",-4.81080982518653,1.02026242378767
150,5,3,"b_ch_2",-1.22752012909585,0.315247732621757
150,5,3,"b_ch_3",-0.537770151870145,0.197463776473508
150,5,3,"delta_1",0,NA
150,5,3,"delta_2",-0.0818930028221387,0.443678787124703
150,5,3,"delta_3",-0.218815320519842,0.334577419152387
150,6,1,"b_tt_1",-0.0582728593070196,0.0066267381446555
150,6,1,"b_tc_1",-0.142787346601123,0.0221524057612137
150,6,1,"b_hw_1",-0.0346109223862059,0.00291109143466305
150,6,1,"b_ch_1",-1.21493553038508,0.0724116011282473
150,6,2,"b_tt_1",-0.14295489643674,0.0338213554832268
150,6,2,"b_tt_2",-0.0646914465389858,0.0125950063758313
150,6,2,"b_tc_1",-0.194291844242214,0.0463461146807167
150,6,2,"b_tc_2",-0.428305960655001,0.117778589511826
150,6,2,"b_hw_1",-0.0456079221583188,0.0070571987251976
150,6,2,"b_hw_2",-0.0348684350287507,0.00594230792015216
150,6,2,"b_ch_1",-1.91669573934039,0.285120650789622
150,6,2,"b_ch_2",-1.00558502738796,0.158907527476258
150,6,2,"delta_1",0,NA
150,6,2,"delta_2",-0.276927768325112,0.387789632040347
150,6,3,"b_tt_1",-0.236228454325697,0.0102772170221343
150,6,3,"b_tt_2",-0.225797967947522,0.0652468321686981
150,6,3,"b_tt_3",-0.0444401993814052,0.0355592992539207
150,6,3,"b_tc_1",-1.67344645086861,0.0349201472304665
150,6,3,"b_tc_2",-0.240179039270724,0.483951395315734
150,6,3,"b_tc_3",-0.135951573080813,0.0732159007019404
150,6,3,"b_hw_1",-0.0136272749299867,0.010713013304585
150,6,3,"b_hw_2",-0.0425650040724473,0.013122788173323
150,6,3,"b_hw_3",-0.0684757563968824,0.0097772139704798
150,6,3,"b_ch_1",-1.40194174683355,0.233062962537241
150,6,3,"b_ch_2",-2.25732705931636,0.44587072450154
150,6,3,"b_ch_3",-1.45143168885308,0.331531522535929
150,6,3,"delta_1",0,NA
150,6,3,"delta_2",0.520093503500185,0.32366503000317
150,6,3,"delta_3",0.763457751488418,0.293727102015946
150,7,1,"b_tt_1",-0.0566095131136206,0.00607881797200388
150,7,1,"b_tc_1",-0.0716990101581324,0.0180192600965739
150,7,1,"b_hw_1",-0.0372488379447544,0.00301128371437305
150,7,1,"b_ch_1",-1.19818704280241,0.0711880875891086
150,7,2,"b_tt_1",-0.109371834171215,0.0191393857918835
150,7,2,"b_tt_2",-0.0846713681265465,0.011286677019925
150,7,2,"b_tc_1",-0.591493287383806,0.120282332923913
150,7,2,"b_tc_2",-0.0679326821627121,0.0233879328579875
150,7,2,"b_hw_1",-0.0309730169995999,0.00594694368748236
150,7,2,"b_hw_2",-0.0551287107880978,0.00642908119244596
150,7,2,"b_ch_1",-2.20034014063056,0.210502866882488
150,7,2,"b_ch_2",-0.874979328173415,0.133562676446768
150,7,2,"delta_1",0,NA
150,7,2,"delta_2",0.0730836330584736,0.270079811335943
150,7,3,"b_tt_1",-0.22535070765775,0.0233030247574773
150,7,3,"b_tt_2",-0.113574946515974,0.0139481246636737
150,7,3,"b_tt_3",-0.0464444785970356,0.0388074268272259
150,7,3,"b_tc_1",-1.78568276821877,0.0935145432344467
150,7,3,"b_tc_2",-0.10795729178481,0.024821515578787
150,7,3,"b_tc_3",-0.0385853931187684,0.308513607327555
150,7,3,"b_hw_1",-0.0468459261196536,0.0403977213075235
150,7,3,"b_hw_2",-0.0301366699396438,0.00584742037944412
150,7,3,"b_hw_3",-0.18541927499672,0.0114151964591379
150,7,3,"b_ch_1",-3.00276490041033,0.525346885312983
150,7,3,"b_ch_2",-1.07523760507292,0.144149400293552
150,7,3,"b_ch_3",-2.1063271213741,0.443947631723099
150,7,3,"delta_1",0,NA
150,7,3,"delta_2",0.411280444566804,0.324316288806236
150,7,3,"delta_3",-0.234414576578378,0.304339623701794
150,8,1,"b_tt_1",-0.0584263086729614,0.00683761958649446
150,8,1,"b_tc_1",-0.103292942599881,0.0193341194959177
150,8,1,"b_hw_1",-0.0406107296086771,0.00307756312260259
150,8,1,"b_ch_1",-1.12549781510734,0.0705344045443754
150,8,2,"b_tt_1",-0.253511546286592,0.0372611930351888
150,8,2,"b_tt_2",-0.0467508167018926,0.00833897283667515
150,8,2,"b_tc_1",-0.996701125783261,0.145743921906491
150,8,2,"b_tc_2",-0.0562342954062647,0.0184956387065416
150,8,2,"b_hw_1",-0.0601061320256652,0.00817580496705925
150,8,2,"b_hw_2",-0.0383707860550523,0.00486213661946931
150,8,2,"b_ch_1",-3.22373236201067,0.416183330636316
150,8,2,"b_ch_2",-0.510088020360021,0.111459598947285
150,8,2,"delta_1",0,NA
150,8,2,"delta_2",-0.0971448831512378,0.244409179733579
150,8,3,"b_tt_1",-0.61631814283805,0.126145356943307
150,8,3,"b_tt_2",-0.16134344500791,0.00921387912496224
150,8,3,"b_tt_3",-0.0426533141477619,0.0345986973493699
150,8,3,"b_tc_1",-3.04762393075666,0.604239828944363
150,8,3,"b_tc_2",-0.368102022451525,0.021338368471063
150,8,3,"b_tc_3",-0.0364315435171048,0.0787922755663442
150,8,3,"b_hw_1",-0.051253989741004,0.0132580547852053
150,8,3,"b_hw_2",-0.118436001201601,0.00545643216547028
150,8,3,"b_hw_3",-0.0353453278267927,0.0281888570119107
150,8,3,"b_ch_1",-3.80700113287877,0.759119729484214
150,8,3,"b_ch_2",-3.42792897774444,0.119945425770949
150,8,3,"b_ch_3",-0.344132649745371,0.674383919556794
150,8,3,"delta_1",0,NA
150,8,3,"delta_2",0.524884063485318,0.320305561514879
150,8,3,"delta_3",0.460550935412727,0.356026404804731
150,9,1,"b_tt_1",-0.060545592773165,0.00660916905186744
150,9,1,"b_tc_1",-0.117903591179492,0.0186664880130104
150,9,1,"b_hw_1",-0.0380362686063207,0.00296098194946902
150,9,1,"b_ch_1",-1.06676431757495,0.0676752058469522
150,9,2,"b_tt_1",-0.529878553001646,0.0891094943332147
150,9,2,"b_tt_2",-0.0579728712968024,0.00733098207982122
150,9,2,"b_tc_1",-3.11707350426751,0.546569101618254
150,9,2,"b_tc_2",-0.0869109523038758,0.0182908118407608
150,9,2,"b_hw_1",-0.0528254864674995,0.0118710965544005
150,9,2,"b_hw_2",-0.0470697645948666,0.00394092169810326
150,9,2,"b_ch_1",-2.95742026458054,0.495163283836315
150,9,2,"b_ch_2",-0.975021409753017,0.085883076540389
150,9,2,"delta_1",0,NA
150,9,2,"delta_2",0.981717326930449,0.257252675932539
150,9,3,"b_tt_1",-0.531398061871593,0.0908883596182918
150,9,3,"b_tt_2",-0.218321075313252,0.00885802251165167
150,9,3,"b_tt_3",-0.0352108543446458,0.0368838034766728
150,9,3,"b_tc_1",-3.14766599753279,0.544677163212262
150,9,3,"b_tc_2",-0.190490959951241,0.025772509616869
150,9,3,"b_tc_3",-0.0993379524761827,0.0399579777705554
150,9,3,"b_hw_1",-0.0511951208629218,0.0123907995950536
150,9,3,"b_hw_2",-0.0652401946338879,0.00559213867416563
150,9,3,"b_hw_3",-0.0509814853149144,0.0125239997539563
150,9,3,"b_ch_1",-2.90603699288032,0.505460485799406
150,9,3,"b_ch_2",-2.03985906034253,0.126335920056902
150,9,3,"b_ch_3",-0.86718379712611,0.374611793924747
150,9,3,"delta_1",0,NA
150,9,3,"delta_2",0.11553679655715,0.288201819768045
150,9,3,"delta_3",0.580097159387686,0.323009938250989
150,10,1,"b_tt_1",-0.0592537773628667,0.00666388289019239
150,10,1,"b_tc_1",-0.132058442070104,0.0201883617537563
150,10,1,"b_hw_1",-0.0365110352739392,0.00292560398936509
150,10,1,"b_ch_1",-1.13808466745788,0.0690527639978773
150,10,2,"b_tt_1",-0.234675840768304,0.0091183703522257
150,10,2,"b_tt_2",-0.07967872566976,0.0451195779203094
150,10,2,"b_tc_1",-1.80780135220349,0.0213426751714912
150,10,2,"b_tc_2",-0.111454334984975,0.31167554727547
150,10,2,"b_hw_1",-0.0249347982420894,0.00476693662985216
150,10,2,"b_hw_2",-0.0518258753017084,0.0110462283798321
150,10,2,"b_ch_1",-1.56882136072617,0.121003485813603
150,10,2,"b_ch_2",-1.34914245886513,0.403858223607457
150,10,2,"delta_1",0,NA
150,10,2,"delta_2",1.12089922679122,0.279168217858021
150,10,3,"b_tt_1",-0.320427417855754,0.0639783343858746
150,10,3,"b_tt_2",-0.156878812800305,0.0117306630020178
150,10,3,"b_tt_3",-0.0410313321563462,0.0235011577610484
150,10,3,"b_tc_1",-2.26177845458391,0.4491823340697
150,10,3,"b_tc_2",-0.147160581022043,0.0358238094716149
150,10,3,"b_tc_3",-0.137083669696119,0.0330949694015513
150,10,3,"b_hw_1",-0.0211688957289819,0.011255692995132
150,10,3,"b_hw_2",-0.0508638580766437,0.00844734565590455
150,10,3,"b_hw_3",-0.0631240685168162,0.00815791244548841
150,10,3,"b_ch_1",-1.71712394980152,0.443391568570532
150,10,3,"b_ch_2",-2.48254615135666,0.164713247342622
150,10,3,"b_ch_3",-0.867679141732649,0.302660255826455
150,10,3,"delta_1",0,NA
150,10,3,"delta_2",0.73299160683719,0.318562296670155
150,10,3,"delta_3",0.519075818193243,0.306955221487932
150,11,1,"b_tt_1",-0.0614608010970116,0.00739294094158428
150,11,1,"b_tc_1",-0.151237720523523,0.0262521157826552
150,11,1,"b_hw_1",-0.0375344162724164,0.00294501844805348
150,11,1,"b_ch_1",-1.1020472717579,0.0676625947296363
150,11,2,"b_tt_1",-0.213178673911773,0.0533170546146637
150,11,2,"b_tt_2",-0.0718863863637126,0.00872550571426904
150,11,2,"b_tc_1",-1.78147210468134,0.441056887302951
150,11,2,"b_tc_2",-0.121696509858578,0.0297657010874887
150,11,2,"b_hw_1",-0.0704217474521951,0.0215168471289259
150,11,2,"b_hw_2",-0.0386336579021356,0.00398660591761079
150,11,2,"b_ch_1",-0.347896140212071,0.272234260207776
150,11,2,"b_ch_2",-1.41602028460127,0.104990484985612
150,11,2,"delta_1",0,NA
150,11,2,"delta_2",1.51343663559202,0.305478610403749
150,11,3,"b_tt_1",-0.246649297047977,0.0171060147793529
150,11,3,"b_tt_2",-0.129214961607419,0.0172529084159706
150,11,3,"b_tt_3",-0.0258533451281819,0.0468734367732299
150,11,3,"b_tc_1",-2.01511978931482,0.0511661309943895
150,11,3,"b_tc_2",-0.300362404467839,0.0660098675295213
150,11,3,"b_tc_3",0.0758128802298279,0.345144912794415
150,11,3,"b_hw_1",-0.0521114442814375,0.00754601131650244
150,11,3,"b_hw_2",-0.0532002400519511,0.00679690729644556
150,11,3,"b_hw_3",-0.0409606223558458,0.012780943038544
150,11,3,"b_ch_1",-1.19971112028236,0.306003782720542
150,11,3,"b_ch_2",-2.60643068951165,0.155919223690402
150,11,3,"b_ch_3",-0.317410349375745,0.284089801001342
150,11,3,"delta_1",0,NA
150,11,3,"delta_2",0.980529380390245,0.301379477134762
150,11,3,"delta_3",0.199696209131944,0.292666343018101
150,12,1,"b_tt_1",-0.0538489812605149,0.0064089842888391
150,12,1,"b_tc_1",-0.101804251024558,0.0196714902463789
150,12,1,"b_hw_1",-0.0364212574322811,0.00297820711291701
150,12,1,"b_ch_1",-1.14203666471877,0.0700074729022643
150,12,2,"b_tt_1",-0.236963351807378,0.00677335588109936
150,12,2,"b_tt_2",-0.0341231042489498,0.0410724548721221
150,12,2,"b_tc_1",-0.884803576477758,0.0175976688141386
150,12,2,"b_tc_2",-0.0299122464152413,0.153293678423222
150,12,2,"b_hw_1",-0.118058594282054,0.00421829820966881
150,12,2,"b_hw_2",-0.0183039653963843,0.0208604546363816
150,12,2,"b_ch_1",-3.27137957983963,0.104816163396033
150,12,2,"b_ch_2",-0.585754649726108,0.446954601613679
150,12,2,"delta_1",0,NA
150,12,2,"delta_2",-0.198770722444389,0.230511181382709
150,12,3,"b_tt_1",-0.133783779848772,0.0404040673092172
150,12,3,"b_tt_2",-0.0873524486697424,0.0117274901974962
150,12,3,"b_tt_3",-0.0787152139612858,0.0147255143447755
150,12,3,"b_tc_1",-1.36106031601446,0.289036571898042
150,12,3,"b_tc_2",-0.0749415584514245,0.0223181059165638
150,12,3,"b_tc_3",-0.249980048400744,0.0427955770019132
150,12,3,"b_hw_1",-0.0506581033429417,0.0116029161986224
150,12,3,"b_hw_2",-0.0101631854723683,0.00665445906524925
150,12,3,"b_hw_3",-0.0867982743590541,0.0113316738688148
150,12,3,"b_ch_1",-0.543315932631619,0.240624569172015
150,12,3,"b_ch_2",-0.671723036090579,0.174418745479049
150,12,3,"b_ch_3",-2.73836446892614,0.271569959421074
150,12,3,"delta_1",0,NA
150,12,3,"delta_2",0.535491165053889,0.348133007894545
150,12,3,"delta_3",1.2325522837689,0.321830965147632
150,13,1,"b_tt_1",-0.0567941230596375,0.00614726581250978
150,13,1,"b_tc_1",-0.124914822393242,0.0180959763576543
150,13,1,"b_hw_1",-0.0373126100101012,0.00298450759517106
150,13,1,"b_ch_1",-1.19138783694547,0.0706097388867444
150,13,2,"b_tt_1",-0.163202028493016,0.0292086083070925
150,13,2,"b_tt_2",-0.0872120204585544,0.00977403705508362
150,13,2,"b_tc_1",-1.28930154584043,0.213897883109731
150,13,2,"b_tc_2",-0.126121131407045,0.0222581077363537
150,13,2,"b_hw_1",-0.0415890876664359,0.0138400538837145
150,13,2,"b_hw_2",-0.0447851128060612,0.00528520836493727
150,13,2,"b_ch_1",-1.50530466035697,0.412177488137522
150,13,2,"b_ch_2",-1.35525345377876,0.14715022948319
150,13,2,"delta_1",0,NA
150,13,2,"delta_2",0.946771949293892,0.339376267366696
150,13,3,"b_tt_1",-0.571741096778635,NA
150,13,3,"b_tt_2",-0.157076340827423,NA
150,13,3,"b_tt_3",-0.091713741555077,NA
150,13,3,"b_tc_1",-2.02478678789723,NA
150,13,3,"b_tc_2",-1.26470651250671,NA
150,13,3,"b_tc_3",-0.118463987223356,NA
150,13,3,"b_hw_1",-0.207142227138184,NA
150,13,3,"b_hw_2",-0.0404816150545023,NA
150,13,3,"b_hw_3",-0.0386334596089583,NA
150,13,3,"b_ch_1",-253809.509433746,NA
150,13,3,"b_ch_2",-1.15512247563238,NA
150,13,3,"b_ch_3",-1.02108683858727,NA
150,13,3,"delta_1",0,NA
150,13,3,"delta_2",-0.137963453474372,NA
150,13,3,"delta_3",0.64053650054928,NA
150,14,1,"b_tt_1",-0.0527113218393756,0.00637951147650379
150,14,1,"b_tc_1",-0.120263929145764,0.0205788879063212
150,14,1,"b_hw_1",-0.0389827153757451,0.00293151888725836
150,14,1,"b_ch_1",-1.0480527847058,0.0669489301650778
150,14,2,"b_tt_1",-0.689380405125794,0.0068143359558933
150,14,2,"b_tt_2",-0.053046086354019,0.237304540031674
150,14,2,"b_tc_1",-5.90242726315878,0.0213529450703828
150,14,2,"b_tc_2",-0.0878438905426632,2.05160099524634
150,14,2,"b_hw_1",-0.17377885082042,0.00344995475490291
150,14,2,"b_hw_2",-0.0419907375585154,0.0618459286604265
150,14,2,"b_ch_1",-9.46170805293855,0.0770557842514654
150,14,2,"b_ch_2",-0.924044924738594,3.5723856073882
150,14,2,"delta_1",0,NA
150,14,2,"delta_2",1.32927193489517,0.235024463989291
150,14,3,"b_tt_1",-0.290534232206741,0.0637572347406859
150,14,3,"b_tt_2",-0.0833212719307468,0.011759782102413
150,14,3,"b_tt_3",-0.0631610527468914,0.0170663415735302
150,14,3,"b_tc_1",-2.08664930136747,0.457789642077275
150,14,3,"b_tc_2",-0.127078227273987,0.0324506252271326
150,14,3,"b_tc_3",-0.163900944040819,0.0690233570268384
150,14,3,"b_hw_1",-0.025543441339264,0.0154536221847392
150,14,3,"b_hw_2",-0.0416772639554323,0.0053422692354381
150,14,3,"b_hw_3",-0.0932742285078971,0.0153748988986998
150,14,3,"b_ch_1",-2.18295559320558,0.708870755792944
150,14,3,"b_ch_2",-0.515445134177369,0.123362022187727
150,14,3,"b_ch_3",-2.97698661185368,0.473090706007227
150,14,3,"delta_1",0,NA
150,14,3,"delta_2",0.968567688437076,0.328267653891283
150,14,3,"delta_3",0.771133351267904,0.363177071392698
150,15,1,"b_tt_1",-0.0721064084516009,0.00757676697189684
150,15,1,"b_tc_1",-0.160913372823688,0.0216075652918946
150,15,1,"b_hw_1",-0.0365496966411871,0.00294864474869168
150,15,1,"b_ch_1",-1.07534969340501,0.0681865069585113
150,15,2,"b_tt_1",-0.491972439362584,0.0907814524221299
150,15,2,"b_tt_2",-0.0664809139703229,0.00870694966360079
150,15,2,"b_tc_1",-2.83662676101277,0.553607314529091
150,15,2,"b_tc_2",-0.109990208469905,0.0222898796413971
150,15,2,"b_hw_1",-0.0707706024250621,0.0129047901943982
150,15,2,"b_hw_2",-0.0383941316276532,0.0039203836558935
150,15,2,"b_ch_1",-3.24454334050638,0.566013513984001
150,15,2,"b_ch_2",-0.811660780762158,0.0943993956483038
150,15,2,"delta_1",0,NA
150,15,2,"delta_2",0.601251883637492,0.248091894974446
150,15,3,"b_tt_1",-0.487163166954038,0.018772701663221
150,15,3,"b_tt_2",-0.115612730532937,0.0912308744026585
150,15,3,"b_tt_3",-0.0224354828005403,0.0155733358159334
150,15,3,"b_tc_1",-2.85248972318283,0.0366656444608743
150,15,3,"b_tc_2",-0.179704857890965,0.549448616750211
150,15,3,"b_tc_3",-0.0931776012691157,0.0524643353046916
150,15,3,"b_hw_1",-0.067275516843403,0.007814498195033
150,15,3,"b_hw_2",-0.0381521833284487,0.0129197807884493
150,15,3,"b_hw_3",-0.0582506402421017,0.0258853525752879
150,15,3,"b_ch_1",-3.07758313909936,0.133071314684469
150,15,3,"b_ch_2",-0.69331666921836,0.548661020729006
150,15,3,"b_ch_3",-1.66875226358792,0.4999999662915
150,15,3,"delta_1",0,NA
150,15,3,"delta_2",0.326469225514129,0.286136264977945
150,15,3,"delta_3",-0.392818637854964,0.436692914984679
150,16,1,"b_tt_1",-0.0671773492933087,0.00806810590757489
150,16,1,"b_tc_1",-0.171118309252143,0.0263580847805698
150,16,1,"b_hw_1",-0.0366063264135994,0.00295635517760641
150,16,1,"b_ch_1",-1.15965387394221,0.0700232360334866
150,16,2,"b_tt_1",-0.318299447443328,0.0515823525877772
150,16,2,"b_tt_2",-0.0694615639319647,0.0104447975403676
150,16,2,"b_tc_1",-2.08476686115782,0.3094422460013
150,16,2,"b_tc_2",-0.100496915476551,0.0288027007239398
150,16,2,"b_hw_1",-0.0638797547128534,0.0102086745310175
150,16,2,"b_hw_2",-0.039180203143865,0.00467344719535205
150,16,2,"b_ch_1",-2.41527981832324,0.312699313332506
150,16,2,"b_ch_2",-1.02270619446705,0.11197032807989
150,16,2,"delta_1",0,NA
150,16,2,"delta_2",0.376123554427345,0.243945196711652
150,16,3,"b_tt_1",-0.403204971584299,0.0348890579172167
150,16,3,"b_tt_2",-0.220917963017557,0.00960008386480502
150,16,3,"b_tt_3",-0.0240634091362155,0.0789173767891631
150,16,3,"b_tc_1",-2.53910923515346,0.0791179956791001
150,16,3,"b_tc_2",-0.32570298840415,0.0282791639273717
150,16,3,"b_tc_3",-0.050295686916138,0.450781611406865
150,16,3,"b_hw_1",-0.0664438050384729,0.0138610974810778
150,16,3,"b_hw_2",-0.079388749887272,0.00582339358071477
150,16,3,"b_hw_3",-0.0265281283832518,0.0139598138491458
150,16,3,"b_ch_1",-2.42251084989973,0.463309876245874
150,16,3,"b_ch_2",-3.06018220178512,0.134559401081138
150,16,3,"b_ch_3",-0.339471669626129,0.442302685419794
150,16,3,"delta_1",0,NA
150,16,3,"delta_2",0.336767620665437,0.294127434287658
150,16,3,"delta_3",-0.164791339441284,0.301779197743979
150,17,1,"b_tt_1",-0.0528242975385964,0.00621926236989398
150,17,1,"b_tc_1",-0.097664909788602,0.0185206502238608
150,17,1,"b_hw_1",-0.0409165127513127,0.00306475052827513
150,17,1,"b_ch_1",-1.05611021009847,0.0667503630759351
150,17,2,"b_tt_1",-0.158127718001647,0.029236449562741
150,17,2,"b_tt_2",-0.0470259968585237,0.00761082173223406
150,17,2,"b_tc_1",-0.678990326242014,0.114216236016848
150,17,2,"b_tc_2",-0.0529576678730172,0.0178293666677317
150,17,2,"b_hw_1",-0.0742546456869907,0.0158844842429871
150,17,2,"b_hw_2",-0.0351583562559454,0.00460994017677146
150,17,2,"b_ch_1",-3.04680520029708,0.490706472137828
150,17,2,"b_ch_2",-0.528279323656499,0.105465137770988
150,17,2,"delta_1",0,NA
150,17,2,"delta_2",0.127039272170084,0.267786198438799
150,17,3,"b_tt_1",-0.245712755634635,0.0197936103718167
150,17,3,"b_tt_2",-0.0963238220274786,0.0106639419145918
150,17,3,"b_tt_3",-0.0797935169746773,0.0491039307826056
150,17,3,"b_tc_1",-1.77876607283553,0.0617047494287119
150,17,3,"b_tc_2",-0.258431709842102,0.0211322618405631
150,17,3,"b_tc_3",-0.0766909741696046,0.353171671415585
150,17,3,"b_hw_1",-0.0368957672354244,0.0146908502566454
150,17,3,"b_hw_2",-0.0750149007360953,0.00623199417035786
150,17,3,"b_hw_3",-0.0423523834883205,0.0128040203072078
150,17,3,"b_ch_1",-0.973234260549914,0.503395658938148
150,17,3,"b_ch_2",-3.39660746421449,0.133248355589366
150,17,3,"b_ch_3",-0.531938186301664,0.310652651157151
150,17,3,"delta_1",0,NA
150,17,3,"delta_2",0.764303918647738,0.269132749793254
150,17,3,"delta_3",0.716666926942973,0.327223598085911
150,18,1,"b_tt_1",-0.0646830357191222,0.0072121725422802
150,18,1,"b_tc_1",-0.134132643705911,0.0222036263134366
150,18,1,"b_hw_1",-0.0373872497030188,0.00302324426993869
150,18,1,"b_ch_1",-1.12352979882037,0.0688171956014332
150,18,2,"b_tt_1",-0.241696483557558,0.0425985683198507
150,18,2,"b_tt_2",-0.0777048681873403,0.0092699015114136
150,18,2,"b_tc_1",-1.82355315714529,0.29435486201339
150,18,2,"b_tc_2",-0.105604535278109,0.0216643877200853
150,18,2,"b_hw_1",-0.0581877777229116,0.0137893803739011
150,18,2,"b_hw_2",-0.042392673460755,0.00560021021391372
150,18,2,"b_ch_1",-2.1557287198662,0.360792372545694
150,18,2,"b_ch_2",-1.08723016868718,0.10851452827088
150,18,2,"delta_1",0,NA
150,18,2,"delta_2",0.708636816109865,0.290289853701998
150,18,3,"b_tt_1",-0.236070100826619,0.0433252455766548
150,18,3,"b_tt_2",-0.213121120540791,0.0127480158906398
150,18,3,"b_tt_3",-0.0734023851539508,0.0413752555768902
150,18,3,"b_tc_1",-0.73406319394825,0.145622804212055
150,18,3,"b_tc_2",-1.96122809768142,0.0221629627631388
150,18,3,"b_tc_3",-0.0811864709087047,0.366033694762672
150,18,3,"b_hw_1",-0.104039889945475,0.0326867987238671
150,18,3,"b_hw_2",-0.0802293914745234,0.00601725161549708
150,18,3,"b_hw_3",-0.0194098864618189,0.0156397496797429
150,18,3,"b_ch_1",-3.17571172005464,0.600504148760674
150,18,3,"b_ch_2",-1.09260263720396,0.156461123542762
150,18,3,"b_ch_3",-0.815464267603912,0.300626350363444
150,18,3,"delta_1",0,NA
150,18,3,"delta_2",-0.77254843245527,0.330027377538967
150,18,3,"delta_3",-0.190695961283926,0.333581917362195
150,19,1,"b_tt_1",-0.0671454833911594,0.00745134328804482
150,19,1,"b_tc_1",-0.154740110903601,0.0248108719475122
150,19,1,"b_hw_1",-0.0435260492611711,0.00320725107009356
150,19,1,"b_ch_1",-1.21863635058272,0.0723839458854575
150,19,2,"b_tt_1",-0.277228778188083,0.0561696185731167
150,19,2,"b_tt_2",-0.035310163497234,0.00832751312994558
150,19,2,"b_tc_1",-0.963947110152152,0.187203399717795
150,19,2,"b_tc_2",-0.052543035026143,0.0247432649653652
150,19,2,"b_hw_1",-0.0727978792349539,0.0111189496126399
150,19,2,"b_hw_2",-0.0382114510674145,0.00490715745382507
150,19,2,"b_ch_1",-3.10084101633331,0.44174234154603
150,19,2,"b_ch_2",-0.652134489702585,0.132065518648278
150,19,2,"delta_1",0,NA
150,19,2,"delta_2",-0.111368307475377,0.298960154627168
150,19,3,"b_tt_1",-0.481818540044424,0.0100642985826376
150,19,3,"b_tt_2",-0.395255326894001,0.191305875304357
150,19,3,"b_tt_3",-0.0402319836164121,0.209541129926086
150,19,3,"b_tc_1",-3.0154094474959,0.0276726208592683
150,19,3,"b_tc_2",-1.31167722838502,1.00455389204301
150,19,3,"b_tc_3",-0.0413175377431477,0.643500604431303
150,19,3,"b_hw_1",-0.14719696875695,0.00782119713197546
150,19,3,"b_hw_2",-0.0780833086111772,0.043807002504004
150,19,3,"b_hw_3",-0.0417984178925155,0.0146084451595393
150,19,3,"b_ch_1",-0.430098197794907,0.210575272682444
150,19,3,"b_ch_2",-4.04333610019525,0.494098327393584
150,19,3,"b_ch_3",-1.01579048724874,1.72536173281447
150,19,3,"delta_1",0,NA
150,19,3,"delta_2",1.36731751853985,0.425321683800838
150,19,3,"delta_3",1.61512963774148,0.590211060907074
150,20,1,"b_tt_1",-0.0642322564214025,0.00716706444348217
150,20,1,"b_tc_1",-0.113954156030825,0.0203452654488591
150,20,1,"b_hw_1",-0.0405435561408054,0.00305845002253074
150,20,1,"b_ch_1",-1.12988397544304,0.0704255534207551
150,20,2,"b_tt_1",-0.13604964117834,0.0253795910746483
150,20,2,"b_tt_2",-0.0628315516235457,0.0119401019799039
150,20,2,"b_tc_1",-0.566266249513375,0.0924457994714568
150,20,2,"b_tc_2",-0.0831332716867729,0.0226028407581034
150,20,2,"b_hw_1",-0.0511552813587363,0.00745522972675344
150,20,2,"b_hw_2",-0.0411929147795175,0.00546034197355347
150,20,2,"b_ch_1",-2.22173673615112,0.254609504085035
150,20,2,"b_ch_2",-0.57378094640234,0.1482897324689
150,20,2,"delta_1",0,NA
150,20,2,"delta_2",-0.130297916875787,0.338856582878665
150,20,3,"b_tt_1",-0.526602066634185,0.125690410850637
150,20,3,"b_tt_2",-0.132721693296404,0.0219512050641366
150,20,3,"b_tt_3",-0.0439395138470157,0.0114691687542889
150,20,3,"b_tc_1",-3.13976985087011,0.736204506398902
150,20,3,"b_tc_2",-0.1087274106919,0.027691410650257
150,20,3,"b_tc_3",-0.144591577087647,0.0338686131136897
150,20,3,"b_hw_1",-0.0661803776103234,0.0183604656192193
150,20,3,"b_hw_2",-0.0264223951212194,0.00761895436354698
150,20,3,"b_hw_3",-0.0705246420862419,0.00996837590758954
150,20,3,"b_ch_1",-2.9781693731477,0.601606013398159
150,20,3,"b_ch_2",-1.15829266753834,0.217573157034188
150,20,3,"b_ch_3",-1.33050793466076,0.171080073678905
150,20,3,"delta_1",0,NA
150,20,3,"delta_2",0.385025655125606,0.362378848064068
150,20,3,"delta_3",0.882943536521751,0.344161648738163
100,1,1,"b_tt_1",-0.0606011921628817,0.00951149368977041
100,1,1,"b_tc_1",-0.125088262746981,0.0314629970605481
100,1,1,"b_hw_1",-0.0439546016872636,0.00399861079357657
100,1,1,"b_ch_1",-1.26187723222796,0.0916842836400997
100,1,2,"b_tt_1",-0.144495574748327,0.0153683541424846
100,1,2,"b_tt_2",-0.00972242452820034,0.0191700909687925
100,1,2,"b_tc_1",-0.348974891178518,0.0728362962696845
100,1,2,"b_tc_2",0.0570646143968696,0.0590336063599688
100,1,2,"b_hw_1",-0.0717941701653921,0.00620759400916801
100,1,2,"b_hw_2",-0.028293381299753,0.00954390858172509
100,1,2,"b_ch_1",-2.56631812083654,0.156241817028875
100,1,2,"b_ch_2",-0.167974249022598,0.253814009404032
100,1,2,"delta_1",0,NA
100,1,2,"delta_2",-1.03207387170065,0.291246581078562
100,1,3,"b_tt_1",-0.19655888139365,0.0216051550940243
100,1,3,"b_tt_2",-0.164454888567768,0.046842395668885
100,1,3,"b_tt_3",-0.024512822609722,0.0306277672805492
100,1,3,"b_tc_1",-1.70787541065877,0.0563127379167014
100,1,3,"b_tc_2",-0.361633552618933,0.362765076553871
100,1,3,"b_tc_3",0.226543978063165,0.130609825811001
100,1,3,"b_hw_1",-0.0332901089261614,0.0106720936919407
100,1,3,"b_hw_2",-0.0780925006103551,0.0116823631521227
100,1,3,"b_hw_3",-0.0420322692240407,0.0102927198149323
100,1,3,"b_ch_1",-1.52076315984015,0.280393752536083
100,1,3,"b_ch_2",-2.72966397161216,0.427274073710827
100,1,3,"b_ch_3",-0.0268325393202209,0.222171503898224
100,1,3,"delta_1",0,NA
100,1,3,"delta_2",1.19514799193667,0.370680390516358
100,1,3,"delta_3",-0.208623338534718,0.331592115133612
100,2,1,"b_tt_1",-0.0506151244946891,0.00779156748580438
100,2,1,"b_tc_1",-0.105430690552731,0.0249516697123626
100,2,1,"b_hw_1",-0.0316178529299745,0.00336066794116705
100,2,1,"b_ch_1",-1.11862472338778,0.0836200555576194
100,2,2,"b_tt_1",-0.103356611017534,0.015627094710245
100,2,2,"b_tt_2",-0.076876408918652,0.0169314669958906
100,2,2,"b_tc_1",-0.112310340645366,0.0856849843492057
100,2,2,"b_tc_2",-0.440689559622772,0.0285040894368417
100,2,2,"b_hw_1",-0.042946211551973,0.00771794833965419
100,2,2,"b_hw_2",-0.0317790727514941,0.00912516868649509
100,2,2,"b_ch_1",-1.05700549709334,0.184312566354468
100,2,2,"b_ch_2",-1.38702384813822,0.250118432030298
100,2,2,"delta_1",0,NA
100,2,2,"delta_2",0.263934406591832,0.420574778638561
100,2,3,"b_tt_1",-0.30315368545963,0.0845747017441981
100,2,3,"b_tt_2",-0.0958790671324199,0.0196321491304253
100,2,3,"b_tt_3",-0.045813977836655,0.0178057970768763
100,2,3,"b_tc_1",-2.08059066044673,0.508888173367699
100,2,3,"b_tc_2",-0.0892122725599767,0.0535389557874486
100,2,3,"b_tc_3",-0.15140290880162,0.0274923421791501
100,2,3,"b_hw_1",-0.0281225968203321,0.011433871349794
100,2,3,"b_hw_2",-0.0298684827173622,0.0108997870838561
100,2,3,"b_hw_3",-0.0678782114902483,0.00823944083015822
100,2,3,"b_ch_1",-2.00777679789875,0.480012742346319
100,2,3,"b_ch_2",-0.587822590961466,0.279852474557975
100,2,3,"b_ch_3",-1.85437812753705,0.227211586370758
100,2,3,"delta_1",0,NA
100,2,3,"delta_2",-0.0215209240376706,0.379963138535958
100,2,3,"delta_3",0.415734268078575,0.417187163620632
100,3,1,"b_tt_1",-0.0619395516269374,0.00834524810625134
100,3,1,"b_tc_1",-0.136545365453977,0.0257683654134809
100,3,1,"b_hw_1",-0.0398822521706074,0.00377675987865637
100,3,1,"b_ch_1",-1.21923872148747,0.0895404794073116
100,3,2,"b_tt_1",-0.092910264762925,0.0152886736228953
100,3,2,"b_tt_2",-0.0775327038782538,0.0191505423189893
100,3,2,"b_tc_1",-0.137704893905579,0.0333432559374192
100,3,2,"b_tc_2",-0.508075216394262,0.106392603032892
100,3,2,"b_hw_1",-0.0511308485394793,0.00630902738622409
100,3,2,"b_hw_2",-0.0384986597069033,0.0103140812278946
100,3,2,"b_ch_1",-1.06383792785668,0.14248907765776
100,3,2,"b_ch_2",-2.27225297035107,0.530221972443738
100,3,2,"delta_1",0,NA
100,3,2,"delta_2",-0.41741807348516,0.456632856695684
100,3,3,"b_tt_1",-0.304752832454485,0.0215828128885696
100,3,3,"b_tt_2",-0.111803162467902,0.0156532169119626
100,3,3,"b_tt_3",-0.0745983781729403,0.0947395324252326
100,3,3,"b_tc_1",-0.658722796270439,0.0510208445912417
100,3,3,"b_tc_2",-0.148133702244696,0.0752659266605321
100,3,3,"b_tc_3",-0.45541894712163,0.210556173443603
100,3,3,"b_hw_1",-0.264008741319138,0.00826136062574528
100,3,3,"b_hw_2",-0.0311857085057693,0.00768183971706834
100,3,3,"b_hw_3",-0.0395375710572676,0.0786363041146951
100,3,3,"b_ch_1",-3.1769273845029,0.210960019835417
100,3,3,"b_ch_2",-0.907525257503139,0.247134311285546
100,3,3,"b_ch_3",-1.8137067286064,0.898969592382678
100,3,3,"delta_1",0,NA
100,3,3,"delta_2",0.242775198877652,0.359234092658062
100,3,3,"delta_3",0.641044390292043,0.450853307019345
100,4,1,"b_tt_1",-0.060342475112898,0.0100018365333967
100,4,1,"b_tc_1",-0.188979045081056,0.0299403464351169
100,4,1,"b_hw_1",-0.0335227618152519,0.003691945957845
100,4,1,"b_ch_1",-1.42028960109691,0.0959982527785906
100,4,2,"b_tt_1",-0.219069217657275,0.0135813733495047
100,4,2,"b_tt_2",-0.0375594045075944,0.0523443318683532
100,4,2,"b_tc_1",-0.868568722471627,0.0342527643763628
100,4,2,"b_tc_2",-0.0735611848521716,0.194008350907028
100,4,2,"b_hw_1",-0.0474109772502451,0.00571452957680048
100,4,2,"b_hw_2",-0.0330160870067587,0.0158354779421255
100,4,2,"b_ch_1",-3.76295601032934,0.135683756310091
100,4,2,"b_ch_2",-0.957313731369094,1.03107167695418
100,4,2,"delta_1",0,NA
100,4,2,"delta_2",0.183410316689664,0.360089159385369
100,4,3,"b_tt_1",-0.611976867686051,0.27265042082772
100,4,3,"b_tt_2",-0.11255957364283,0.0199699286074673
100,4,3,"b_tt_3",-0.0247094425929875,0.0221419135965543
100,4,3,"b_tc_1",-3.65455113584621,1.67867970895783
100,4,3,"b_tc_2",-0.304322255908489,0.0662013897904493
100,4,3,"b_tc_3",-0.0497237734434404,0.0559412311656399
100,4,3,"b_hw_1",-0.0906594896446946,0.0388254405959126
100,4,3,"b_hw_2",-0.0111944256201403,0.00656438465368413
100,4,3,"b_hw_3",-0.0845988130013318,0.0181028790553151
100,4,3,"b_ch_1",-35.035736059349,17.9893103374928
100,4,3,"b_ch_2",-1.14729597159662,0.1790998091388
100,4,3,"b_ch_3",-1.63115056584707,0.291482757509098
100,4,3,"delta_1",0,NA
100,4,3,"delta_2",0.392281221122433,0.351589332635204
100,4,3,"delta_3",0.197791975004786,0.365660474810333
100,5,1,"b_tt_1",-0.0643426408517105,0.00926352522132232
100,5,1,"b_tc_1",-0.206544597375775,0.0347015480604464
100,5,1,"b_hw_1",-0.0456220282116357,0.0039632021546605
100,5,1,"b_ch_1",-1.15914152255297,0.0872248569306502
100,5,2,"b_tt_1",-0.215902326711063,0.0354721185222399
100,5,2,"b_tt_2",-0.015512931961759,0.0110285595930205
100,5,2,"b_tc_1",-0.794700577908357,0.129553962642323
100,5,2,"b_tc_2",0.0311803920128604,0.0512068980437107
100,5,2,"b_hw_1",-0.0531588228479074,0.00914345537994123
100,5,2,"b_hw_2",-0.0526621728089172,0.00777532540903177
100,5,2,"b_ch_1",-2.63435114637639,0.383297333938064
100,5,2,"b_ch_2",-0.586802963255715,0.154528791813761
100,5,2,"delta_1",0,NA
100,5,2,"delta_2",-0.343975732978901,0.325999069377261
100,5,3,"b_tt_1",-0.559266701360057,0.197019834213069
100,5,3,"b_tt_2",-0.458838715833143,0.0100596271594056
100,5,3,"b_tt_3",-0.0235552961959349,0.129050529172653
100,5,3,"b_tc_1",-3.37169541528351,1.11381104792151
100,5,3,"b_tc_2",-1.28930242878792,0.0409829014087302
100,5,3,"b_tc_3",-0.0178262262114965,0.371638085793671
100,5,3,"b_hw_1",-0.0588096318211447,0.0255280723426719
100,5,3,"b_hw_2",-0.0896716473750879,0.00652925722117528
100,5,3,"b_hw_3",-0.056518857874965,0.0208990262030329
100,5,3,"b_ch_1",-3.77849017438109,1.2945783333302
100,5,3,"b_ch_2",-5.21494105416298,0.138047010447325
100,5,3,"b_ch_3",-0.72415975637005,1.29806006127041
100,5,3,"delta_1",0,NA
100,5,3,"delta_2",0.690091766503468,0.4361571898546
100,5,3,"delta_3",1.10437989231647,0.512237066031095
100,6,1,"b_tt_1",-0.0637391516715481,0.00839633536752139
100,6,1,"b_tc_1",-0.180255968070833,0.0293460476497923
100,6,1,"b_hw_1",-0.0354925286078503,0.00364259259976
100,6,1,"b_ch_1",-1.23806551260087,0.0911905490178112
100,6,2,"b_tt_1",-0.119177470824281,0.023166871572509
100,6,2,"b_tt_2",-0.10276370810384,0.0174021471058811
100,6,2,"b_tc_1",-0.203543579040212,0.166840004635362
100,6,2,"b_tc_2",-0.822048055917073,0.0406917354607146
100,6,2,"b_hw_1",-0.0364303339588196,0.0117120323754692
100,6,2,"b_hw_2",-0.0489471410810397,0.0083378564010293
100,6,2,"b_ch_1",-1.92533824223761,0.269727602191322
100,6,2,"b_ch_2",-0.920425402811834,0.219485485541667
100,6,2,"delta_1",0,NA
100,6,2,"delta_2",-0.540591349547495,0.332330208243979
100,6,3,"b_tt_1",-0.223366127872104,0.0489869073363808
100,6,3,"b_tt_2",-0.208431231866501,0.0358762762336418
100,6,3,"b_tt_3",-0.0323383897936879,0.0133632673218768
100,6,3,"b_tc_1",-1.83664015610562,0.336993797829349
100,6,3,"b_tc_2",-0.368782221111629,0.0770943274157851
100,6,3,"b_tc_3",-0.0598394391603671,0.0394777720455254
100,6,3,"b_hw_1",-0.0688107342577969,0.0129748333244414
100,6,3,"b_hw_2",-0.0354279150517918,0.0098652433776847
100,6,3,"b_hw_3",-0.0451267589187649,0.0110695848919485
100,6,3,"b_ch_1",-2.04761616292742,0.339553158083277
100,6,3,"b_ch_2",-2.83313144439121,0.431635695591077
100,6,3,"b_ch_3",-0.435986709819734,0.25622606701942
100,6,3,"delta_1",0,NA
100,6,3,"delta_2",0.195452044496977,0.310503209427981
100,6,3,"delta_3",-0.607628895156925,0.469506586526387
100,7,1,"b_tt_1",-0.0524322092692393,0.00738461664742951
100,7,1,"b_tc_1",-0.0616713323537152,0.021438779860734
100,7,1,"b_hw_1",-0.0365696720588212,0.00371211734807848
100,7,1,"b_ch_1",-1.3267212416763,0.0913640682525625
100,7,2,"b_tt_1",-0.235922293442255,0.0522375690182677
100,7,2,"b_tt_2",-0.0729023832850858,0.010764514548905
100,7,2,"b_tc_1",-1.89785151969745,0.417092471789677
100,7,2,"b_tc_2",-0.0504270548890524,0.0268683727294787
100,7,2,"b_hw_1",-0.0469730485982712,0.0119999562401918
100,7,2,"b_hw_2",-0.0471522431711927,0.0058267915966305
100,7,2,"b_ch_1",-2.98570290289776,0.502026489702895
100,7,2,"b_ch_2",-1.29379300115137,0.149054589939029
100,7,2,"delta_1",0,NA
100,7,2,"delta_2",0.663824150920131,0.353474495922081
100,7,3,"b_tt_1",-0.24261447394036,0.0161386494243528
100,7,3,"b_tt_2",-0.121935087639713,0.0524946669110789
100,7,3,"b_tt_3",-0.0050668569454235,0.0227272808079972
100,7,3,"b_tc_1",-1.98223362741678,0.0269664097915827
100,7,3,"b_tc_2",-0.105912263286664,0.411003322311508
100,7,3,"b_tc_3",0.190465041547168,0.115661357554666
100,7,3,"b_hw_1",-0.0486159878173749,0.00717225579153381
100,7,3,"b_hw_2",-0.0360779194901063,0.0125140950488934
100,7,3,"b_hw_3",-0.177396201397829,0.0416952996378931
100,7,3,"b_ch_1",-3.07154060282985,0.20341892536838
100,7,3,"b_ch_2",-1.45103069435036,0.529866979100918
100,7,3,"b_ch_3",-2.28173968947532,0.635303056684511
100,7,3,"delta_1",0,NA
100,7,3,"delta_2",0.409575682208376,0.365355999111454
100,7,3,"delta_3",-0.506192177606418,0.39228897492162
100,8,1,"b_tt_1",-0.0694560486687833,0.00867934969849468
100,8,1,"b_tc_1",-0.136829488843964,0.0240591588054082
100,8,1,"b_hw_1",-0.0363115239057934,0.00359698061036593
100,8,1,"b_ch_1",-1.01895564464128,0.0823728556827043
100,8,2,"b_tt_1",-0.327342795154789,0.0615943593715604
100,8,2,"b_tt_2",-0.0478699423869357,0.0101996518695052
100,8,2,"b_tc_1",-1.1435761653066,0.200234275089509
100,8,2,"b_tc_2",-0.0715245454833825,0.024495608693902
100,8,2,"b_hw_1",-0.0736440052412327,0.013657580320702
100,8,2,"b_hw_2",-0.0300849485711022,0.00509754876354579
100,8,2,"b_ch_1",-3.61226885524806,0.601458749839704
100,8,2,"b_ch_2",-0.397186064950996,0.115974372368388
100,8,2,"delta_1",0,NA
100,8,2,"delta_2",-0.0249849852533624,0.259865868111891
100,8,3,"b_tt_1",-1.29475981659424,0.0673996922859861
100,8,3,"b_tt_2",-0.229883170173589,0.455104972104532
100,8,3,"b_tt_3",-0.0686355823600019,0.0106825852278819
100,8,3,"b_tc_1",-3.88717300662812,0.528176743823353
100,8,3,"b_tc_2",-2.09358140908517,1.44154346935009
100,8,3,"b_tc_3",-0.0955533173679313,0.0254923374234879
100,8,3,"b_hw_1",-0.544608145980748,0.0207031460416971
100,8,3,"b_hw_2",-0.0667114134517765,0.20162074587306
100,8,3,"b_hw_3",-0.0274866410408645,0.00489430523695671
100,8,3,"b_ch_1",-16.319730295312,0.445962280668897
100,8,3,"b_ch_2",-0.341396550460567,5.66732615379888
100,8,3,"b_ch_3",-0.730658851002444,0.116031637215844
100,8,3,"delta_1",0,NA
100,8,3,"delta_2",-0.975620993921956,0.387297350175551
100,8,3,"delta_3",0.444041784227829,0.392976131429725
100,9,1,"b_tt_1",-0.0818681502676171,0.00934283127139888
100,9,1,"b_tc_1",-0.133203242166354,0.0231511455451642
100,9,1,"b_hw_1",-0.0419715896343406,0.00386446869034831
100,9,1,"b_ch_1",-1.1415266026941,0.0877132371770676
100,9,2,"b_tt_1",-0.244988180227324,0.0514302391805344
100,9,2,"b_tt_2",-0.0723943348315932,0.0135516556045303
100,9,2,"b_tc_1",-0.890702618858893,0.170386477311117
100,9,2,"b_tc_2",-0.0924521656358189,0.0236824447979492
100,9,2,"b_hw_1",-0.0483615074571523,0.00892300740219495
100,9,2,"b_hw_2",-0.0510344182403619,0.00651642747234483
100,9,2,"b_ch_1",-2.85052086579946,0.641853636756236
100,9,2,"b_ch_2",-0.656449843106669,0.155195184348317
100,9,2,"delta_1",0,NA
100,9,2,"delta_2",0.187356817570335,0.380059341512702
100,9,3,"b_tt_1",-0.530613056262021,0.0169556213610428
100,9,3,"b_tt_2",-0.152315075283286,0.0244395960977776
100,9,3,"b_tt_3",-0.0641965678107737,0.129422148322361
100,9,3,"b_tc_1",-3.14899113516635,0.0260513398646245
100,9,3,"b_tc_2",-0.288336724967324,0.0584560092047561
100,9,3,"b_tc_3",-0.0655900166081048,0.776641127625561
100,9,3,"b_hw_1",-0.0572449415970694,0.00898283882341439
100,9,3,"b_hw_2",-0.0745502153509543,0.0116177519657068
100,9,3,"b_hw_3",-0.0444479578638228,0.0179051222323047
100,9,3,"b_ch_1",-3.32739314777413,0.211875326939992
100,9,3,"b_ch_2",-2.17929361181608,0.32530707962886
100,9,3,"b_ch_3",-0.155046465293446,0.755619566596367
100,9,3,"delta_1",0,NA
100,9,3,"delta_2",0.915696829813723,0.402695187919517
100,9,3,"delta_3",0.197044738252854,0.424861571685517
100,10,1,"b_tt_1",-0.0430134580130502,0.00724640882925731
100,10,1,"b_tc_1",-0.0918315011697887,0.0225572866989476
100,10,1,"b_hw_1",-0.0364030632516404,0.00351633330071512
100,10,1,"b_ch_1",-1.15213541827534,0.0847379605184418
100,10,2,"b_tt_1",-0.169845920995781,0.0339114404893535
100,10,2,"b_tt_2",-0.0692234092951401,0.00969473055836789
100,10,2,"b_tc_1",-1.45373449550997,0.264512174394225
100,10,2,"b_tc_2",-0.0858249901332899,0.0222989517252287
100,10,2,"b_hw_1",-0.051134818521044,0.013655450383614
100,10,2,"b_hw_2",-0.042903076382351,0.00623237394823869
100,10,2,"b_ch_1",-0.719386849565399,0.298295070019866
100,10,2,"b_ch_2",-1.62045231303455,0.154823697302354
100,10,2,"delta_1",0,NA
100,10,2,"delta_2",0.967139764813046,0.317176116162072
100,10,3,"b_tt_1",-0.333833157173985,0.0195279724586023
100,10,3,"b_tt_2",-0.114111036461888,0.0129432081675187
100,10,3,"b_tt_3",-0.0362624382713241,0.0823721612683909
100,10,3,"b_tc_1",-2.44364676307004,0.0329009382261169
100,10,3,"b_tc_2",-0.0955987080437548,0.0480237083728563
100,10,3,"b_tc_3",-0.146586167465143,0.574276698206731
100,10,3,"b_hw_1",-0.0337210141537409,0.00863225261337645
100,10,3,"b_hw_2",-0.051260904279675,0.00890250816162339
100,10,3,"b_hw_3",-0.0564066540680451,0.018065856171125
100,10,3,"b_ch_1",-2.46512553638526,0.300428487125911
100,10,3,"b_ch_2",-2.22514441968054,0.193392284831795
100,10,3,"b_ch_3",-0.706725995323401,0.643178499519838
100,10,3,"delta_1",0,NA
100,10,3,"delta_2",0.823273264765581,0.365056395437039
100,10,3,"delta_3",0.426281936295793,0.39198110053741
100,11,1,"b_tt_1",-0.0532014433192732,0.00950800813432614
100,11,1,"b_tc_1",-0.119307662565431,0.0330851942576761
100,11,1,"b_hw_1",-0.0437400415600987,0.00378915204641042
100,11,1,"b_ch_1",-1.12376999461963,0.0837336064060445
100,11,2,"b_tt_1",-0.17684594262953,0.0117220380402168
100,11,2,"b_tt_2",-0.0504418104540492,0.0591543603103328
100,11,2,"b_tc_1",0.275736360139986,0.0408255586663889
100,11,2,"b_tc_2",-0.195764125209946,0.147260566416942
100,11,2,"b_hw_1",-0.0716547487659907,0.00501855789794937
100,11,2,"b_hw_2",-0.0500926424283913,0.0187357935904287
100,11,2,"b_ch_1",-3.45292660590184,0.113320983365817
100,11,2,"b_ch_2",-0.95320134870499,0.822778897268226
100,11,2,"delta_1",0,NA
100,11,2,"delta_2",0.967790700791023,0.344232893053138
100,11,3,"b_tt_1",-0.132549906801212,0.0266810031963342
100,11,3,"b_tt_2",-0.114564074518489,0.0326505392693628
100,11,3,"b_tt_3",-0.0709478842154098,0.0291194952446635
100,11,3,"b_tc_1",-0.428713653229227,0.14310036617466
100,11,3,"b_tc_2",0.04059873913761,0.0868318877074813
100,11,3,"b_tc_3",-0.464805837622623,0.0964490625756366
100,11,3,"b_hw_1",-0.114696219837105,0.00923996583034716
100,11,3,"b_hw_2",-0.0274517630778598,0.0136835447141526
100,11,3,"b_hw_3",-0.0443758212759661,0.0244917404669335
100,11,3,"b_ch_1",-3.18904139215067,0.186039091487361
100,11,3,"b_ch_2",-1.60749011555218,0.429391787639202
100,11,3,"b_ch_3",-0.240521878348423,0.554096030083937
100,11,3,"delta_1",0,NA
100,11,3,"delta_2",-0.578762143969749,0.413261094038331
100,11,3,"delta_3",-0.444510874082367,0.366887082970639
100,12,1,"b_tt_1",-0.0531528304851871,0.00804500410896559
100,12,1,"b_tc_1",-0.11450918483157,0.0237949458314292
100,12,1,"b_hw_1",-0.0371066144562401,0.00374933058462254
100,12,1,"b_ch_1",-1.19848510211605,0.0872198420471105
100,12,2,"b_tt_1",-0.110639066573303,0.0239400244650313
100,12,2,"b_tt_2",-0.0710766555747459,0.01526949866685
100,12,2,"b_tc_1",-0.138679479110989,0.191182388178876
100,12,2,"b_tc_2",-0.667946973450396,0.028846173620339
100,12,2,"b_hw_1",-0.0438265732677026,0.00952190322762574
100,12,2,"b_hw_2",-0.0349743033619028,0.00694720380486626
100,12,2,"b_ch_1",-1.97512526204717,0.220146170973682
100,12,2,"b_ch_2",-0.616001277088879,0.220785309743108
100,12,2,"delta_1",0,NA
100,12,2,"delta_2",-0.937124129483089,0.309995349593141
100,12,3,"b_tt_1",-0.170020567679879,0.0274629420689481
100,12,3,"b_tt_2",-0.112212270405269,0.0175075396696027
100,12,3,"b_tt_3",-0.0746200877920908,0.0304095170167542
100,12,3,"b_tc_1",-0.305884286555845,0.0606615627005245
100,12,3,"b_tc_2",-1.16138420296595,0.0281299100090395
100,12,3,"b_tc_3",-0.0767009115958701,0.261840484030461
100,12,3,"b_hw_1",-0.0645830818095385,0.0134220075526034
100,12,3,"b_hw_2",-0.0390075219964311,0.00821160786030075
100,12,3,"b_hw_3",-0.0301065411570722,0.0116606488050366
100,12,3,"b_ch_1",-3.03282442816456,0.409660811836338
100,12,3,"b_ch_2",-1.45056639597241,0.234137680748029
100,12,3,"b_ch_3",-0.00726481443108126,0.30747924895593
100,12,3,"delta_1",0,NA
100,12,3,"delta_2",-0.848853978849267,0.357316270570294
100,12,3,"delta_3",-1.12053723942033,0.367421657298254
100,13,1,"b_tt_1",-0.0700200135806187,0.00856637035535161
100,13,1,"b_tc_1",-0.169615556670993,0.0255556897438078
100,13,1,"b_hw_1",-0.0363489513780598,0.00368038970438398
100,13,1,"b_ch_1",-1.22487054304403,0.0875881010308976
100,13,2,"b_tt_1",-0.150215711780638,0.0200227242577764
100,13,2,"b_tt_2",-0.068917322052996,0.0186997264325704
100,13,2,"b_tc_1",-0.248621658041839,0.0403215520099132
100,13,2,"b_tc_2",-0.448571370654483,0.111319522592386
100,13,2,"b_hw_1",-0.0517968113247961,0.00685066943238194
100,13,2,"b_hw_2",-0.0230148661774437,0.0075353735698483
100,13,2,"b_ch_1",-2.02999868429105,0.212850686128407
100,13,2,"b_ch_2",-0.52739049570325,0.225244217293951
100,13,2,"delta_1",0,NA
100,13,2,"delta_2",-0.975374153627123,0.335544744997671
100,13,3,"b_tt_1",-0.22117296626452,0.0198328236145904
100,13,3,"b_tt_2",-0.183964173057324,0.0601008861149368
100,13,3,"b_tt_3",-0.0795104723797429,0.0428150676867854
100,13,3,"b_tc_1",-0.251989014061378,0.117305909183773
100,13,3,"b_tc_2",-0.373779389467429,0.114060696665661
100,13,3,"b_tc_3",-0.528043048442119,0.0823263474746382
100,13,3,"b_hw_1",-0.0132216387392262,0.0093316064951511
100,13,3,"b_hw_2",-0.0962069357075777,0.0161605791906491
100,13,3,"b_hw_3",-0.0292835855295609,0.0251843029946546
100,13,3,"b_ch_1",-0.732269666547395,0.21192573166068
100,13,3,"b_ch_2",-3.35977785531272,0.276077140258221
100,13,3,"b_ch_3",-0.771719084774233,0.615196235529018
100,13,3,"delta_1",0,NA
100,13,3,"delta_2",1.21011685503171,0.436379597082339
100,13,3,"delta_3",0.609885901380147,0.358885493978556
100,14,1,"b_tt_1",-0.0528259196175096,0.00774144528313959
100,14,1,"b_tc_1",-0.128965428026848,0.0265661256175419
100,14,1,"b_hw_1",-0.0424488835460878,0.00371944869121674
100,14,1,"b_ch_1",-1.11339972693203,0.0852128023856069
100,14,2,"b_tt_1",-0.222922426009897,0.00988270834963001
100,14,2,"b_tt_2",-0.0633887841667864,0.0590788213909198
100,14,2,"b_tc_1",-1.58873792780442,0.032137439644062
100,14,2,"b_tc_2",-0.117703803683453,0.418359010379651
100,14,2,"b_hw_1",0.00289954486318066,0.00537663917806324
100,14,2,"b_hw_2",-0.0576747642509344,0.0132910991717077
100,14,2,"b_ch_1",-1.10198473308887,0.120544930667424
100,14,2,"b_ch_2",-1.30164013017647,0.434809978784927
100,14,2,"delta_1",0,NA
100,14,2,"delta_2",1.74213747669455,0.413234991268209
100,14,3,"b_tt_1",-0.237893324041465,0.0158892652024794
100,14,3,"b_tt_2",-0.0949459323364125,0.0166786826726656
100,14,3,"b_tt_3",-0.0593996243949106,0.0614362440760462
100,14,3,"b_tc_1",-1.70014053870242,0.0604064757788337
100,14,3,"b_tc_2",-0.154989711196415,0.0451945779476894
100,14,3,"b_tc_3",-0.179943937717523,0.439760626473298
100,14,3,"b_hw_1",0.00337021469027846,0.0149578536934388
100,14,3,"b_hw_2",-0.0563927502225201,0.00750220672776652
100,14,3,"b_hw_3",-0.0813612988736345,0.0131137653474681
100,14,3,"b_ch_1",-0.851787378595923,0.457504576233148
100,14,3,"b_ch_2",-0.741778600904958,0.186668325898383
100,14,3,"b_ch_3",-2.74881383777464,0.332788178331119
100,14,3,"delta_1",0,NA
100,14,3,"delta_2",1.16444264569774,0.396323485647223
100,14,3,"delta_3",1.11206773863388,0.410877740126648
100,15,1,"b_tt_1",-0.0858516044655532,0.0103810877775839
100,15,1,"b_tc_1",-0.178744843680723,0.0288487477867453
100,15,1,"b_hw_1",-0.0375995267686917,0.00370293529684457
100,15,1,"b_ch_1",-1.07897573844082,0.0847651650606597
100,15,2,"b_tt_1",-0.313343068222129,0.0454443173677359
100,15,2,"b_tt_2",-0.051220966208899,0.0125730177160752
100,15,2,"b_tc_1",-1.0983300691617,0.167632767019596
100,15,2,"b_tc_2",-0.0707962314394394,0.0275169050473667
100,15,2,"b_hw_1",-0.0700673272621418,0.011077297089592
100,15,2,"b_hw_2",-0.0285948739014066,0.0054311150599842
100,15,2,"b_ch_1",-2.58190679499752,0.338857760178184
100,15,2,"b_ch_2",-0.505062886348288,0.124717666984395
100,15,2,"delta_1",0,NA
100,15,2,"delta_2",-0.220776322795352,0.287488670964318
100,15,3,"b_tt_1",-0.333531204304404,0.0543744100907314
100,15,3,"b_tt_2",-0.184199590491213,0.0574156413904882
100,15,3,"b_tt_3",-0.0797106322604766,0.0167859192478171
100,15,3,"b_tc_1",-1.16006509870496,0.193894727059528
100,15,3,"b_tc_2",-1.78175089652517,0.505107947360872
100,15,3,"b_tc_3",-0.0980391025048547,0.0325277283926103
100,15,3,"b_hw_1",-0.0734513082278462,0.0137720350137285
100,15,3,"b_hw_2",-0.0393149383340848,0.0193216182863867
100,15,3,"b_hw_3",-0.035979954196433,0.00729776048136056
100,15,3,"b_ch_1",-2.84700411213286,0.432933992003908
100,15,3,"b_ch_2",-0.807045103826248,0.470355007777416
100,15,3,"b_ch_3",-0.681408093548614,0.173655531748962
100,15,3,"delta_1",0,NA
100,15,3,"delta_2",-1.27803596426602,0.541640846387896
100,15,3,"delta_3",-0.233740048737471,0.345407607443649
100,16,1,"b_tt_1",-0.0763038466460509,0.0106969922290587
100,16,1,"b_tc_1",-0.186521507899278,0.0339059213639888
100,16,1,"b_hw_1",-0.0381897756945063,0.00372877487548029
100,16,1,"b_ch_1",-1.21244550278875,0.0886537799116485
100,16,2,"b_tt_1",-0.437953049375546,0.0125605027063074
100,16,2,"b_tt_2",-0.0662381654419947,0.0850461590547429
100,16,2,"b_tc_1",-2.57551141554703,0.0351756871349437
100,16,2,"b_tc_2",-0.11049555141709,0.476520297979065
100,16,2,"b_hw_1",-0.0736077549629057,0.00552644746662765
100,16,2,"b_hw_2",-0.0392010775697666,0.0123969297367825
100,16,2,"b_ch_1",-3.1367988920969,0.134218281409053
100,16,2,"b_ch_2",-0.882166591609751,0.48930540758581
100,16,2,"delta_1",0,NA
100,16,2,"delta_2",0.183706706876082,0.306169884535677
100,16,3,"b_tt_1",-0.453023987594545,0.0384900208907831
100,16,3,"b_tt_2",-0.210792007300495,0.0958796831810793
100,16,3,"b_tt_3",-0.0168598307950275,0.0134331784351317
100,16,3,"b_tc_1",-2.83251825920798,0.0950254178272684
100,16,3,"b_tc_2",-0.243893870146515,0.527160216180419
100,16,3,"b_tc_3",-0.0722644948934995,0.0359609065324978
100,16,3,"b_hw_1",-0.0725570263637433,0.0135767898019875
100,16,3,"b_hw_2",-0.0761156227850345,0.0133667801268326
100,16,3,"b_hw_3",-0.0289258550740879,0.00768194250322715
100,16,3,"b_ch_1",-2.86813077984735,0.402168889996749
100,16,3,"b_ch_2",-2.5910097092888,0.501560670190194
100,16,3,"b_ch_3",-0.454920692821714,0.174626724196002
100,16,3,"delta_1",0,NA
100,16,3,"delta_2",0.1006368243277,0.346878946102043
100,16,3,"delta_3",-0.44714653623449,0.377117826122514
100,17,1,"b_tt_1",-0.062014176837891,0.00836481948079255
100,17,1,"b_tc_1",-0.114896230797942,0.021949885486313
100,17,1,"b_hw_1",-0.042814772960513,0.00383066613944659
100,17,1,"b_ch_1",-1.07566032532739,0.0824061277521062
100,17,2,"b_tt_1",-0.2262391266687,0.0571042381684748
100,17,2,"b_tt_2",-0.056378090357252,0.00954885949700424
100,17,2,"b_tc_1",-0.886658875506697,0.22564448749698
100,17,2,"b_tc_2",-0.0713498231022687,0.0204512025384081
100,17,2,"b_hw_1",-0.0714636547387002,0.0183346733238579
100,17,2,"b_hw_2",-0.037309774245384,0.00529085487673331
100,17,2,"b_ch_1",-3.8042214290656,1.11610354934019
100,17,2,"b_ch_2",-0.633405220976072,0.131154701718643
100,17,2,"delta_1",0,NA
100,17,2,"delta_2",0.36151837308196,0.348996522274493
100,17,3,"b_tt_1",-1.22651723019947,0.736442368406012
100,17,3,"b_tt_2",-0.287925143532044,0.0123417490785264
100,17,3,"b_tt_3",-0.0840390682867303,0.063041065800574
100,17,3,"b_tc_1",-1.82030048270943,1.06602394412768
100,17,3,"b_tc_2",-2.03424582265149,0.024224164987112
100,17,3,"b_tc_3",-0.104903149590451,0.434726019861935
100,17,3,"b_hw_1",-0.521936214719062,0.31032438003122
100,17,3,"b_hw_2",-0.0302001463467127,0.00694149232200397
100,17,3,"b_hw_3",-0.0488932995773936,0.0124208246058609
100,17,3,"b_ch_1",-26.9460682463678,16.2103975643952
100,17,3,"b_ch_2",-1.18526262023782,0.140202454568207
100,17,3,"b_ch_3",-0.808623479335767,0.331147938374719
100,17,3,"delta_1",0,NA
100,17,3,"delta_2",-0.181664878458726,0.306441054981223
100,17,3,"delta_3",0.630135458174081,0.377377865852566
100,18,1,"b_tt_1",-0.0592521089684946,0.00776112918290007
100,18,1,"b_tc_1",-0.104814072204796,0.0213914214038833
100,18,1,"b_hw_1",-0.0351536971555983,0.0036474585249291
100,18,1,"b_ch_1",-1.11588981492253,0.083906795656442
100,18,2,"b_tt_1",-0.280621673088995,0.00993009910093852
100,18,2,"b_tt_2",-0.0685832636632708,0.0584392073152172
100,18,2,"b_tc_1",-2.13256536428143,0.0212902051879222
100,18,2,"b_tc_2",-0.0924164903099928,0.432304868248666
100,18,2,"b_hw_1",-0.0694318633344129,0.00567852742621272
100,18,2,"b_hw_2",-0.0369507641467298,0.0161999658263908
100,18,2,"b_ch_1",-2.57657558742071,0.122571017986414
100,18,2,"b_ch_2",-1.01668780208932,0.521054180139564
100,18,2,"delta_1",0,NA
100,18,2,"delta_2",0.73222216177374,0.310821816796576
100,18,3,"b_tt_1",-0.523655684679995,0.112907271474322
100,18,3,"b_tt_2",-0.0997029045435059,0.0340793730040923
100,18,3,"b_tt_3",-0.0766928366335208,0.010966572303846
100,18,3,"b_tc_1",-3.06788302136601,0.662869129853821
100,18,3,"b_tc_2",-0.533238532660492,0.202155207159939
100,18,3,"b_tc_3",-0.0869413927591814,0.021500709066852
100,18,3,"b_hw_1",-0.0665324519503646,0.0196342828285935
100,18,3,"b_hw_2",-0.169939965366526,0.0470735550753502
100,18,3,"b_hw_3",-0.0238384892813642,0.00643849240885575
100,18,3,"b_ch_1",-2.84405293701668,0.63246380589513
100,18,3,"b_ch_2",-3.5498792734316,0.917089859502796
100,18,3,"b_ch_3",-0.905681910574807,0.139482382706344
100,18,3,"delta_1",0,NA
100,18,3,"delta_2",0.029306324779832,0.423741125426163
100,18,3,"delta_3",0.622159956612399,0.338736910065287
100,19,1,"b_tt_1",-0.0679128397442966,0.00907678207763004
100,19,1,"b_tc_1",-0.179072951850433,0.0324912704582623
100,19,1,"b_hw_1",-0.0452640156921996,0.00408210132991273
100,19,1,"b_ch_1",-1.2619749494335,0.0910629390947371
100,19,2,"b_tt_1",-0.537537405687171,0.00916216394921199
100,19,2,"b_tt_2",-0.0316454434667166,0.128561791546947
100,19,2,"b_tc_1",-1.73116469983588,0.0325992031747133
100,19,2,"b_tc_2",-0.0511578174496003,0.41907313153469
100,19,2,"b_hw_1",-0.100201998706342,0.00550298521274521
100,19,2,"b_hw_2",-0.0427264335614275,0.0198990858977506
100,19,2,"b_ch_1",-4.9696830722733,0.118453030231755
100,19,2,"b_ch_2",-0.818048930903004,1.12827539146541
100,19,2,"delta_1",0,NA
100,19,2,"delta_2",0.219654025886865,0.282190269314287
100,19,3,"b_tt_1",-0.615633785580165,0.0164312038807213
100,19,3,"b_tt_2",-0.0476631621021921,0.0155555713225535
100,19,3,"b_tt_3",-0.0421038810056387,0.182256981285034
100,19,3,"b_tc_1",-2.00108434927103,0.0637152197451439
100,19,3,"b_tc_2",-0.150341327421912,0.0548703012067034
100,19,3,"b_tc_3",0.0389437642151006,0.600979595720218
100,19,3,"b_hw_1",-0.09485156450105,0.0076916649684135
100,19,3,"b_hw_2",-0.0344702926001105,0.0195817998188952
100,19,3,"b_hw_3",-0.0873412717122836,0.0240627023890104
100,19,3,"b_ch_1",-5.15858487061554,0.171232070556482
100,19,3,"b_ch_2",-0.235938913182183,0.418920199817363
100,19,3,"b_ch_3",-2.24789458904085,1.41161419211113
100,19,3,"delta_1",0,NA
100,19,3,"delta_2",-0.328132956225682,0.424730189226781
100,19,3,"delta_3",-0.0049380956761832,0.362040492237836
100,20,1,"b_tt_1",-0.0637766392492045,0.00886146770192357
100,20,1,"b_tc_1",-0.101038571807659,0.0226043433979856
100,20,1,"b_hw_1",-0.0390591648517694,0.00372336259257568
100,20,1,"b_ch_1",-1.17978006976971,0.0896452508813802
100,20,2,"b_tt_1",-0.29130429522893,0.0727150797073092
100,20,2,"b_tt_2",-0.0418155021591566,0.0103368002761338
100,20,2,"b_tc_1",-0.884285139250764,0.233696565207003
100,20,2,"b_tc_2",-0.0546740291186886,0.0217671067865477
100,20,2,"b_hw_1",-0.0483784439501929,0.0109987459769226
100,20,2,"b_hw_2",-0.042347851226471,0.00597207700632631
100,20,2,"b_ch_1",-2.91918877149531,0.645891819097069
100,20,2,"b_ch_2",-0.804765149164317,0.146841975193537
100,20,2,"delta_1",0,NA
100,20,2,"delta_2",0.330490270479233,0.426585958111193
100,20,3,"b_tt_1",-0.440844157329793,0.0161983634125156
100,20,3,"b_tt_2",-0.130559840109685,0.115167624399188
100,20,3,"b_tt_3",-0.03950055553747,0.0223830608480367
100,20,3,"b_tc_1",-2.56674142105041,0.044224040322235
100,20,3,"b_tc_2",-0.107259579251806,0.659628812785261
100,20,3,"b_tc_3",-0.128775232672518,0.0287608051448415
100,20,3,"b_hw_1",-0.0541190088557545,0.0138128570044456
100,20,3,"b_hw_2",-0.0181404652462092,0.0160284814226883
100,20,3,"b_hw_3",-0.087133549009149,0.00929195030421749
100,20,3,"b_ch_1",-2.59957327218831,0.214876747290654
100,20,3,"b_ch_2",-1.31638801359724,0.578040497056807
100,20,3,"b_ch_3",-1.4722416166165,0.243560889169694
100,20,3,"delta_1",0,NA
100,20,3,"delta_2",0.254738970359622,0.399408110728264
100,20,3,"delta_3",0.696255033178185,0.351209519109313
75,1,1,"b_tt_1",-0.065167540636518,0.0118266864896491
75,1,1,"b_tc_1",-0.105754277698923,0.0413776698658837
75,1,1,"b_hw_1",-0.0455454903995543,0.00485670248666826
75,1,1,"b_ch_1",-1.31974508735859,0.109090248280048
75,1,2,"b_tt_1",-0.204171045007519,0.0840765249033136
75,1,2,"b_tt_2",-0.0822777643205622,0.0157426434923914
75,1,2,"b_tc_1",-2.10867481406883,0.727222486617453
75,1,2,"b_tc_2",-0.0858884289582352,0.0474297728073016
75,1,2,"b_hw_1",-0.0527069337994079,0.0138823233338723
75,1,2,"b_hw_2",-0.0548152593200191,0.0067820075305845
75,1,2,"b_ch_1",-3.04023377031974,0.884324474474298
75,1,2,"b_ch_2",-1.25325215027342,0.162599077499457
75,1,2,"delta_1",0,NA
75,1,2,"delta_2",0.933753801249665,0.414758975021822
75,1,3,"b_tt_1",-0.223430481174843,0.027295904392569
75,1,3,"b_tt_2",-0.183829897714636,0.0299749528999872
75,1,3,"b_tt_3",-0.00632824443783909,0.0926057172112303
75,1,3,"b_tc_1",-2.64619647752858,0.0726233898326904
75,1,3,"b_tc_2",-0.370468433900881,0.128976739398809
75,1,3,"b_tc_3",0.243337019030088,0.9165601667308
75,1,3,"b_hw_1",-0.0535119871611904,0.0130395002583066
75,1,3,"b_hw_2",-0.0835984912950313,0.0107084616372798
75,1,3,"b_hw_3",-0.0408589285630045,0.0177958600889685
75,1,3,"b_ch_1",-2.45758108481443,0.320633426667873
75,1,3,"b_ch_2",-2.74828933810086,0.242647635843884
75,1,3,"b_ch_3",-0.0909953927579812,0.837234308645629
75,1,3,"delta_1",0,NA
75,1,3,"delta_2",1.31449129730857,0.356441869584801
75,1,3,"delta_3",-0.0361786182904869,0.407636263304122
75,2,1,"b_tt_1",-0.0516402275196397,0.00940474132578392
75,2,1,"b_tc_1",-0.0964313894223256,0.0258057653241603
75,2,1,"b_hw_1",-0.0327818705939876,0.00392943201014636
75,2,1,"b_ch_1",-1.15185621006251,0.0973651222408044
75,2,2,"b_tt_1",-0.260621999267508,0.0579279580762823
75,2,2,"b_tt_2",-0.0573484685032703,0.0137292327760615
75,2,2,"b_tc_1",-1.70497484010501,0.344501696308649
75,2,2,"b_tc_2",-0.0707776233655295,0.0257703181195984
75,2,2,"b_hw_1",-0.0441653182770334,0.0129291624262681
75,2,2,"b_hw_2",-0.0367187056175946,0.00630687639105997
75,2,2,"b_ch_1",-1.98605489267449,0.330842389771528
75,2,2,"b_ch_2",-1.00814824429002,0.147616491863546
75,2,2,"delta_1",0,NA
75,2,2,"delta_2",0.377188034600385,0.353288977664778
75,2,3,"b_tt_1",-0.386664958584252,0.0226086838365401
75,2,3,"b_tt_2",-0.12050868504981,0.0207213227681569
75,2,3,"b_tt_3",-0.034066369810571,0.0880182985565399
75,2,3,"b_tc_1",-2.28936094630716,0.0326653215088295
75,2,3,"b_tc_2",-0.128956559527396,0.0951078915668213
75,2,3,"b_tc_3",-0.214338562340763,0.52303082004414
75,2,3,"b_hw_1",-0.0431806372367133,0.0121126078052252
75,2,3,"b_hw_2",-0.0567393605012311,0.00900441028234803
75,2,3,"b_hw_3",-0.027007632228417,0.0159524269098376
75,2,3,"b_ch_1",-2.2632005694492,0.287270626729979
75,2,3,"b_ch_2",-1.99101458101102,0.224951223863718
75,2,3,"b_ch_3",-0.019983612230325,0.443483221593435
75,2,3,"delta_1",0,NA
75,2,3,"delta_2",0.419843098729112,0.388624310876622
75,2,3,"delta_3",-0.599324341258039,0.375628935766762
75,3,1,"b_tt_1",-0.0530625018162343,0.00889650529146152
75,3,1,"b_tc_1",-0.111222587114216,0.0268819584675099
75,3,1,"b_hw_1",-0.039077849941085,0.00426704778808538
75,3,1,"b_ch_1",-1.12729092285382,0.0985608887606047
75,3,2,"b_tt_1",-0.0799801782875065,0.0129870612031314
75,3,2,"b_tt_2",-0.0659485143522858,0.0234883155917105
75,3,2,"b_tc_1",-0.118863079688367,0.0320936482416486
75,3,2,"b_tc_2",-0.4793697453957,0.115725770075576
75,3,2,"b_hw_1",-0.0471203011756748,0.00634219130966147
75,3,2,"b_hw_2",-0.041575836195129,0.0149465508672786
75,3,2,"b_ch_1",-0.986730916843096,0.153459541856607
75,3,2,"b_ch_2",-2.64256742513736,0.876397081559438
75,3,2,"delta_1",0,NA
75,3,2,"delta_2",-0.765336799841862,0.519761903159708
75,3,3,"b_tt_1",-0.861146261139611,0.456330830063834
75,3,3,"b_tt_2",-0.0651928648140064,0.014203571845842
75,3,3,"b_tt_3",-0.05536385685818,0.0242696712076668
75,3,3,"b_tc_1",-1.15126531246115,0.654800279927849
75,3,3,"b_tc_2",-0.486168124006499,0.0353850969441892
75,3,3,"b_tc_3",-0.100543466631365,0.123715309937259
75,3,3,"b_hw_1",-0.0908835647130761,0.04889121959155
75,3,3,"b_hw_2",-0.0400562354447285,0.0074389540305277
75,3,3,"b_hw_3",-0.0505457829462007,0.0146474474307972
75,3,3,"b_ch_1",-3.35876679920956,1.52171474218686
75,3,3,"b_ch_2",-2.66663275041129,0.188543102301204
75,3,3,"b_ch_3",-0.964318095777937,0.915997206075503
75,3,3,"delta_1",0,NA
75,3,3,"delta_2",0.647724478877001,0.468874660443387
75,3,3,"delta_3",1.22662292351561,0.541553768694241
75,4,1,"b_tt_1",-0.0605693349724272,0.011054381276447
75,4,1,"b_tc_1",-0.160092927779717,0.0311124642363436
75,4,1,"b_hw_1",-0.03017630180352,0.00411511629393595
75,4,1,"b_ch_1",-1.47209187610649,0.114328831013624
75,4,2,"b_tt_1",-0.818758965580084,0.421259651403376
75,4,2,"b_tt_2",-0.0546863715605066,0.0111832939181615
75,4,2,"b_tc_1",-4.96222591123791,2.585957839534
75,4,2,"b_tc_2",-0.100971903263232,0.0317730823762383
75,4,2,"b_hw_1",-0.104503537713121,0.0602847078766999
75,4,2,"b_hw_2",-0.0304154488327645,0.00478715406274319
75,4,2,"b_ch_1",-29.8342931848703,15.6223049154776
75,4,2,"b_ch_2",-1.22251372228513,0.130961654429673
75,4,2,"delta_1",0,NA
75,4,2,"delta_2",1.03526435716928,0.346333054249565
75,4,3,"b_tt_1",-1.02645457170479,0.367406727626789
75,4,3,"b_tt_2",-0.858574788850907,0.012843976663792
75,4,3,"b_tt_3",-0.0314328342378512,0.565043677301914
75,4,3,"b_tc_1",-1.80197548679801,2.08207295206254
75,4,3,"b_tc_2",-4.94957035296018,0.0330913273642815
75,4,3,"b_tc_3",-0.0587207676963775,0.987330498449133
75,4,3,"b_hw_1",-0.342109005719052,0.0289270258792096
75,4,3,"b_hw_2",-0.0475017451016552,0.00540685245808894
75,4,3,"b_hw_3",-0.0301213624284282,0.185466830052406
75,4,3,"b_ch_1",-16.8167256358713,13.2917462307061
75,4,3,"b_ch_2",-30.6773535991439,0.138664308979041
75,4,3,"b_ch_3",-1.02550345020208,9.0597454472046
75,4,3,"delta_1",0,NA
75,4,3,"delta_2",-0.165785850988802,0.382759658176169
75,4,3,"delta_3",0.876940919867573,0.48616482731576
75,5,1,"b_tt_1",-0.0807113431301635,0.0113583989248301
75,5,1,"b_tc_1",-0.27790061953733,0.046744816333215
75,5,1,"b_hw_1",-0.0484715942057068,0.0048236861411139
75,5,1,"b_ch_1",-1.24923488383439,0.106083092464107
75,5,2,"b_tt_1",-0.388825309666995,0.0121043205751147
75,5,2,"b_tt_2",-0.0371987458943721,0.113386938059765
75,5,2,"b_tc_1",-1.34073476520412,0.0554893509172556
75,5,2,"b_tc_2",-0.103263186575324,0.402991285000388
75,5,2,"b_hw_1",-0.0548792576989506,0.00757549139732525
75,5,2,"b_hw_2",-0.0575199307401722,0.0114447477184663
75,5,2,"b_ch_1",-3.84250800482762,0.173074818823924
75,5,2,"b_ch_2",-0.805777561889503,0.976086440816732
75,5,2,"delta_1",0,NA
75,5,2,"delta_2",0.112512167576657,0.382147344481653
75,5,3,"b_tt_1",-21.054142006265,NA
75,5,3,"b_tt_2",-0.141448022747286,NA
75,5,3,"b_tt_3",-0.0564096340849788,NA
75,5,3,"b_tc_1",-65.1141754426872,NA
75,5,3,"b_tc_2",-0.313208947592236,NA
75,5,3,"b_tc_3",-0.399300321774582,NA
75,5,3,"b_hw_1",-8.73619148136435,NA
75,5,3,"b_hw_2",-0.023128487876841,NA
75,5,3,"b_hw_3",-0.104164165254829,NA
75,5,3,"b_ch_1",-489.216117493414,NA
75,5,3,"b_ch_2",-1.15591478370272,NA
75,5,3,"b_ch_3",-1.22728748119961,NA
75,5,3,"delta_1",0,NA
75,5,3,"delta_2",0.357697855771961,NA
75,5,3,"delta_3",0.227634777188115,NA
75,6,1,"b_tt_1",-0.0613376560256792,0.0091089707249874
75,6,1,"b_tc_1",-0.18236942380953,0.0332620457990146
75,6,1,"b_hw_1",-0.0304292272545933,0.00401796730975909
75,6,1,"b_ch_1",-1.19964559038934,0.103503907812863
75,6,2,"b_tt_1",-0.152126190320075,0.0246715609908741
75,6,2,"b_tt_2",-0.0671880987909151,0.0160142120894052
75,6,2,"b_tc_1",-0.191345408323689,0.0544015345650746
75,6,2,"b_tc_2",-0.469000036250655,0.0953468560930967
75,6,2,"b_hw_1",-0.0417513633676331,0.00967622073787341
75,6,2,"b_hw_2",-0.0345720766764085,0.00806759495630762
75,6,2,"b_ch_1",-2.08971700574603,0.259791725581083
75,6,2,"b_ch_2",-0.987884601455702,0.191761189172921
75,6,2,"delta_1",0,NA
75,6,2,"delta_2",-0.153053897512399,0.34391696215625
75,6,3,"b_tt_1",-0.304577402352096,0.025741499810321
75,6,3,"b_tt_2",-0.154631080255853,0.0179194629083788
75,6,3,"b_tt_3",-0.0392562344439691,0.0870569212227627
75,6,3,"b_tc_1",-2.32879272379387,0.0685468050903679
75,6,3,"b_tc_2",-0.237740663435712,0.0629785972102992
75,6,3,"b_tc_3",-0.113620941819767,0.622172247438782
75,6,3,"b_hw_1",-0.0574485157848962,0.00981129465222256
75,6,3,"b_hw_2",-0.012594410453836,0.0216889108768584
75,6,3,"b_hw_3",-0.105983417349692,0.0185027602827064
75,6,3,"b_ch_1",-2.63427794646725,0.261861727375573
75,6,3,"b_ch_2",-1.74828531997881,0.318884259320253
75,6,3,"b_ch_3",-1.20524009021805,0.59233250345542
75,6,3,"delta_1",0,NA
75,6,3,"delta_2",0.17231493213534,0.4114577490353
75,6,3,"delta_3",-0.202145754492106,0.405669362208804
75,7,1,"b_tt_1",-0.0500729253404533,0.00898972273379761
75,7,1,"b_tc_1",-0.0397901426636232,0.0254959740883425
75,7,1,"b_hw_1",-0.035492700501041,0.00417116240412394
75,7,1,"b_ch_1",-1.30877337768423,0.104640823751346
75,7,2,"b_tt_1",-0.18890381706798,0.0145116839466095
75,7,2,"b_tt_2",-0.0769989288212929,0.0524296675208475
75,7,2,"b_tc_1",-1.38680322388063,0.0309231694372337
75,7,2,"b_tc_2",-0.0491639489500942,0.405899866993596
75,7,2,"b_hw_1",-0.0396731229560149,0.00823535808940901
75,7,2,"b_hw_2",-0.0427940643548935,0.0137274115299623
75,7,2,"b_ch_1",-2.35651838769977,0.203392689832915
75,7,2,"b_ch_2",-1.20801237313978,0.43933877378732
75,7,2,"delta_1",0,NA
75,7,2,"delta_2",0.383144898217185,0.479784203626057
75,7,3,"b_tt_1",-0.192790520077121,0.0290223856767788
75,7,3,"b_tt_2",-0.138935223583151,0.0556210446315542
75,7,3,"b_tt_3",-0.0253303673423444,0.0310570852539488
75,7,3,"b_tc_1",-1.36468833954905,0.0342171330488935
75,7,3,"b_tc_2",-0.108224740484844,0.419623560324004
75,7,3,"b_tc_3",0.0456519733515231,0.158517879606144
75,7,3,"b_hw_1",-0.037685267356582,0.0120141112453181
75,7,3,"b_hw_2",-0.0340020872895171,0.0130532269163764
75,7,3,"b_hw_3",-0.191890399353246,0.0573324829875352
75,7,3,"b_ch_1",-2.3171349226234,0.290239740153656
75,7,3,"b_ch_2",-1.22424347919025,0.427594686577385
75,7,3,"b_ch_3",-2.12429727196321,0.773492473198766
75,7,3,"delta_1",0,NA
75,7,3,"delta_2",-0.117272042658251,0.526904430398478
75,7,3,"delta_3",-0.851452022781652,0.515601423854104
75,8,1,"b_tt_1",-0.0706631985855724,0.0104233217439397
75,8,1,"b_tc_1",-0.137183698169016,0.0269911628205244
75,8,1,"b_hw_1",-0.0378864397124332,0.00424158878401916
75,8,1,"b_ch_1",-1.05684862013239,0.0967044797651099
75,8,2,"b_tt_1",-0.2967399689971,0.0865738812342959
75,8,2,"b_tt_2",-0.088323163789462,0.0132467949878572
75,8,2,"b_tc_1",-2.00777689773561,0.573260559512673
75,8,2,"b_tc_2",-0.139135372108244,0.0310792508064057
75,8,2,"b_hw_1",-0.0302271717359024,0.0170484937686994
75,8,2,"b_hw_2",-0.0467122330391165,0.00620667509108071
75,8,2,"b_ch_1",0.186640623572201,0.309231752736723
75,8,2,"b_ch_2",-1.46956492765576,0.14927634910247
75,8,2,"delta_1",0,NA
75,8,2,"delta_2",1.56260507329166,0.378556009970405
75,8,3,"b_tt_1",-39.7103671641257,NA
75,8,3,"b_tt_2",-2.69088310521495,NA
75,8,3,"b_tt_3",-0.0598612330051847,NA
75,8,3,"b_tc_1",-221.985054952996,NA
75,8,3,"b_tc_2",-8.59170969214578,NA
75,8,3,"b_tc_3",-0.0803071849913059,NA
75,8,3,"b_hw_1",-4.56059931962483,NA
75,8,3,"b_hw_2",-1.01848427321459,NA
75,8,3,"b_hw_3",-0.0359771577296247,NA
75,8,3,"b_ch_1",-26.4997160955935,NA
75,8,3,"b_ch_2",-34.442099113631,NA
75,8,3,"b_ch_3",-0.725566517750953,NA
75,8,3,"delta_1",0,NA
75,8,3,"delta_2",0.898816162768185,NA
75,8,3,"delta_3",1.51859580967973,NA
75,9,1,"b_tt_1",-0.0737785790288274,0.0100438455729388
75,9,1,"b_tc_1",-0.117057451721674,0.0229215617672254
75,9,1,"b_hw_1",-0.0391370788133271,0.00431288530951589
75,9,1,"b_ch_1",-1.04270462678959,0.0970477095705246
75,9,2,"b_tt_1",-0.2134581865767,0.0149843880413519
75,9,2,"b_tt_2",-0.0624187678929966,0.0405741704686889
75,9,2,"b_tc_1",-0.75906416984811,0.0246011952778567
75,9,2,"b_tc_2",-0.0797387863107078,0.152835336881454
75,9,2,"b_hw_1",-0.0473325544352456,0.00757992918509063
75,9,2,"b_hw_2",-0.05019216109258,0.00999159362117784
75,9,2,"b_ch_1",-2.57414519661989,0.194186561610416
75,9,2,"b_ch_2",-0.47724363473399,0.515712068540985
75,9,2,"delta_1",0,NA
75,9,2,"delta_2",0.0606865056412823,0.42005332651452
75,9,3,"b_tt_1",-0.184476070888719,0.0206281359004949
75,9,3,"b_tt_2",-0.111471721744326,0.0376456745625748
75,9,3,"b_tt_3",-0.080236711353387,0.0335423918861343
75,9,3,"b_tc_1",-0.330470962987632,0.030393400214979
75,9,3,"b_tc_2",-0.677518861918758,0.193917245601288
75,9,3,"b_tc_3",-0.0829116159858936,0.0687899496251638
75,9,3,"b_hw_1",-0.091286018712905,0.0164334660318688
75,9,3,"b_hw_2",-0.0126801464519702,0.0105257248942546
75,9,3,"b_hw_3",-0.0763513795948038,0.0180076853309626
75,9,3,"b_ch_1",-2.64419663674731,0.279067865315024
75,9,3,"b_ch_2",-0.974768260635127,0.258831347822078
75,9,3,"b_ch_3",0.270569483715259,0.407564795198905
75,9,3,"delta_1",0,NA
75,9,3,"delta_2",-0.859404584592383,0.453612148451027
75,9,3,"delta_3",-0.963399624172199,0.37492341822637
75,10,1,"b_tt_1",-0.0439330719229323,0.00811783429105511
75,10,1,"b_tc_1",-0.0691750490677049,0.0208927374164934
75,10,1,"b_hw_1",-0.034112009261014,0.00389900260074485
75,10,1,"b_ch_1",-1.15398502952487,0.0976590618780196
75,10,2,"b_tt_1",-0.31782524987971,0.00907071015670209
75,10,2,"b_tt_2",-0.0523703891180262,0.215815650032335
75,10,2,"b_tc_1",-3.14821772305631,0.0210104165808757
75,10,2,"b_tc_2",-0.0585040934578362,1.33947572038998
75,10,2,"b_hw_1",-0.072210528310014,0.00512089065089119
75,10,2,"b_hw_2",-0.0382778952865935,0.0307448174107648
75,10,2,"b_ch_1",-40.2007545641291,0.124111584355414
75,10,2,"b_ch_2",-1.00708339164942,284.785976897722
75,10,2,"delta_1",0,NA
75,10,2,"delta_2",1.21309085949542,0.376693284315904
75,10,3,"b_tt_1",-0.206276237094274,0.0181916692950247
75,10,3,"b_tt_2",-0.100018692360489,0.01949590310569
75,10,3,"b_tt_3",-0.0470174625474494,0.106178203290449
75,10,3,"b_tc_1",-4.48438489297606,0.0559284347647493
75,10,3,"b_tc_2",-0.0739813754890795,0.0331285135436121
75,10,3,"b_tc_3",-0.172019885305475,2.00437059329991
75,10,3,"b_hw_1",-0.10147531723147,0.00977605063727879
75,10,3,"b_hw_2",-0.0450842709289658,0.00855221958547426
75,10,3,"b_hw_3",-0.0479029475889508,0.0368034379680201
75,10,3,"b_ch_1",-6.62274442697675,0.221986398174388
75,10,3,"b_ch_2",-1.99130138426446,0.32681057203695
75,10,3,"b_ch_3",-0.586097518585318,2.60871477838556
75,10,3,"delta_1",0,NA
75,10,3,"delta_2",1.04969893417274,0.453053500178026
75,10,3,"delta_3",0.48541119508951,0.490922073854803
75,11,1,"b_tt_1",-0.0461330542604447,0.0105025347021953
75,11,1,"b_tc_1",-0.068142830987302,0.0361000680774601
75,11,1,"b_hw_1",-0.0486842996717774,0.00462940611525847
75,11,1,"b_ch_1",-1.05285529008415,0.095538703527344
75,11,2,"b_tt_1",-0.0812850268541662,0.0205330212523561
75,11,2,"b_tt_2",-0.0594924051547576,0.0342613462871051
75,11,2,"b_tc_1",-0.289361613426559,0.0685784076179475
75,11,2,"b_tc_2",0.0223906245035854,0.0752171080826112
75,11,2,"b_hw_1",-0.0804363292770736,0.0132363142193171
75,11,2,"b_hw_2",-0.0410032957522204,0.00750323640033701
75,11,2,"b_ch_1",-2.31870211229793,0.372802853266111
75,11,2,"b_ch_2",-0.319204442823657,0.166475596334582
75,11,2,"delta_1",0,NA
75,11,2,"delta_2",-0.45080590497156,0.359820998171797
75,11,3,"b_tt_1",-0.251617452429263,0.0282113325615306
75,11,3,"b_tt_2",-0.0868410983310022,0.0197033667589727
75,11,3,"b_tt_3",-0.0778849661256788,0.0881017854531845
75,11,3,"b_tc_1",-1.97241649648361,0.0784461060254811
75,11,3,"b_tc_2",-0.295774440378064,0.0688230396366441
75,11,3,"b_tc_3",0.0374831508749651,0.652952234538805
75,11,3,"b_hw_1",-0.137269671992425,0.00988539909491895
75,11,3,"b_hw_2",-0.0832838552647384,0.0144464627762886
75,11,3,"b_hw_3",-0.0344177638043703,0.0431009654665103
75,11,3,"b_ch_1",0.215601863991224,0.213758414869553
75,11,3,"b_ch_2",-2.48812049387157,0.343122766164878
75,11,3,"b_ch_3",-0.623789516168767,0.564931724899127
75,11,3,"delta_1",0,NA
75,11,3,"delta_2",1.43277083432424,0.378958166795894
75,11,3,"delta_3",0.85003390205345,0.524807342895767
75,12,1,"b_tt_1",-0.0497575456804436,0.00899924524181924
75,12,1,"b_tc_1",-0.104186048981139,0.0245854177421266
75,12,1,"b_hw_1",-0.0329103324150741,0.00417235977169279
75,12,1,"b_ch_1",-1.18286498177005,0.0991007195049483
75,12,2,"b_tt_1",-0.122125351622004,0.0288787097471959
75,12,2,"b_tt_2",-0.0722601257581656,0.0225738018718884
75,12,2,"b_tc_1",-0.145611429657726,0.230027885592759
75,12,2,"b_tc_2",-0.623704651936662,0.0347710306570953
75,12,2,"b_hw_1",-0.040879863904298,0.0101267771091492
75,12,2,"b_hw_2",-0.0300071649993986,0.00781609909501475
75,12,2,"b_ch_1",-2.1705582830772,0.211749096763318
75,12,2,"b_ch_2",-0.528256078840865,0.328190969651576
75,12,2,"delta_1",0,NA
75,12,2,"delta_2",-0.890618298161445,0.327204485381717
75,12,3,"b_tt_1",-20.3469425069887,38.2159230851445
75,12,3,"b_tt_2",-0.121216099986677,0.0225869829535173
75,12,3,"b_tt_3",-0.0653346964128501,0.0214528428257108
75,12,3,"b_tc_1",-37.6252978735068,70.9747154870023
75,12,3,"b_tc_2",-0.149475618375964,0.14476655311321
75,12,3,"b_tc_3",-0.580115233320031,0.0336294026108757
75,12,3,"b_hw_1",-5.00414772565493,9.43722124274518
75,12,3,"b_hw_2",-0.0505432376515852,0.00804699565260974
75,12,3,"b_hw_3",-0.0256156035636047,0.00978627901240312
75,12,3,"b_ch_1",8.08582117596042,15.6083291446989
75,12,3,"b_ch_2",-2.84572444951335,0.196185470928913
75,12,3,"b_ch_3",-0.6980755496054,0.349951720167907
75,12,3,"delta_1",0,NA
75,12,3,"delta_2",1.85378927967977,0.466648713746957
75,12,3,"delta_3",1.13870982744324,0.432161172874311
75,13,1,"b_tt_1",-0.0521608099221748,0.00912270353879091
75,13,1,"b_tc_1",-0.110115873628603,0.0270251667032252
75,13,1,"b_hw_1",-0.0380209139816617,0.00426318426176075
75,13,1,"b_ch_1",-1.24120454328874,0.10060992088119
75,13,2,"b_tt_1",-0.520155776181492,0.00971848972218184
75,13,2,"b_tt_2",-0.0502913487231601,0.210490172445285
75,13,2,"b_tc_1",-0.166242911837128,0.029702360936614
75,13,2,"b_tc_2",-0.143716835423445,0.248018124672064
75,13,2,"b_hw_1",0.0720833515906857,0.00550408394786669
75,13,2,"b_hw_2",-0.0495622453039187,0.0372487474045477
75,13,2,"b_ch_1",-2.30528086459642,0.122494353655155
75,13,2,"b_ch_2",-1.49182750274926,0.987580632848648
75,13,2,"delta_1",0,NA
75,13,2,"delta_2",2.26889408127468,0.428075401276578
75,13,3,"b_tt_1",-0.402292190796958,0.0205621885697336
75,13,3,"b_tt_2",-0.172475956454793,0.177195457494947
75,13,3,"b_tt_3",-0.0766135670576924,0.0422019415695029
75,13,3,"b_tc_1",-0.310650393468467,0.124896439111433
75,13,3,"b_tc_2",-0.338245700725932,0.290681408873178
75,13,3,"b_tc_3",-0.537850579244898,0.0871681975233015
75,13,3,"b_hw_1",-0.0546333269319474,0.00864803126240207
75,13,3,"b_hw_2",-0.0878681135319398,0.0247831695121147
75,13,3,"b_hw_3",-0.0220755003325574,0.0309814044436812
75,13,3,"b_ch_1",-0.567483883244394,0.228410141657683
75,13,3,"b_ch_2",-3.23580343052734,0.461613521902894
75,13,3,"b_ch_3",-0.680720638446555,0.569561804976182
75,13,3,"delta_1",0,NA
75,13,3,"delta_2",1.83828222498343,0.523107422045026
75,13,3,"delta_3",1.11590950784862,0.384259480231665
75,14,1,"b_tt_1",-0.0520010010834083,0.0087093518044362
75,14,1,"b_tc_1",-0.144987216509129,0.0306483319806596
75,14,1,"b_hw_1",-0.0392778444962195,0.00414147029158497
75,14,1,"b_ch_1",-1.07786871856109,0.0968596582536541
75,14,2,"b_tt_1",-0.111588239832025,0.0155683880483609
75,14,2,"b_tt_2",-0.0869181209209638,0.0306997564107323
75,14,2,"b_tc_1",-0.884759024115727,0.0409815917246757
75,14,2,"b_tc_2",-0.168279036510866,0.227370760272822
75,14,2,"b_hw_1",-0.00687822543039798,0.0072375139413855
75,14,2,"b_hw_2",-0.0609220201225134,0.0102575664653756
75,14,2,"b_ch_1",-1.11691841489935,0.161769281568298
75,14,2,"b_ch_2",-1.33233685137692,0.299602981614354
75,14,2,"delta_1",0,NA
75,14,2,"delta_2",1.10487034555374,0.397284759080922
75,14,3,"b_tt_1",-0.298906498497408,0.0836913250188491
75,14,3,"b_tt_2",-0.100611516103238,0.0191621521598291
75,14,3,"b_tt_3",-0.0468844737738072,0.0202146052639062
75,14,3,"b_tc_1",-2.14923729086691,0.609505661161952
75,14,3,"b_tc_2",-0.178163998480557,0.0490025496077211
75,14,3,"b_tc_3",-0.204634897177174,0.071011272617966
75,14,3,"b_hw_1",0.00910561336143557,0.0138982526851087
75,14,3,"b_hw_2",-0.0579907754334715,0.0086280380352829
75,14,3,"b_hw_3",-0.0738533862096959,0.0157635511270608
75,14,3,"b_ch_1",-0.698641789202905,0.314815063217222
75,14,3,"b_ch_2",-0.825046920655257,0.193823138776772
75,14,3,"b_ch_3",-2.84239937907711,0.487810211919617
75,14,3,"delta_1",0,NA
75,14,3,"delta_2",1.07526738125573,0.422676770031795
75,14,3,"delta_3",0.885239134862278,0.423812160602147
75,15,1,"b_tt_1",-0.0835084965593191,0.0118848542472454
75,15,1,"b_tc_1",-0.172720596633936,0.0326932620338891
75,15,1,"b_hw_1",-0.038090115544172,0.00416810087875614
75,15,1,"b_ch_1",-0.97056940466376,0.0941680969269988
75,15,2,"b_tt_1",-0.283309682809956,0.016092900693992
75,15,2,"b_tt_2",-0.0647721676915776,0.0582427779712411
75,15,2,"b_tc_1",-0.989335297352982,0.0346841399057946
75,15,2,"b_tc_2",-0.0923083431250528,0.211056017038162
75,15,2,"b_hw_1",-0.0646562057792832,0.00668789081358798
75,15,2,"b_hw_2",-0.0326010124436979,0.0134781382285494
75,15,2,"b_ch_1",-2.61078714111517,0.148294894738453
75,15,2,"b_ch_2",-0.50136686990558,0.431636695693729
75,15,2,"delta_1",0,NA
75,15,2,"delta_2",0.0914181547617032,0.388362377211665
75,15,3,"b_tt_1",-47.5789685733964,NA
75,15,3,"b_tt_2",-0.151047130613481,NA
75,15,3,"b_tt_3",-0.0218583768471378,NA
75,15,3,"b_tc_1",-274.402471544475,NA
75,15,3,"b_tc_2",-0.197805564774927,NA
75,15,3,"b_tc_3",-0.114129251697658,NA
75,15,3,"b_hw_1",-4.98986915140735,NA
75,15,3,"b_hw_2",-0.0578409885458978,NA
75,15,3,"b_hw_3",-0.0213502552309841,NA
75,15,3,"b_ch_1",-350.30325709464,NA
75,15,3,"b_ch_2",-1.31036805134595,NA
75,15,3,"b_ch_3",-0.37373428959072,NA
75,15,3,"delta_1",0,NA
75,15,3,"delta_2",1.19486480115972,NA
75,15,3,"delta_3",0.327454335247211,NA
75,16,1,"b_tt_1",-0.0973590431257343,0.0136859701619934
75,16,1,"b_tc_1",-0.217698910552359,0.0429543394231367
75,16,1,"b_hw_1",-0.0386327232512777,0.00435219140662892
75,16,1,"b_ch_1",-1.24793245095426,0.105729902563561
75,16,2,"b_tt_1",-0.221437228479971,0.0157018246397082
75,16,2,"b_tt_2",-0.0273724357165139,0.0343684426011948
75,16,2,"b_tc_1",-0.309148949029766,0.0498834353891796
75,16,2,"b_tc_2",-0.13499730818151,0.0921475888655448
75,16,2,"b_hw_1",-0.0742897245729996,0.00650783504582014
75,16,2,"b_hw_2",-0.0206052347687454,0.0121831306684925
75,16,2,"b_ch_1",-2.68857078342507,0.168899902072709
75,16,2,"b_ch_2",-0.499281528942779,0.335023277532736
75,16,2,"delta_1",0,NA
75,16,2,"delta_2",-0.710260615890488,0.314294452376095
75,16,3,"b_tt_1",-0.918614954305025,NA
75,16,3,"b_tt_2",-0.209352631731626,NA
75,16,3,"b_tt_3",-0.0286277611299297,NA
75,16,3,"b_tc_1",-8.26955184427393,NA
75,16,3,"b_tc_2",-0.251025922941189,NA
75,16,3,"b_tc_3",-0.106301202939384,NA
75,16,3,"b_hw_1",-0.174678337049168,NA
75,16,3,"b_hw_2",-0.0786623731080723,NA
75,16,3,"b_hw_3",-0.0215716770737807,NA
75,16,3,"b_ch_1",-38.7288197557832,NA
75,16,3,"b_ch_2",-2.51652286681071,NA
75,16,3,"b_ch_3",-0.327859513301094,NA
75,16,3,"delta_1",0,NA
75,16,3,"delta_2",1.03909602017046,NA
75,16,3,"delta_3",0.292918097493787,NA
75,17,1,"b_tt_1",-0.0660727877455738,0.0100827349492361
75,17,1,"b_tc_1",-0.143002449353343,0.0274282892238935
75,17,1,"b_hw_1",-0.042895570092525,0.00450781064175856
75,17,1,"b_ch_1",-1.20380563515311,0.100725246555856
75,17,2,"b_tt_1",-1.5527185429267,0.745231722634599
75,17,2,"b_tt_2",-0.0537494519347463,0.0113742465156651
75,17,2,"b_tc_1",-6.38239999287841,2.97479959523463
75,17,2,"b_tc_2",-0.0714735610127166,0.0287777636545005
75,17,2,"b_hw_1",-0.560909112662717,0.281259683255258
75,17,2,"b_hw_2",-0.037546983760736,0.00505497881861921
75,17,2,"b_ch_1",-27.9851735106706,12.8860095860731
75,17,2,"b_ch_2",-0.857532373759836,0.111915232937843
75,17,2,"delta_1",0,NA
75,17,2,"delta_2",0.669815986445484,0.271558269459248
75,17,3,"b_tt_1",-0.332023014750416,0.0619735619624944
75,17,3,"b_tt_2",-0.231408056147663,0.0196112148872316
75,17,3,"b_tt_3",-0.074344841501427,0.085828468500485
75,17,3,"b_tc_1",-2.36187750970015,0.100551291218557
75,17,3,"b_tc_2",-0.262515621805011,0.0433540385632071
75,17,3,"b_tc_3",-0.116953873828643,0.600529753780015
75,17,3,"b_hw_1",-0.0422493407436413,0.0653243289351567
75,17,3,"b_hw_2",-0.226326617369358,0.00865440785994157
75,17,3,"b_hw_3",-0.0312430375504823,0.0152335742178604
75,17,3,"b_ch_1",-2.10792858991455,1.37349969071587
75,17,3,"b_ch_2",-4.87433771716092,0.205896883900354
75,17,3,"b_ch_3",-0.645058180720815,0.742905548647349
75,17,3,"delta_1",0,NA
75,17,3,"delta_2",0.447056175847791,0.430076410839181
75,17,3,"delta_3",0.137051109142003,0.554178528854747
75,18,1,"b_tt_1",-0.0620594809269134,0.00981249562625676
75,18,1,"b_tc_1",-0.101524678184328,0.0255413330125253
75,18,1,"b_hw_1",-0.0315191421342711,0.00412057776801363
75,18,1,"b_ch_1",-1.13770497964443,0.0974022613791675
75,18,2,"b_tt_1",-0.510098435439306,0.0108982439869131
75,18,2,"b_tt_2",-0.0621318643099963,0.119987172199312
75,18,2,"b_tc_1",-2.92950805042263,0.0232306608391466
75,18,2,"b_tc_2",-0.0729666484156492,0.711385025503471
75,18,2,"b_hw_1",-0.060199406378228,0.00762174059099626
75,18,2,"b_hw_2",-0.0362378454222772,0.0254976063777663
75,18,2,"b_ch_1",-2.80848449132847,0.135871483981307
75,18,2,"b_ch_2",-1.02637001887665,0.559661583371021
75,18,2,"delta_1",0,NA
75,18,2,"delta_2",0.625849923732939,0.350468858116822
75,18,3,"b_tt_1",-0.655684097795798,0.354457744728785
75,18,3,"b_tt_2",-0.13724390101248,0.0259142317544755
75,18,3,"b_tt_3",-0.114408752427003,0.0237261961209881
75,18,3,"b_tc_1",-5.86495505058902,3.14382369589167
75,18,3,"b_tc_2",-0.39220058955136,0.0311592759460255
75,18,3,"b_tc_3",-0.0902759875579583,0.0784932202479256
75,18,3,"b_hw_1",-0.197512182356733,0.109415003263082
75,18,3,"b_hw_2",-0.080565683391871,0.0117243349268707
75,18,3,"b_hw_3",-0.000449901758533687,0.0138266854629618
75,18,3,"b_ch_1",-1.81216143194777,1.46565091753576
75,18,3,"b_ch_2",-2.12733515094829,0.287341967714197
75,18,3,"b_ch_3",-1.02104980813982,0.316333061533635
75,18,3,"delta_1",0,NA
75,18,3,"delta_2",1.54998409058437,0.456976489931976
75,18,3,"delta_3",0.812163006663258,0.415266153858766
75,19,1,"b_tt_1",-0.0618822716105566,0.0103666852650196
75,19,1,"b_tc_1",-0.196730863455283,0.0394900101890185
75,19,1,"b_hw_1",-0.0428998197918211,0.00440888242307975
75,19,1,"b_ch_1",-1.13435745373926,0.099190753548516
75,19,2,"b_tt_1",-0.550961770707887,0.0105605343162574
75,19,2,"b_tt_2",-0.0256438867894231,0.208416331793671
75,19,2,"b_tc_1",-1.87026986038031,0.0439338007166594
75,19,2,"b_tc_2",-0.0394501775931235,0.652086092807484
75,19,2,"b_hw_1",-0.140414561121481,0.0058265224086462
75,19,2,"b_hw_2",-0.0374251619442241,0.03869796880994
75,19,2,"b_ch_1",-5.48447508377749,0.131571336593718
75,19,2,"b_ch_2",-0.655140568651501,1.82750408104616
75,19,2,"delta_1",0,NA
75,19,2,"delta_2",0.22874669607008,0.3292234043994
75,19,3,"b_tt_1",-0.614293811372266,0.228850434406088
75,19,3,"b_tt_2",-0.447808134933838,0.173398685042217
75,19,3,"b_tt_3",-0.0215950034117395,0.0106964353766926
75,19,3,"b_tc_1",-2.06433845587814,0.732706811637572
75,19,3,"b_tc_2",-2.47660247911637,0.879668050560784
75,19,3,"b_tc_3",0.00951011529958919,0.0451641197746202
75,19,3,"b_hw_1",-0.152081974630822,0.0465311559293612
75,19,3,"b_hw_2",-0.11658684838215,0.0400076024806035
75,19,3,"b_hw_3",-0.0397687778000004,0.00700118507463365
75,19,3,"b_ch_1",-6.15286251336583,2.13262659870724
75,19,3,"b_ch_2",-0.154709185257247,0.733324879703002
75,19,3,"b_ch_3",-0.847927922942513,0.145152238321702
75,19,3,"delta_1",0,NA
75,19,3,"delta_2",-1.3779918919233,0.562991558186797
75,19,3,"delta_3",0.194563100064412,0.338730197798718
75,20,1,"b_tt_1",-0.0572919553071239,0.00978018399978601
75,20,1,"b_tc_1",-0.0821562637753444,0.0226437671593923
75,20,1,"b_hw_1",-0.0390997709979667,0.00428292130852108
75,20,1,"b_ch_1",-1.10627449784386,0.0995593321587066
75,20,2,"b_tt_1",-0.286118327280046,0.0135147735237738
75,20,2,"b_tt_2",-0.0534035552095717,0.0819166863716364
75,20,2,"b_tc_1",-0.228108980407845,0.0396188654721233
75,20,2,"b_tc_2",-0.169433172931419,0.0724223278526247
75,20,2,"b_hw_1",-0.0188160562424803,0.00593896913805935
75,20,2,"b_hw_2",-0.0494716393326901,0.0189826427692425
75,20,2,"b_ch_1",-1.62424051972937,0.123321329232791
75,20,2,"b_ch_2",-1.24790806680297,0.427463215155019
75,20,2,"delta_1",0,NA
75,20,2,"delta_2",1.48441950760567,0.440986837900456
75,20,3,"b_tt_1",-0.398533080909476,0.0331957688357789
75,20,3,"b_tt_2",-0.170040153982524,0.150529388223438
75,20,3,"b_tt_3",-0.0297234704704712,0.0174870765958289
75,20,3,"b_tc_1",-0.250777441598019,0.140801138766222
75,20,3,"b_tc_2",-0.669859751607759,0.19452086540967
75,20,3,"b_tc_3",-0.0708001785638427,0.0309576438121009
75,20,3,"b_hw_1",-0.00202495444584891,0.00837342197754944
75,20,3,"b_hw_2",-0.0295869557094978,0.0295838229343886
75,20,3,"b_hw_3",-0.0944591896161697,0.0158088717846743
75,20,3,"b_ch_1",-1.84862766953917,0.242178398422545
75,20,3,"b_ch_2",-1.47694803480563,0.733082020617838
75,20,3,"b_ch_3",-1.5296466032615,0.271356039022888
75,20,3,"delta_1",0,NA
75,20,3,"delta_2",1.36303025988251,0.495536430289146
75,20,3,"delta_3",1.3683140277436,0.389640672119711
50,1,1,"b_tt_1",-0.0669933079487393,0.0142175129259233
50,1,1,"b_tc_1",-0.108626664892912,0.0466888810253869
50,1,1,"b_hw_1",-0.0398801735074866,0.00571532132789697
50,1,1,"b_ch_1",-1.39522871552407,0.134317444134186
50,1,2,"b_tt_1",-0.119456624220737,0.143970550399674
50,1,2,"b_tt_2",-0.117570536164771,0.0239492348556944
50,1,2,"b_tc_1",-0.126134484476499,0.665299496536664
50,1,2,"b_tc_2",-1.48875478310958,0.0590927017025353
50,1,2,"b_hw_1",-0.0534205269662382,0.0131572437275824
50,1,2,"b_hw_2",-0.0420019967297732,0.0096092045425608
50,1,2,"b_ch_1",-1.50935549356211,0.688395607868873
50,1,2,"b_ch_2",-2.24561977293153,0.255868282410897
50,1,2,"delta_1",0,NA
50,1,2,"delta_2",-0.585713182813474,0.44859974236814
50,1,3,"b_tt_1",-0.210948922957347,0.037022557310683
50,1,3,"b_tt_2",-0.186205730910056,0.107396129555806
50,1,3,"b_tt_3",0.0262553113155156,0.0857032198390985
50,1,3,"b_tc_1",-0.402056884197803,0.0896431476776916
50,1,3,"b_tc_2",-2.2932734071119,1.20778349046888
50,1,3,"b_tc_3",0.32419599223985,0.221212851079381
50,1,3,"b_hw_1",-0.0779113244241673,0.014464502987397
50,1,3,"b_hw_2",-0.044044825690097,0.0198031724916854
50,1,3,"b_hw_3",-0.0386865574785916,0.0178135609266298
50,1,3,"b_ch_1",-2.7245231851737,0.37618932918279
50,1,3,"b_ch_2",-2.23616694864214,1.16485859349728
50,1,3,"b_ch_3",-0.242518213449841,0.425169738356299
50,1,3,"delta_1",0,NA
50,1,3,"delta_2",-1.04673688184528,0.466483241334544
50,1,3,"delta_3",-1.6661329187311,0.592233787640982
50,2,1,"b_tt_1",-0.0376686323673029,0.0100332048525427
50,2,1,"b_tc_1",-0.0666057720694623,0.0239950271936678
50,2,1,"b_hw_1",-0.0397193159077714,0.00502410005816558
50,2,1,"b_ch_1",-1.13199585881029,0.117926357284972
50,2,2,"b_tt_1",-0.248675611955041,0.056294940599558
50,2,2,"b_tt_2",-0.0496158217748695,0.0158153521769899
50,2,2,"b_tc_1",-1.72561352479855,0.356516202839119
50,2,2,"b_tc_2",-0.0529513799477184,0.028116845506576
50,2,2,"b_hw_1",-0.049660179190599,0.0139079295817041
50,2,2,"b_hw_2",-0.0454839974213989,0.00838016411316425
50,2,2,"b_ch_1",-1.85796483052095,0.350365609451374
50,2,2,"b_ch_2",-0.982222862791569,0.187289025536911
50,2,2,"delta_1",0,NA
50,2,2,"delta_2",0.111611845563832,0.40140825053919
50,2,3,"b_tt_1",-0.383836679097974,0.0958355668485554
50,2,3,"b_tt_2",-0.0532895420445659,0.717226241939016
50,2,3,"b_tt_3",0.803680812655073,0.0148414959461067
50,2,3,"b_tc_1",-2.34649706068003,0.557259612849024
50,2,3,"b_tc_2",-0.0565082206657283,4.78595766306514
50,2,3,"b_tc_3",-2.05444557085504,0.0276440768052986
50,2,3,"b_hw_1",-0.0571366643325055,0.0173569449978322
50,2,3,"b_hw_2",-0.0438878762375848,1.20621528698463
50,2,3,"b_hw_3",-0.956238642569872,0.00856914046088117
50,2,3,"b_ch_1",-2.2280288972619,0.46170778078305
50,2,3,"b_ch_2",-1.12667745467342,5.25933299627685
50,2,3,"b_ch_3",-3.19848140018176,0.200024594314407
50,2,3,"delta_1",0,NA
50,2,3,"delta_2",0.176232396774668,0.602020053682181
50,2,3,"delta_3",-1.5459947867776,0.416193155055386
50,3,1,"b_tt_1",-0.0657162840980865,0.0134087203569404
50,3,1,"b_tc_1",-0.138893974734339,0.0340526864294696
50,3,1,"b_hw_1",-0.0386858754273092,0.00555169733536124
50,3,1,"b_ch_1",-1.45092446947845,0.14003745743059
50,3,2,"b_tt_1",-0.172775232965165,0.075889902702578
50,3,2,"b_tt_2",-0.106961073049448,0.0200373492301873
50,3,2,"b_tc_1",-0.997076133152644,0.366590848445637
50,3,2,"b_tc_2",-0.154737923595253,0.0428316298643964
50,3,2,"b_hw_1",-0.0311502396497181,0.0156798045788614
50,3,2,"b_hw_2",-0.0534594345872088,0.00835025948593876
50,3,2,"b_ch_1",-7.24223693918866,2.8663503830552
50,3,2,"b_ch_2",-1.41418067580041,0.194207696076774
50,3,2,"delta_1",0,NA
50,3,2,"delta_2",0.71279878401259,0.400719822574254
50,3,3,"b_tt_1",-1.18267757608448,0.0794377395822725
50,3,3,"b_tt_2",-0.265991804934413,0.0197523881857001
50,3,3,"b_tt_3",-0.036777078092776,0.49988701345473
50,3,3,"b_tc_1",-6.86952176427503,0.127222052934823
50,3,3,"b_tc_2",-0.300759547175704,0.0515193425281298
50,3,3,"b_tc_3",-0.153664100613678,2.87315994579518
50,3,3,"b_hw_1",-0.0942728811502034,0.0156000891459806
50,3,3,"b_hw_2",-0.0442450742719359,0.0146278216795634
50,3,3,"b_hw_3",-0.0733144963353724,0.0442850040800669
50,3,3,"b_ch_1",-39.8928115447537,0.44717738659395
50,3,3,"b_ch_2",-1.42838124103405,0.314232304220053
50,3,3,"b_ch_3",-1.90928512914329,17.115572476921
50,3,3,"delta_1",0,NA
50,3,3,"delta_2",0.0445305232852635,0.459927195706955
50,3,3,"delta_3",0.725849641129493,0.494004018676594
50,4,1,"b_tt_1",-0.100649664568544,0.0166554253632845
50,4,1,"b_tc_1",-0.313146932518823,0.0531572725018906
50,4,1,"b_hw_1",-0.0407212129785192,0.00598244648555772
50,4,1,"b_ch_1",-1.71097908927229,0.158570946013492
50,4,2,"b_tt_1",-35.6497280485979,NA
50,4,2,"b_tt_2",-0.135416669368887,NA
50,4,2,"b_tc_1",-124.911711566416,NA
50,4,2,"b_tc_2",-0.472579437627164,NA
50,4,2,"b_hw_1",-67.5239818461847,NA
50,4,2,"b_hw_2",-0.0353915520351825,NA
50,4,2,"b_ch_1",-1153.79537054272,NA
50,4,2,"b_ch_2",-1.79855621550608,NA
50,4,2,"delta_1",0,NA
50,4,2,"delta_2",1.84636796113071,NA
50,4,3,"b_tt_1",-36.8009638124341,NA
50,4,3,"b_tt_2",-0.149399522099962,NA
50,4,3,"b_tt_3",-0.0654348981828742,NA
50,4,3,"b_tc_1",-129.143996319526,NA
50,4,3,"b_tc_2",-0.436854514654089,NA
50,4,3,"b_tc_3",-0.950926157967846,NA
50,4,3,"b_hw_1",-70.2510055100354,NA
50,4,3,"b_hw_2",-0.0454210410935081,NA
50,4,3,"b_hw_3",-0.0316976621256041,NA
50,4,3,"b_ch_1",-1184.85660836046,NA
50,4,3,"b_ch_2",-1.66972543875787,NA
50,4,3,"b_ch_3",-5.51631005753728,NA
50,4,3,"delta_1",0,NA
50,4,3,"delta_2",1.57451323570735,NA
50,4,3,"delta_3",0.691480356666649,NA
50,5,1,"b_tt_1",-0.0747103847525722,0.0136718446060037
50,5,1,"b_tc_1",-0.253347451678599,0.0540826375776067
50,5,1,"b_hw_1",-0.0521999931224157,0.00609607313717215
50,5,1,"b_ch_1",-1.23884205718736,0.129727069426069
50,5,2,"b_tt_1",-0.0915226252746212,0.0224727176301771
50,5,2,"b_tt_2",-0.0796125004845144,0.0262445110776967
50,5,2,"b_tc_1",-0.151876142029809,0.112142482495988
50,5,2,"b_tc_2",-0.481682688538591,0.0981501559662809
50,5,2,"b_hw_1",-0.0666951513079337,0.0125267335757381
50,5,2,"b_hw_2",-0.0544584854571768,0.011010472581329
50,5,2,"b_ch_1",-0.795709650585723,0.456863899536859
50,5,2,"b_ch_2",-2.71629601382822,0.214495768047331
50,5,2,"delta_1",0,NA
50,5,2,"delta_2",-0.0310273351648856,0.425841521265864
50,5,3,"b_tt_1",-32.7769162959724,NA
50,5,3,"b_tt_2",-0.131208652624487,NA
50,5,3,"b_tt_3",-0.0228078362082231,NA
50,5,3,"b_tc_1",-146.35590273513,NA
50,5,3,"b_tc_2",-0.244764571540671,NA
50,5,3,"b_tc_3",0.0230416163000871,NA
50,5,3,"b_hw_1",-1.40862058142363,NA
50,5,3,"b_hw_2",-0.0547093685049933,NA
50,5,3,"b_hw_3",-0.113234920425471,NA
50,5,3,"b_ch_1",-795.170402230884,NA
50,5,3,"b_ch_2",-0.757248972482454,NA
50,5,3,"b_ch_3",-2.34729291280497,NA
50,5,3,"delta_1",0,NA
50,5,3,"delta_2",0.659491887661705,NA
50,5,3,"delta_3",0.689229985492168,NA
50,6,1,"b_tt_1",-0.0708619452602589,0.0114004149017107
50,6,1,"b_tc_1",-0.207422337723711,0.0438794150487158
50,6,1,"b_hw_1",-0.0274881670223386,0.00493494765835768
50,6,1,"b_ch_1",-1.19689158728534,0.12594913761307
50,6,2,"b_tt_1",-0.181520871105547,0.0394467971092008
50,6,2,"b_tt_2",-0.0540944123577993,0.017034503749666
50,6,2,"b_tc_1",-0.28166260127399,0.0954765671703118
50,6,2,"b_tc_2",-0.341295450169367,0.0888530487064291
50,6,2,"b_hw_1",-0.0261679056284039,0.0117752262814204
50,6,2,"b_hw_2",-0.0392595362773855,0.00945277000915264
50,6,2,"b_ch_1",-2.56173900700521,0.445389838618132
50,6,2,"b_ch_2",-0.772878280008176,0.20986426468749
50,6,2,"delta_1",0,NA
50,6,2,"delta_2",-0.0521681287094972,0.407948601647986
50,6,3,"b_tt_1",-0.226600339416487,0.166603023288827
50,6,3,"b_tt_2",-0.0930760927436585,0.0534764348435725
50,6,3,"b_tt_3",0.192971128033262,0.0231673297125576
50,6,3,"b_tc_1",-0.408748896663883,1.6620799891786
50,6,3,"b_tc_2",-0.554311252709987,0.125355388473842
50,6,3,"b_tc_3",2.50419342263644,0.127377461285316
50,6,3,"b_hw_1",-0.0419799130742596,0.226101525037834
50,6,3,"b_hw_2",-0.0197672197998523,0.0162690819773691
50,6,3,"b_hw_3",-0.35719240822169,0.0095394916373807
50,6,3,"b_ch_1",-2.76248084017029,2.38225097403009
50,6,3,"b_ch_2",-1.34546029357568,0.555789912248807
50,6,3,"b_ch_3",-3.43307496496524,0.247330669257615
50,6,3,"delta_1",0,NA
50,6,3,"delta_2",0.145502422555677,0.584245867759842
50,6,3,"delta_3",-1.48412144791569,0.583674759002872
50,7,1,"b_tt_1",-0.0150107310353118,0.0117180418488504
50,7,1,"b_tc_1",0.0958709508641498,0.0542018452134599
50,7,1,"b_hw_1",-0.0386638874541643,0.00542209022000403
50,7,1,"b_ch_1",-1.47698352376715,0.136911790659534
50,7,2,"b_tt_1",-0.0847226247391636,0.0160870637804094
50,7,2,"b_tt_2",-0.0479993748344399,0.0746663711840589
50,7,2,"b_tc_1",0.605015915449137,0.0824772285192211
50,7,2,"b_tc_2",-0.192232569274679,0.321857393750075
50,7,2,"b_hw_1",-0.128996535821161,0.00707483963069254
50,7,2,"b_hw_2",-0.0348444669174878,0.0604273401306873
50,7,2,"b_ch_1",-3.56230104723275,0.193864615149782
50,7,2,"b_ch_2",-1.45978375159748,1.30443135440461
50,7,2,"delta_1",0,NA
50,7,2,"delta_2",1.01126379144124,0.573585839418602
50,7,3,"b_tt_1",-0.148234109756926,0.0495456088610402
50,7,3,"b_tt_2",-0.142997848879539,0.0639024562601994
50,7,3,"b_tt_3",-0.0577964776234947,0.0416038439123597
50,7,3,"b_tc_1",-1.06140077209911,0.183044447303758
50,7,3,"b_tc_2",-0.0192971911910773,0.140005891663161
50,7,3,"b_tc_3",0.0730987796886436,0.277415561610527
50,7,3,"b_hw_1",-0.0372375610961268,0.178396138047711
50,7,3,"b_hw_2",-0.0403353879179985,0.0131033031087932
50,7,3,"b_hw_3",-0.343213176241371,0.00893482461046794
50,7,3,"b_ch_1",-2.21932342456327,2.97169967362052
50,7,3,"b_ch_2",-1.10488820852074,0.426756520011572
50,7,3,"b_ch_3",-4.80325576958584,0.298430164052651
50,7,3,"delta_1",0,NA
50,7,3,"delta_2",-0.704619743444511,0.601683353290485
50,7,3,"delta_3",-1.08379434972054,0.490173658854393
50,8,1,"b_tt_1",-0.0778540032137133,0.0134526278735027
50,8,1,"b_tc_1",-0.134951514075414,0.0316131535339361
50,8,1,"b_hw_1",-0.0360940991099828,0.00507541076163434
50,8,1,"b_ch_1",-1.02531115461516,0.115896659199301
50,8,2,"b_tt_1",-0.147401872661889,0.0298560063099084
50,8,2,"b_tt_2",-0.0305113582692053,0.0294271171899641
50,8,2,"b_tc_1",-0.255637171989006,0.0619482788134443
50,8,2,"b_tc_2",-0.0523424980494186,0.0797071084458966
50,8,2,"b_hw_1",-0.0545559721913025,0.01154477605863
50,8,2,"b_hw_2",-0.0252465919951919,0.0100324549438635
50,8,2,"b_ch_1",-2.17130402149612,0.454758105857949
50,8,2,"b_ch_2",-0.0394419129136941,0.285209233864004
50,8,2,"delta_1",0,NA
50,8,2,"delta_2",-0.893347325077534,0.582359592302038
50,8,3,"b_tt_1",-0.230809479534366,NA
50,8,3,"b_tt_2",-0.192927684679788,NA
50,8,3,"b_tt_3",-0.11434334345832,NA
50,8,3,"b_tc_1",-0.00690536060501608,NA
50,8,3,"b_tc_2",-0.429705671396887,NA
50,8,3,"b_tc_3",-0.436881885251192,NA
50,8,3,"b_hw_1",-0.00370346521029084,NA
50,8,3,"b_hw_2",-0.0709487450029196,NA
50,8,3,"b_hw_3",-0.0393750577449647,NA
50,8,3,"b_ch_1",-1.79539916000864,NA
50,8,3,"b_ch_2",-98.2482788669792,NA
50,8,3,"b_ch_3",-0.497102450656515,NA
50,8,3,"delta_1",0,NA
50,8,3,"delta_2",0.81788874432746,NA
50,8,3,"delta_3",1.10170797820992,NA
50,9,1,"b_tt_1",-0.0932894048996891,0.0134449746309238
50,9,1,"b_tc_1",-0.122155769669546,0.0279948862428694
50,9,1,"b_hw_1",-0.0404539009253824,0.00540298768512703
50,9,1,"b_ch_1",-1.0640330636145,0.121792005970773
50,9,2,"b_tt_1",-0.207796651603497,0.0348818218035105
50,9,2,"b_tt_2",-0.0771251416496686,0.0242947336464262
50,9,2,"b_tc_1",-0.652152243049828,0.140728558664434
50,9,2,"b_tc_2",-0.0835084313523975,0.0316383661670801
50,9,2,"b_hw_1",-0.0604935137787511,0.0119849027300933
50,9,2,"b_hw_2",-0.0406009195158233,0.00993906476106445
50,9,2,"b_ch_1",-2.17149572009296,0.327056226212932
50,9,2,"b_ch_2",-0.213070819651143,0.273996718251533
50,9,2,"delta_1",0,NA
50,9,2,"delta_2",-0.560315345412906,0.463975023199899
50,9,3,"b_tt_1",-109.052297128459,NA
50,9,3,"b_tt_2",-0.173099073367496,NA
50,9,3,"b_tt_3",-0.0409009175381391,NA
50,9,3,"b_tc_1",-345.165572659911,NA
50,9,3,"b_tc_2",-0.15250379763261,NA
50,9,3,"b_tc_3",-0.12513446413886,NA
50,9,3,"b_hw_1",-28.9404537470642,NA
50,9,3,"b_hw_2",-0.0588485152427467,NA
50,9,3,"b_hw_3",-0.0268244974455364,NA
50,9,3,"b_ch_1",-1371.66159865409,NA
50,9,3,"b_ch_2",-1.4497904732489,NA
50,9,3,"b_ch_3",-0.174401450526016,NA
50,9,3,"delta_1",0,NA
50,9,3,"delta_2",0.714563454110315,NA
50,9,3,"delta_3",-0.089562722302516,NA
50,10,1,"b_tt_1",-0.0483405436703396,0.0114716631505293
50,10,1,"b_tc_1",-0.104625552094244,0.0312979756508205
50,10,1,"b_hw_1",-0.0371624827350247,0.00495177997136426
50,10,1,"b_ch_1",-1.15382974326741,0.120754032431995
50,10,2,"b_tt_1",-0.1227125091467,0.0260919355809944
50,10,2,"b_tt_2",-0.0777439454087717,0.026232621495341
50,10,2,"b_tc_1",-0.576528697611448,0.0319977840280853
50,10,2,"b_tc_2",-0.085832611236841,0.118757586771742
50,10,2,"b_hw_1",-0.0450043828007363,0.0114013976596544
50,10,2,"b_hw_2",-0.0361827052156445,0.00819734640681834
50,10,2,"b_ch_1",-1.82867409383521,0.281169334121902
50,10,2,"b_ch_2",-0.355198663964684,0.266952263920092
50,10,2,"delta_1",0,NA
50,10,2,"delta_2",-1.09988491653381,0.522893344784193
50,10,3,"b_tt_1",-0.824352499636192,0.0176523616761462
50,10,3,"b_tt_2",-0.37393222565382,0.253477750699748
50,10,3,"b_tt_3",-0.0621944719016274,0.230899951443056
50,10,3,"b_tc_1",-3.98097920352971,0.027667554392724
50,10,3,"b_tc_2",-1.89508397545048,1.14632534348692
50,10,3,"b_tc_3",-0.0761735737635415,1.14991973278698
50,10,3,"b_hw_1",-0.0597331751250725,0.00899397475199333
50,10,3,"b_hw_2",-0.5253527681304,0.030395256954751
50,10,3,"b_hw_3",-0.0361123887761036,0.329986144765148
50,10,3,"b_ch_1",-4.62411400726466,0.177928813966888
50,10,3,"b_ch_2",-8.56461824160831,1.42834668987492
50,10,3,"b_ch_3",-0.761531257473969,4.95476487340289
50,10,3,"delta_1",0,NA
50,10,3,"delta_2",-0.513582470168259,0.384206454326689
50,10,3,"delta_3",0.315773754848649,0.46317922526671
50,11,1,"b_tt_1",-0.0426140199061725,0.0127292638466971
50,11,1,"b_tc_1",-0.0375861569436758,0.0455725814604738
50,11,1,"b_hw_1",-0.049415809008173,0.00558804559006059
50,11,1,"b_ch_1",-0.955971372207922,0.113622261904246
50,11,2,"b_tt_1",-0.0779797168865994,0.0510406923288188
50,11,2,"b_tt_2",-0.0259785647664742,0.0173192025783385
50,11,2,"b_tc_1",-0.320104745804559,0.261367211270748
50,11,2,"b_tc_2",0.677057021349333,0.0760506569698677
50,11,2,"b_hw_1",-0.0630064982945402,0.0183766882937723
50,11,2,"b_hw_2",-0.0479744642725993,0.00785095976620186
50,11,2,"b_ch_1",-0.929772765765578,1.36190180919775
50,11,2,"b_ch_2",-4.01707042356865,0.148662071672549
50,11,2,"delta_1",0,NA
50,11,2,"delta_2",-1.17256230469344,0.408769972383281
50,11,3,"b_tt_1",-55.6835385917989,NA
50,11,3,"b_tt_2",-0.0646941003215447,NA
50,11,3,"b_tt_3",-0.055574402341363,NA
50,11,3,"b_tc_1",-204.272618599293,NA
50,11,3,"b_tc_2",0.106664018562913,NA
50,11,3,"b_tc_3",-0.342178445087143,NA
50,11,3,"b_hw_1",-28.3636597701236,NA
50,11,3,"b_hw_2",-0.0294377868594792,NA
50,11,3,"b_hw_3",-0.109204983356861,NA
50,11,3,"b_ch_1",-857.810798956898,NA
50,11,3,"b_ch_2",-0.953914797300091,NA
50,11,3,"b_ch_3",-0.856682061122394,NA
50,11,3,"delta_1",0,NA
50,11,3,"delta_2",0.555306110043325,NA
50,11,3,"delta_3",0.524492821130739,NA
50,12,1,"b_tt_1",-0.045670802973456,0.00931988092959527
50,12,1,"b_tc_1",-0.0866680184055292,0.0250201106121538
50,12,1,"b_hw_1",-0.0298574010358006,0.00488926553225191
50,12,1,"b_ch_1",-1.09637956890601,0.118084755646778
50,12,2,"b_tt_1",-0.086813149600415,0.014930475584551
50,12,2,"b_tt_2",-0.0637946637530714,0.028133532913504
50,12,2,"b_tc_1",-0.0851586751688718,0.0252130335418523
50,12,2,"b_tc_2",-0.645071149899867,0.216199855806311
50,12,2,"b_hw_1",-0.0266265029739902,0.00916897791946827
50,12,2,"b_hw_2",-0.0554538477560952,0.0168016583330385
50,12,2,"b_ch_1",-1.04314985224447,0.221325491465735
50,12,2,"b_ch_2",-2.0632652108673,0.424283441470524
50,12,2,"delta_1",0,NA
50,12,2,"delta_2",-0.36650580811505,0.504252765297775
50,12,3,"b_tt_1",-0.150679976706663,0.0254264396747166
50,12,3,"b_tt_2",-0.129901899432965,0.0445657193850263
50,12,3,"b_tt_3",-0.0724226073496384,0.029587457960463
50,12,3,"b_tc_1",-0.30453524184287,0.0362237687075747
50,12,3,"b_tc_2",-0.131737797709883,0.131855645693369
50,12,3,"b_tc_3",-0.751014253809265,0.238960038319767
50,12,3,"b_hw_1",-0.0257736717504179,0.0122122187388392
50,12,3,"b_hw_2",-0.043829970684789,0.0137501043623563
50,12,3,"b_hw_3",-0.0398882516126435,0.0153865129108059
50,12,3,"b_ch_1",0.125279776484013,0.499143090586216
50,12,3,"b_ch_2",-2.84372145919547,0.344205369245026
50,12,3,"b_ch_3",-1.49266791683317,0.388424078889528
50,12,3,"delta_1",0,NA
50,12,3,"delta_2",1.0683757025976,0.493925720438174
50,12,3,"delta_3",0.488527945526504,0.471648003338657
50,13,1,"b_tt_1",-0.0667185945837298,0.0128196744445456
50,13,1,"b_tc_1",-0.106895675767079,0.0425311003851544
50,13,1,"b_hw_1",-0.041923780175318,0.00554261575779325
50,13,1,"b_ch_1",-1.39372686309587,0.131547364731375
50,13,2,"b_tt_1",-0.105418021985745,0.0202369422352612
50,13,2,"b_tt_2",-0.0116636778505541,0.0310779497491485
50,13,2,"b_tc_1",-0.277302081123807,0.0630518059376811
50,13,2,"b_tc_2",0.248821518274115,0.148064890322406
50,13,2,"b_hw_1",-0.0519526025986626,0.00882397137240153
50,13,2,"b_hw_2",-0.0385143876237518,0.0119617584487146
50,13,2,"b_ch_1",-2.43108074318366,0.301309576172794
50,13,2,"b_ch_2",-0.329917327673795,0.259270916689409
50,13,2,"delta_1",0,NA
50,13,2,"delta_2",-1.20227474846515,0.399451035759826
50,13,3,"b_tt_1",-0.300971372513483,0.0310992348461647
50,13,3,"b_tt_2",-0.192476674956521,0.0414229671929595
50,13,3,"b_tt_3",-0.00182572447976225,0.109608748316276
50,13,3,"b_tc_1",-1.90463851282179,0.156301468906959
50,13,3,"b_tc_2",-0.390885260618804,0.0998375101797031
50,13,3,"b_tc_3",0.315564572866586,0.637261613086142
50,13,3,"b_hw_1",-0.0232442553958068,0.0134271499000129
50,13,3,"b_hw_2",-0.118683082038663,0.0257287545488662
50,13,3,"b_hw_3",-0.0408160677080957,0.0191867757021121
50,13,3,"b_ch_1",-1.88937743830606,0.282455201162813
50,13,3,"b_ch_2",-3.7436253355768,0.597882134117155
50,13,3,"b_ch_3",-0.331368697274461,0.906340804903945
50,13,3,"delta_1",0,NA
50,13,3,"delta_2",1.15552856562665,0.440514479225694
50,13,3,"delta_3",0.0650141758048972,0.541984936389466
50,14,1,"b_tt_1",-0.0553767918840962,0.0121827366076822
50,14,1,"b_tc_1",-0.13022423441646,0.0408136115083183
50,14,1,"b_hw_1",-0.0322266543271916,0.00474505070126824
50,14,1,"b_ch_1",-1.04525192340799,0.1118775253048
50,14,2,"b_tt_1",-0.106559466655908,0.0197638935986487
50,14,2,"b_tt_2",-0.0974697744630561,0.0348101063521624
50,14,2,"b_tc_1",-0.981169321124966,0.0541624084844241
50,14,2,"b_tc_2",-0.172168994011331,0.266589466163561
50,14,2,"b_hw_1",-0.00126368132234801,0.00886408705702369
50,14,2,"b_hw_2",-0.0550246679185968,0.0110268474091703
50,14,2,"b_ch_1",-1.15385411300409,0.201210215151657
50,14,2,"b_ch_2",-1.30554766105466,0.345710568388765
50,14,2,"delta_1",0,NA
50,14,2,"delta_2",0.958798427623001,0.451506382171036
50,14,3,"b_tt_1",-37.4357175635743,NA
50,14,3,"b_tt_2",-0.0834447746545311,NA
50,14,3,"b_tt_3",-0.00399895248022821,NA
50,14,3,"b_tc_1",-221.941534259722,NA
50,14,3,"b_tc_2",-0.146016528568638,NA
50,14,3,"b_tc_3",-0.0417329232666139,NA
50,14,3,"b_hw_1",0.7690196706718,NA
50,14,3,"b_hw_2",-0.0357844414460623,NA
50,14,3,"b_hw_3",-0.0878853104154189,NA
50,14,3,"b_ch_1",-200.975084880045,NA
50,14,3,"b_ch_2",-0.61813956505244,NA
50,14,3,"b_ch_3",-2.95267238052579,NA
50,14,3,"delta_1",0,NA
50,14,3,"delta_2",1.10259205401988,NA
50,14,3,"delta_3",0.625199947647731,NA
50,15,1,"b_tt_1",-0.0714271795580412,0.0138968492275622
50,15,1,"b_tc_1",-0.175211365214704,0.0383889691933665
50,15,1,"b_hw_1",-0.0364916759662698,0.0049793826421897
50,15,1,"b_ch_1",-0.961649877840907,0.113466793701484
50,15,2,"b_tt_1",-0.301150143109247,0.0644319450067291
50,15,2,"b_tt_2",-0.0392186221747819,0.0174432920653637
50,15,2,"b_tc_1",-1.05866531176922,0.240053870526071
50,15,2,"b_tc_2",-0.0677521649978223,0.0376824708268516
50,15,2,"b_hw_1",-0.0591605281655651,0.0126103565591999
50,15,2,"b_hw_2",-0.0287451329532843,0.00753886585724914
50,15,2,"b_ch_1",-2.37713090376834,0.424393488362659
50,15,2,"b_ch_2",-0.356277828505302,0.168413068256715
50,15,2,"delta_1",0,NA
50,15,2,"delta_2",-0.285654665674743,0.389629177478772
50,15,3,"b_tt_1",-17.8364239467273,NA
50,15,3,"b_tt_2",-2.89650102222876,NA
50,15,3,"b_tt_3",-0.0408199080369962,NA
50,15,3,"b_tc_1",-89.7472427145143,NA
50,15,3,"b_tc_2",-8.60547490013562,NA
50,15,3,"b_tc_3",-0.0825177781665462,NA
50,15,3,"b_hw_1",-1.23940655791832,NA
50,15,3,"b_hw_2",-0.350943269636081,NA
50,15,3,"b_hw_3",-0.0274779324944553,NA
50,15,3,"b_ch_1",-202.886039252292,NA
50,15,3,"b_ch_2",-6.45136310529966,NA
50,15,3,"b_ch_3",-0.553503170756681,NA
50,15,3,"delta_1",0,NA
50,15,3,"delta_2",0.14012016679813,NA
50,15,3,"delta_3",0.953537359972739,NA
50,16,1,"b_tt_1",-0.108223142062986,0.0180598694250119
50,16,1,"b_tc_1",-0.271338035823242,0.0635119420665131
50,16,1,"b_hw_1",-0.0321752785572563,0.00497054099295521
50,16,1,"b_ch_1",-1.30356159665846,0.133732971018158
50,16,2,"b_tt_1",-0.131439195569682,NA
50,16,2,"b_tt_2",6.22280105114598,NA
50,16,2,"b_tc_1",-0.369040975622212,NA
50,16,2,"b_tc_2",157.758928041509,NA
50,16,2,"b_hw_1",-0.0290594381957652,NA
50,16,2,"b_hw_2",-21.9249327587297,NA
50,16,2,"b_ch_1",-1.49078237663021,NA
50,16,2,"b_ch_2",-271.994807443499,NA
50,16,2,"delta_1",0,NA
50,16,2,"delta_2",-2.03655293799426,NA
50,16,3,"b_tt_1",-0.287245638341278,0.126411347575994
50,16,3,"b_tt_2",-0.28301298790696,0.0764940495202188
50,16,3,"b_tt_3",-0.0498749284640929,0.0229462159815887
50,16,3,"b_tc_1",-0.573061951650678,0.656261075388859
50,16,3,"b_tc_2",-1.66433434979791,0.233214884983053
50,16,3,"b_tc_3",-0.0599161109108644,0.079052600225124
50,16,3,"b_hw_1",-0.109962251385051,0.0177299290418373
50,16,3,"b_hw_2",-0.0319367631022489,0.032808712437879
50,16,3,"b_hw_3",-0.0138419908625764,0.00816401797559357
50,16,3,"b_ch_1",-3.27097137845239,5.33951631779797
50,16,3,"b_ch_2",-12.1141023526542,0.796130344404614
50,16,3,"b_ch_3",-0.416598337346927,0.196405878244374
50,16,3,"delta_1",0,NA
50,16,3,"delta_2",-0.709786353455737,0.468294922083387
50,16,3,"delta_3",-0.477648327010213,0.481559671730532
50,17,1,"b_tt_1",-0.0830411080052556,0.0137819897247745
50,17,1,"b_tc_1",-0.167824094932634,0.0370511538892498
50,17,1,"b_hw_1",-0.0438534899703014,0.00552579820883151
50,17,1,"b_ch_1",-1.19695589711062,0.123360239271428
50,17,2,"b_tt_1",-0.202633249435546,0.0570013368994139
50,17,2,"b_tt_2",-0.103698422191279,0.0251586083683349
50,17,2,"b_tc_1",-0.836720598714928,0.222037511421223
50,17,2,"b_tc_2",-0.121394972518957,0.0521787963959267
50,17,2,"b_hw_1",-0.0664671288827509,0.0192049160632733
50,17,2,"b_hw_2",-0.0383851791627583,0.00829841166461593
50,17,2,"b_ch_1",-4.09160336465875,1.01836626132827
50,17,2,"b_ch_2",-0.623636781762013,0.180061430346977
50,17,2,"delta_1",0,NA
50,17,2,"delta_2",-0.0714635541057119,0.361136173635341
50,17,3,"b_tt_1",-0.227105538441597,0.0664214459331754
50,17,3,"b_tt_2",-0.19772465838696,0.0634936026607462
50,17,3,"b_tt_3",-0.120724345156922,0.055923086779113
50,17,3,"b_tc_1",-0.27581975047791,0.106114768385166
50,17,3,"b_tc_2",-0.698634400755154,0.337761042352916
50,17,3,"b_tc_3",-0.838346249630197,0.211431864954266
50,17,3,"b_hw_1",-0.076870385124064,0.0168439009346691
50,17,3,"b_hw_2",-0.0602500489743429,0.0131889281396266
50,17,3,"b_hw_3",-0.00636231555769634,0.0166246292874211
50,17,3,"b_ch_1",-1.1663974982875,0.313031461313692
50,17,3,"b_ch_2",-4.49262154475165,0.324821251181726
50,17,3,"b_ch_3",-0.210645765013685,1.32007497597825
50,17,3,"delta_1",0,NA
50,17,3,"delta_2",0.242557239197121,0.533571377835918
50,17,3,"delta_3",-0.849042290879391,0.462258255820152
50,18,1,"b_tt_1",-0.0571840556307057,0.0126200361823983
50,18,1,"b_tc_1",-0.114100411334188,0.0321470168126809
50,18,1,"b_hw_1",-0.0327945299661192,0.00511048841977991
50,18,1,"b_ch_1",-1.18728267190073,0.120681489735155
50,18,2,"b_tt_1",-0.210726758974018,0.0171047086210299
50,18,2,"b_tt_2",-0.0675807687793229,0.0475295561012179
50,18,2,"b_tc_1",-0.799426788494337,0.0316413027860232
50,18,2,"b_tc_2",-0.111758102975592,0.192259496409804
50,18,2,"b_hw_1",0.00616102218945652,0.012647646670915
50,18,2,"b_hw_2",-0.078642649933484,0.0111578925117834
50,18,2,"b_ch_1",-0.992234593912933,0.25371920935523
50,18,2,"b_ch_2",-1.83111262692968,0.24223906050711
50,18,2,"delta_1",0,NA
50,18,2,"delta_2",0.522649788932053,0.392217881391924
50,18,3,"b_tt_1",-0.84062974931516,0.0246384267085008
50,18,3,"b_tt_2",-0.119217287401064,0.335446337616551
50,18,3,"b_tt_3",-0.078657047646807,0.0316897115111528
50,18,3,"b_tc_1",-4.59432236358393,0.0686828404140288
50,18,3,"b_tc_2",-0.108906064506785,1.82047965804111
50,18,3,"b_tc_3",-0.242122588883151,0.0373857798751853
50,18,3,"b_hw_1",-0.101905181246028,0.0152062105112092
50,18,3,"b_hw_2",0.0207539369379333,0.0424096670753229
50,18,3,"b_hw_3",-0.086494993431271,0.0122377882523122
50,18,3,"b_ch_1",-3.89723584670386,0.297789114311118
50,18,3,"b_ch_2",-0.996063843183925,1.50765703011886
50,18,3,"b_ch_3",-1.87060306224029,0.313021949955126
50,18,3,"delta_1",0,NA
50,18,3,"delta_2",-0.377504278991114,0.446677622522843
50,18,3,"delta_3",0.416176683849495,0.42886276405447
50,19,1,"b_tt_1",-0.095548035793224,0.0162412195995602
50,19,1,"b_tc_1",-0.304619070241476,0.0553578508127859
50,19,1,"b_hw_1",-0.0432801849014273,0.00558516032755874
50,19,1,"b_ch_1",-1.22009060019903,0.129745226135229
50,19,2,"b_tt_1",-0.732641561420078,0.185017371913428
50,19,2,"b_tt_2",-0.0343057617978,0.0176489117466672
50,19,2,"b_tc_1",-2.46906507365734,0.623766615406085
50,19,2,"b_tc_2",-0.0447758283560349,0.0625732680056616
50,19,2,"b_hw_1",-0.135292518023197,0.0374249499602241
50,19,2,"b_hw_2",-0.0391651223377922,0.0073735873524101
50,19,2,"b_ch_1",-6.46921313422843,1.64965946194586
50,19,2,"b_ch_2",-0.573861790615523,0.1547991145353
50,19,2,"delta_1",0,NA
50,19,2,"delta_2",-0.0639414256170796,0.32543403879138
50,19,3,"b_tt_1",-0.778300507745472,0.243330734897461
50,19,3,"b_tt_2",-0.572067478977064,0.0192756755462678
50,19,3,"b_tt_3",-0.0346030008663065,0.210189819400228
50,19,3,"b_tc_1",-2.59906529267417,1.16142394880793
50,19,3,"b_tc_2",-3.02795369250003,0.0673122388342433
50,19,3,"b_tc_3",0.0354393883948093,0.693370878355394
50,19,3,"b_hw_1",-0.147010246907752,0.047900475039433
50,19,3,"b_hw_2",-0.127587605931061,0.010366015171629
50,19,3,"b_hw_3",-0.0476804019277317,0.0452477748523284
50,19,3,"b_ch_1",-7.08995063896042,0.775479809120307
50,19,3,"b_ch_2",-0.215261428041092,0.201383923577718
50,19,3,"b_ch_3",-0.898792604208343,1.95774589302471
50,19,3,"delta_1",0,NA
50,19,3,"delta_2",-1.33088319792065,0.594809647829413
50,19,3,"delta_3",-0.174040678636192,0.574486150675406
50,20,1,"b_tt_1",-0.0465803664374777,0.0119854323206591
50,20,1,"b_tc_1",-0.0685489444780723,0.0381558573371163
50,20,1,"b_hw_1",-0.0393962938843052,0.00527802833837097
50,20,1,"b_ch_1",-1.06710815139146,0.117221020862938
50,20,2,"b_tt_1",-0.445415887949506,0.01356095325677
50,20,2,"b_tt_2",-0.0499133485909778,0.211700129320473
50,20,2,"b_tc_1",-0.306797696865901,0.0464719917313487
50,20,2,"b_tc_2",-0.147680713571295,0.23531924576832
50,20,2,"b_hw_1",0.0208412224482153,0.00678688939281344
50,20,2,"b_hw_2",-0.0496537390979055,0.0318456616137959
50,20,2,"b_ch_1",-2.01398981123323,0.13719225337328
50,20,2,"b_ch_2",-1.21986295462797,0.839841225625551
50,20,2,"delta_1",0,NA
50,20,2,"delta_2",1.99063918035511,0.543323181077307
50,20,3,"b_tt_1",-0.283696797238246,0.0202100769263834
50,20,3,"b_tt_2",-0.186144915837938,0.0799765871972917
50,20,3,"b_tt_3",-0.0318463154645167,0.0866879164692991
50,20,3,"b_tc_1",-1.77604948960364,0.0652648452312529
50,20,3,"b_tc_2",-0.0229236887884055,0.481129907116277
50,20,3,"b_tc_3",-0.0958469482564805,0.147129824349762
50,20,3,"b_hw_1",-0.0341364589327043,0.0168284197082459
50,20,3,"b_hw_2",-0.0188050503059754,0.0153254149043941
50,20,3,"b_hw_3",-0.0924339917775553,0.0184098191298193
50,20,3,"b_ch_1",-1.81129547063711,0.281481890575139
50,20,3,"b_ch_2",-1.46575858143183,0.463667300908462
50,20,3,"b_ch_3",-1.58212540847211,0.512714353440076
50,20,3,"delta_1",0,NA
50,20,3,"delta_2",-0.352322499504401,0.468883809439818
50,20,3,"delta_3",0.611205462911206,0.491304020254641
30,1,1,"b_tt_1",-0.0649315482769284,0.016503812652371
30,1,1,"b_tc_1",-0.0933254750065152,0.0530578856314883
30,1,1,"b_hw_1",-0.0385935685454205,0.00726962537353124
30,1,1,"b_ch_1",-1.36755220399405,0.167427256423838
30,1,2,"b_tt_1",-0.173141326126509,0.0352934857495237
30,1,2,"b_tt_2",0.0818499368536867,0.0430671721685529
30,1,2,"b_tc_1",-0.402651301339956,0.0957272037330247
30,1,2,"b_tc_2",0.396842958582387,0.170157937118365
30,1,2,"b_hw_1",-0.0644203715341553,0.0136834989238933
30,1,2,"b_hw_2",-0.0231216528332318,0.0136540623259629
30,1,2,"b_ch_1",-2.52102319683821,0.362391619531926
30,1,2,"b_ch_2",-0.509606123111286,0.3159527160105
30,1,2,"delta_1",0,NA
30,1,2,"delta_2",-1.2799246362866,0.490205461508439
30,1,3,"b_tt_1",-0.341500032975785,0.0832867633426976
30,1,3,"b_tt_2",-0.0403012483071317,0.0379379578021901
30,1,3,"b_tt_3",0.054034717612984,0.100864548867445
30,1,3,"b_tc_1",-0.797017311141481,0.247573830557151
30,1,3,"b_tc_2",0.241048037401145,0.0966159484615255
30,1,3,"b_tc_3",-0.0425190546964424,0.264714597282843
30,1,3,"b_hw_1",-0.0805024501061132,0.0225160712526585
30,1,3,"b_hw_2",-0.0139264465872987,0.0190155634100831
30,1,3,"b_hw_3",-0.0456992350605384,0.0216124916254162
30,1,3,"b_ch_1",-3.108440133162,0.61192493587524
30,1,3,"b_ch_2",-0.110948783511544,0.489582235468249
30,1,3,"b_ch_3",-1.71593390329858,0.53116770862537
30,1,3,"delta_1",0,NA
30,1,3,"delta_2",-1.69103413751582,0.593005290553184
30,1,3,"delta_3",-0.649912775626504,0.669296345823481
30,2,1,"b_tt_1",-0.068266063177596,0.0180906252026711
30,2,1,"b_tc_1",-0.117651881174365,0.0468244481257671
30,2,1,"b_hw_1",-0.0425203288943017,0.00663066141077141
30,2,1,"b_ch_1",-1.09700330579966,0.15266086863197
30,2,2,"b_tt_1",-0.1726640449235,0.041414098128113
30,2,2,"b_tt_2",-0.123790161001301,0.0466932011627988
30,2,2,"b_tc_1",-1.30830829587854,0.0769305566497209
30,2,2,"b_tc_2",-0.176483463234494,0.31124690829983
30,2,2,"b_hw_1",-0.0609154157867935,0.0122835920519974
30,2,2,"b_hw_2",-0.0426659566329421,0.0132840669637233
30,2,2,"b_ch_1",-1.70598916796306,0.301136617185449
30,2,2,"b_ch_2",-0.765238231707329,0.34912140338
30,2,2,"delta_1",0,NA
30,2,2,"delta_2",-0.454227977980802,0.507287127012523
30,2,3,"b_tt_1",-0.313615295495486,0.0365745232958141
30,2,3,"b_tt_2",-0.227312316556443,0.0901930538316923
30,2,3,"b_tt_3",-0.120738257496373,0.0990205076530129
30,2,3,"b_tc_1",-1.73744402636113,0.0707820597983731
30,2,3,"b_tc_2",-1.52878836085694,0.559606095836737
30,2,3,"b_tc_3",-0.17133448109542,0.564347540876963
30,2,3,"b_hw_1",-0.106332747282646,0.0120199342575331
30,2,3,"b_hw_2",-0.109259688972753,0.0392546238866559
30,2,3,"b_hw_3",-0.03559481270082,0.0290203675035187
30,2,3,"b_ch_1",-3.18932066364112,0.299485758730243
30,2,3,"b_ch_2",0.647560528474216,0.538101295589082
30,2,3,"b_ch_3",-1.05681250045473,0.741787962426578
30,2,3,"delta_1",0,NA
30,2,3,"delta_2",-0.941330210090044,0.596308470992288
30,2,3,"delta_3",-0.213076393348731,0.548928191894547
30,3,1,"b_tt_1",-0.0584193185929979,0.0161314779667808
30,3,1,"b_tc_1",-0.117168561463241,0.041677975157981
30,3,1,"b_hw_1",-0.0431257551174172,0.00739990979211146
30,3,1,"b_ch_1",-1.4689560792954,0.181527247309065
30,3,2,"b_tt_1",-0.23108242755554,0.0197610080954841
30,3,2,"b_tt_2",-0.0323677221567165,0.076040778636596
30,3,2,"b_tc_1",-0.246689449001961,0.057795621223524
30,3,2,"b_tc_2",-0.175326047117621,0.119648378804887
30,3,2,"b_hw_1",-0.0391459290919307,0.0126841993741069
30,3,2,"b_hw_2",-0.0612504054368474,0.0229776507281782
30,3,2,"b_ch_1",-1.79346979512069,0.275385424006606
30,3,2,"b_ch_2",-1.8960556134071,0.684675040485768
30,3,2,"delta_1",0,NA
30,3,2,"delta_2",1.12463743705421,0.620380040462908
30,3,3,"b_tt_1",-111.853470239276,NA
30,3,3,"b_tt_2",-0.229788263233422,NA
30,3,3,"b_tt_3",-0.0370726137014036,NA
30,3,3,"b_tc_1",-483.969953896831,NA
30,3,3,"b_tc_2",-0.247917783091778,NA
30,3,3,"b_tc_3",-0.135058126965628,NA
30,3,3,"b_hw_1",-76.0935990380526,NA
30,3,3,"b_hw_2",-0.0396567858134992,NA
30,3,3,"b_hw_3",-0.0473834226166763,NA
30,3,3,"b_ch_1",-1459.88247251787,NA
30,3,3,"b_ch_2",-1.66414146193978,NA
30,3,3,"b_ch_3",-2.07011182755221,NA
30,3,3,"delta_1",0,NA
30,3,3,"delta_2",0.082158114259125,NA
30,3,3,"delta_3",0.891420424017336,NA
30,4,1,"b_tt_1",-0.0920450757879474,0.0191819187648537
30,4,1,"b_tc_1",-0.2586964567228,0.0598060723489156
30,4,1,"b_hw_1",-0.0343551535547385,0.00705361102988114
30,4,1,"b_ch_1",-1.79269675663706,0.215358350353031
30,4,2,"b_tt_1",-39.1163655143852,NA
30,4,2,"b_tt_2",-0.12820201281243,NA
30,4,2,"b_tc_1",-138.111228956822,NA
30,4,2,"b_tc_2",-0.441154161127378,NA
30,4,2,"b_hw_1",-58.1032434802797,NA
30,4,2,"b_hw_2",-0.0221652636279319,NA
30,4,2,"b_ch_1",-1528.03338256911,NA
30,4,2,"b_ch_2",-1.53782171445062,NA
30,4,2,"delta_1",0,NA
30,4,2,"delta_2",0.774153337885248,NA
30,4,3,"b_tt_1",-179.891470167329,NA
30,4,3,"b_tt_2",-27.8976008025409,NA
30,4,3,"b_tt_3",-0.117603819705891,NA
30,4,3,"b_tc_1",-640.655501461447,NA
30,4,3,"b_tc_2",-126.12380705371,NA
30,4,3,"b_tc_3",-0.329940206508755,NA
30,4,3,"b_hw_1",-269.250619657422,NA
30,4,3,"b_hw_2",-0.322964578490591,NA
30,4,3,"b_hw_3",-0.0309828940750387,NA
30,4,3,"b_ch_1",-7173.47574198871,NA
30,4,3,"b_ch_2",-656.462135425674,NA
30,4,3,"b_ch_3",-1.23951720659785,NA
30,4,3,"delta_1",0,NA
30,4,3,"delta_2",-0.275082974675498,NA
30,4,3,"delta_3",0.389491103227676,NA
30,5,1,"b_tt_1",-0.054312134627753,0.0187054721201205
30,5,1,"b_tc_1",-0.248839410470892,0.0863773454906009
30,5,1,"b_hw_1",-0.0624203540782699,0.00914530190137641
30,5,1,"b_ch_1",-1.50228920884671,0.192823379867073
30,5,2,"b_tt_1",-0.0839992282534563,0.0506835269500626
30,5,2,"b_tt_2",-0.0731125965238047,0.0269298762037223
30,5,2,"b_tc_1",-0.112203677606641,0.197290522466637
30,5,2,"b_tc_2",-0.620871799452268,0.22667696575837
30,5,2,"b_hw_1",-0.0429036359412475,0.0148727315970889
30,5,2,"b_hw_2",-0.119337188073787,0.0302029541443984
30,5,2,"b_ch_1",-0.933695366482258,0.319092156481548
30,5,2,"b_ch_2",-2.93424374200342,0.673855328307204
30,5,2,"delta_1",0,NA
30,5,2,"delta_2",0.683680986923646,0.567790287359432
30,5,3,"b_tt_1",-0.40199561898184,0.080732395352283
30,5,3,"b_tt_2",-0.134619854226213,0.0839392321692849
30,5,3,"b_tt_3",-0.129164769367662,0.428984441892869
30,5,3,"b_tc_1",0.534121130031942,0.952956294281755
30,5,3,"b_tc_2",-0.117026548804283,0.247543700242259
30,5,3,"b_tc_3",-1.36469678593382,0.845526324060752
30,5,3,"b_hw_1",-1.21133802490371,0.153925854349034
30,5,3,"b_hw_2",-0.0387140619852918,0.0141966906269974
30,5,3,"b_hw_3",-0.150105048173143,1.23395658809969
30,5,3,"b_ch_1",-16.3137688473717,4.78041018643452
30,5,3,"b_ch_2",-0.798081262710446,0.299279443393258
30,5,3,"b_ch_3",-5.03923961797153,16.5427372143806
30,5,3,"delta_1",0,NA
30,5,3,"delta_2",0.154708203481456,0.628915073005918
30,5,3,"delta_3",0.695540697798313,0.583000919176157
30,6,1,"b_tt_1",-0.0853913708667059,0.0149685559455629
30,6,1,"b_tc_1",-0.210104692053871,0.0525666789719813
30,6,1,"b_hw_1",-0.0281904690096197,0.00646478979594915
30,6,1,"b_ch_1",-1.33098590902942,0.179104388200853
30,6,2,"b_tt_1",-1.47382239225403,0.954944058817601
30,6,2,"b_tt_2",-0.11016020010962,0.0200356561316089
30,6,2,"b_tc_1",-9.60653519305739,6.11285568456012
30,6,2,"b_tc_2",-0.215598876877915,0.0642534664064805
30,6,2,"b_hw_1",0.0124127059277339,0.0470838763592034
30,6,2,"b_hw_2",-0.0462320316900039,0.0097368120685339
30,6,2,"b_ch_1",-7.88256985764438,5.10979489126449
30,6,2,"b_ch_2",-1.60709469616199,0.237088036070535
30,6,2,"delta_1",0,NA
30,6,2,"delta_2",1.37312934759861,0.476627407479239
30,6,3,"b_tt_1",-1.58264364020869,0.06739633683448
30,6,3,"b_tt_2",-0.256734939190893,0.0524234044153336
30,6,3,"b_tt_3",-0.100971426698801,0.9549013645012
30,6,3,"b_tc_1",-10.3505789657891,0.13148342227854
30,6,3,"b_tc_2",-0.395866379066315,0.167726528475256
30,6,3,"b_tc_3",-0.456626730502159,6.00618535213538
30,6,3,"b_hw_1",0.0169735621040588,0.0127586543057038
30,6,3,"b_hw_2",-0.0343970408757251,0.0435251925352367
30,6,3,"b_hw_3",-0.126987091088111,0.0446074197353006
30,6,3,"b_ch_1",-8.45653581900551,0.536606409918796
30,6,3,"b_ch_2",-2.57243723144033,0.657203970798717
30,6,3,"b_ch_3",-1.91651654452796,5.12705574869466
30,6,3,"delta_1",0,NA
30,6,3,"delta_2",1.03110152582453,0.623178739833135
30,6,3,"delta_3",0.224863683224027,0.503980505763379
30,7,1,"b_tt_1",-0.0118032918916092,0.0130395800041949
30,7,1,"b_tc_1",0.0696737666209287,0.0672604288633547
30,7,1,"b_hw_1",-0.0385839936728074,0.00708211065788551
30,7,1,"b_ch_1",-1.45301225791324,0.174014105651537
30,7,2,"b_tt_1",-0.107230666897134,0.0228013233712817
30,7,2,"b_tt_2",-0.00287112077410293,0.0370697437748047
30,7,2,"b_tc_1",-0.829949078342419,0.131567573655876
30,7,2,"b_tc_2",0.306371767320071,0.270450547386281
30,7,2,"b_hw_1",-0.0361609341401076,0.025051154201605
30,7,2,"b_hw_2",-0.0640364934840059,0.011935678876654
30,7,2,"b_ch_1",-1.2640863951258,0.54676325012065
30,7,2,"b_ch_2",-2.40962428872186,0.332746437074854
30,7,2,"delta_1",0,NA
30,7,2,"delta_2",0.118863495311503,0.658201226717398
30,7,3,"b_tt_1",-0.370676772250697,0.25639885154178
30,7,3,"b_tt_2",-0.138972620192513,0.0728052847788452
30,7,3,"b_tt_3",-0.00678774468027849,0.02059301331136
30,7,3,"b_tc_1",-3.81678755283612,2.44102716736891
30,7,3,"b_tc_2",-0.886644949943633,0.457308903305215
30,7,3,"b_tc_3",0.250330540947336,0.104731162337099
30,7,3,"b_hw_1",-0.0837339551569085,0.0570781839690787
30,7,3,"b_hw_2",-0.0399109624812747,0.0203335314503207
30,7,3,"b_hw_3",-0.0511443912397697,0.0144788793497444
30,7,3,"b_ch_1",-4.65803469838108,2.21420130749125
30,7,3,"b_ch_2",-0.334289062750153,0.536189591797803
30,7,3,"b_ch_3",-2.12606658387737,0.388371781289297
30,7,3,"delta_1",0,NA
30,7,3,"delta_2",-0.438006865614616,0.838821893619931
30,7,3,"delta_3",0.959841151368285,0.589553498785372
30,8,1,"b_tt_1",-0.10786688678668,0.023148275729619
30,8,1,"b_tc_1",-0.20283378711557,0.0778876576824281
30,8,1,"b_hw_1",-0.033617888108157,0.00682410715558608
30,8,1,"b_ch_1",-1.22009016394743,0.166720146057432
30,8,2,"b_tt_1",-0.146752321545543,0.0625174266744316
30,8,2,"b_tt_2",-0.117992345986974,0.0332862473938765
30,8,2,"b_tc_1",-0.153176809919772,0.323934446321415
30,8,2,"b_tc_2",-0.792113077558144,0.10811390950504
30,8,2,"b_hw_1",-0.0465069893667813,0.0147243321918912
30,8,2,"b_hw_2",-0.0264664179875977,0.0108476744386401
30,8,2,"b_ch_1",-2.22521002298845,0.483874358784918
30,8,2,"b_ch_2",0.259450711350344,0.377805451784959
30,8,2,"delta_1",0,NA
30,8,2,"delta_2",-1.33427243568394,0.597889662493942
30,8,3,"b_tt_1",-0.24322326696238,NA
30,8,3,"b_tt_2",-0.157977943925418,NA
30,8,3,"b_tt_3",-0.0455026619949419,NA
30,8,3,"b_tc_1",-0.967236024941384,NA
30,8,3,"b_tc_2",-0.0485549606759618,NA
30,8,3,"b_tc_3",-0.0286279632341154,NA
30,8,3,"b_hw_1",-0.000562135336634295,NA
30,8,3,"b_hw_2",-0.0557392624678307,NA
30,8,3,"b_hw_3",-1.5677126710823,NA
30,8,3,"b_ch_1",-0.898724757477408,NA
30,8,3,"b_ch_2",-3.23733968896446,NA
30,8,3,"b_ch_3",-0.779117587860623,NA
30,8,3,"delta_1",0,NA
30,8,3,"delta_2",0.604776096454482,NA
30,8,3,"delta_3",-0.427701176713723,NA
30,9,1,"b_tt_1",-0.0799036936110349,0.021697879340373
30,9,1,"b_tc_1",-0.0811661669557172,0.0580574066881174
30,9,1,"b_hw_1",-0.0422341987352465,0.00712845429471314
30,9,1,"b_ch_1",-1.16096819884228,0.160455805038412
30,9,2,"b_tt_1",-0.174083010778799,0.0440484767907015
30,9,2,"b_tt_2",-0.167111659609938,0.0644799668930593
30,9,2,"b_tc_1",-0.0796666420026608,0.0803094518634773
30,9,2,"b_tc_2",-0.991090800020676,0.32405019041151
30,9,2,"b_hw_1",-0.110461886695231,0.0239439055911501
30,9,2,"b_hw_2",-0.0142465349833874,0.0110187808111644
30,9,2,"b_ch_1",-1.78966239004439,0.395307636250679
30,9,2,"b_ch_2",-1.2506584188139,0.270837208266324
30,9,2,"delta_1",0,NA
30,9,2,"delta_2",-0.314690620631595,0.417643102257003
30,9,3,"b_tt_1",-0.413615166043804,0.0520674614201404
30,9,3,"b_tt_2",-0.213114051306639,0.134576302166353
30,9,3,"b_tt_3",0.124643983153192,0.126326428895798
30,9,3,"b_tc_1",-2.36150256856236,0.104348233058435
30,9,3,"b_tc_2",-0.216985274421449,0.74320722924963
30,9,3,"b_tc_3",0.952316829095674,0.729123408732287
30,9,3,"b_hw_1",-0.0511172240709845,0.0279941460977655
30,9,3,"b_hw_2",-0.128611289174624,0.0197092718110337
30,9,3,"b_hw_3",0.012520834318867,0.0194399104049007
30,9,3,"b_ch_1",-2.66298491870667,0.463336330049607
30,9,3,"b_ch_2",-2.12845023805412,0.629128846346621
30,9,3,"b_ch_3",-0.0150896998398528,0.453805120945207
30,9,3,"delta_1",0,NA
30,9,3,"delta_2",0.399769833598793,0.443894344342221
30,9,3,"delta_3",-1.2543336210856,0.635901231870119
30,10,1,"b_tt_1",-0.046640665335307,0.0156558707506134
30,10,1,"b_tc_1",-0.180053732728099,0.0523170998294466
30,10,1,"b_hw_1",-0.0397536788041204,0.00680905436664332
30,10,1,"b_ch_1",-1.19558527130549,0.157394993479554
30,10,2,"b_tt_1",-0.101864144390036,0.0310484274626019
30,10,2,"b_tt_2",-0.0388119713491344,0.0340076985970905
30,10,2,"b_tc_1",-0.501565895688321,0.0520133281069438
30,10,2,"b_tc_2",-0.085864067675802,0.153163301881019
30,10,2,"b_hw_1",-0.0508310765871633,0.0126884740197364
30,10,2,"b_hw_2",-0.0373225997505693,0.0107874796174746
30,10,2,"b_ch_1",-1.97644836245466,0.352380355033446
30,10,2,"b_ch_2",0.0264858783436656,0.39138867058134
30,10,2,"delta_1",0,NA
30,10,2,"delta_2",-1.14668010664386,0.675939368351135
30,10,3,"b_tt_1",-0.949534556353901,0.352336121771244
30,10,3,"b_tt_2",-0.0362763285613974,0.0904742883968536
30,10,3,"b_tt_3",0.0926879709849429,0.0170200265330055
30,10,3,"b_tc_1",-4.54155733016193,1.63803084206564
30,10,3,"b_tc_2",-0.15412169381339,0.46440468242938
30,10,3,"b_tc_3",0.943843704604026,0.0555340159471749
30,10,3,"b_hw_1",-0.079729611146246,0.0295393670668832
30,10,3,"b_hw_2",-0.0465303063076871,0.039230065949316
30,10,3,"b_hw_3",-0.0838521585300595,0.010927559563689
30,10,3,"b_ch_1",-6.07868197271847,2.20529699266648
30,10,3,"b_ch_2",-0.565549907657744,1.34347559114957
30,10,3,"b_ch_3",-3.00459413393967,0.285122708759624
30,10,3,"delta_1",0,NA
30,10,3,"delta_2",0.305870991695438,0.694768412576574
30,10,3,"delta_3",-0.413644913120464,0.53479527109885
30,11,1,"b_tt_1",-0.0267593044252024,0.0160481231366184
30,11,1,"b_tc_1",0.0831788363084686,0.0596949683528784
30,11,1,"b_hw_1",-0.0454274382346768,0.00699914209572716
30,11,1,"b_ch_1",-0.916336117057739,0.145685366887128
30,11,2,"b_tt_1",-0.138181148416947,0.0294945627843573
30,11,2,"b_tt_2",-0.0226774767650975,0.0453793129814229
30,11,2,"b_tc_1",-0.604499168788032,0.121710812525737
30,11,2,"b_tc_2",0.390652475128229,0.19981594303025
30,11,2,"b_hw_1",-0.0508634031614635,0.0161352060380735
30,11,2,"b_hw_2",-0.0565865572990982,0.0118842145592506
30,11,2,"b_ch_1",-0.612508882463723,0.494365244110663
30,11,2,"b_ch_2",-2.05753945665155,0.241916562812044
30,11,2,"delta_1",0,NA
30,11,2,"delta_2",-0.062643846428066,0.52405150414415
30,11,3,"b_tt_1",-1.39016428032981,0.0236323338529524
30,11,3,"b_tt_2",-0.333854006168727,0.873804712233347
30,11,3,"b_tt_3",-0.0182669628095936,0.153001332176592
30,11,3,"b_tc_1",-5.38767402846066,0.0919327339788324
30,11,3,"b_tc_2",-2.82800328552348,3.61409833919784
30,11,3,"b_tc_3",0.261451180744902,1.2499480163583
30,11,3,"b_hw_1",-0.257594452055544,0.010397765034995
30,11,3,"b_hw_2",-0.13114119418059,0.170358859369589
30,11,3,"b_hw_3",-0.0438588094595054,0.0551497874703984
30,11,3,"b_ch_1",-7.73520259550842,0.249369510941309
30,11,3,"b_ch_2",0.443161423454086,4.91831726866355
30,11,3,"b_ch_3",-1.15743231617448,0.7205311372519
30,11,3,"delta_1",0,NA
30,11,3,"delta_2",-0.378430028527388,0.521079912756226
30,11,3,"delta_3",0.862478150010503,0.592322770941068
30,12,1,"b_tt_1",-0.0398227875549038,0.0115379052876722
30,12,1,"b_tc_1",-0.130583393890709,0.0382968380629158
30,12,1,"b_hw_1",-0.0232589247396695,0.00601135436422978
30,12,1,"b_ch_1",-1.0722135820907,0.148228632278895
30,12,2,"b_tt_1",-0.0767947390335803,0.0248770183122922
30,12,2,"b_tt_2",-0.0469235498385092,0.0217523714445952
30,12,2,"b_tc_1",-0.0773685799241329,0.163716320379733
30,12,2,"b_tc_2",-0.479236379758171,0.0457063306861435
30,12,2,"b_hw_1",-0.00908169060291735,0.015335026530653
30,12,2,"b_hw_2",-0.050880165910839,0.0117557177001992
30,12,2,"b_ch_1",-0.549410825568132,0.358975409958142
30,12,2,"b_ch_2",-2.15288834295108,0.342980891958133
30,12,2,"delta_1",0,NA
30,12,2,"delta_2",0.608768882043452,0.538582118307815
30,12,3,"b_tt_1",-0.730931861993917,NA
30,12,3,"b_tt_2",-0.16091340244033,NA
30,12,3,"b_tt_3",-0.0391709428872284,NA
30,12,3,"b_tc_1",-0.946510862401316,NA
30,12,3,"b_tc_2",-0.340629430771124,NA
30,12,3,"b_tc_3",-0.369608657353177,NA
30,12,3,"b_hw_1",0.100655732025991,NA
30,12,3,"b_hw_2",-0.0578554729705001,NA
30,12,3,"b_hw_3",-0.0173843547256836,NA
30,12,3,"b_ch_1",-3.70078555044849,NA
30,12,3,"b_ch_2",-48.535650256514,NA
30,12,3,"b_ch_3",-0.693185798090809,NA
30,12,3,"delta_1",0,NA
30,12,3,"delta_2",1.00856222522351,NA
30,12,3,"delta_3",0.778703013222312,NA
30,13,1,"b_tt_1",-0.0477695577652887,0.0140501579330852
30,13,1,"b_tc_1",-0.0546930240361349,0.0445886967672726
30,13,1,"b_hw_1",-0.0332100953592625,0.00629226029126124
30,13,1,"b_ch_1",-1.16598650732254,0.15030283265773
30,13,2,"b_tt_1",-0.111163439588083,0.023806247432006
30,13,2,"b_tt_2",-0.079177489658049,0.0494949900160974
30,13,2,"b_tc_1",-0.423046504664872,0.0669208388460193
30,13,2,"b_tc_2",-0.0747437213056,0.221569548417355
30,13,2,"b_hw_1",-0.259868175074312,0.00788644333807044
30,13,2,"b_hw_2",-0.0127229717578533,0.107409478388777
30,13,2,"b_ch_1",-6.0274424329274,0.189943713975887
30,13,2,"b_ch_2",-0.700043246403482,2.26669370956745
30,13,2,"delta_1",0,NA
30,13,2,"delta_2",0.0930333882531235,0.394736927629546
30,13,3,"b_tt_1",-0.825498022366989,NA
30,13,3,"b_tt_2",-0.588192314977535,NA
30,13,3,"b_tt_3",-0.0439562014445989,NA
30,13,3,"b_tc_1",-2.85274540230406,NA
30,13,3,"b_tc_2",-0.137754024672509,NA
30,13,3,"b_tc_3",-0.100387507060501,NA
30,13,3,"b_hw_1",-1.91150977295527,NA
30,13,3,"b_hw_2",0.0738878368936932,NA
30,13,3,"b_hw_3",-0.0388876258076883,NA
30,13,3,"b_ch_1",-73.8012644947191,NA
30,13,3,"b_ch_2",-2.8925562549298,NA
30,13,3,"b_ch_3",-0.923809976270513,NA
30,13,3,"delta_1",0,NA
30,13,3,"delta_2",-0.709575186990141,NA
30,13,3,"delta_3",0.322277922241508,NA
30,14,1,"b_tt_1",-0.0508415179539291,0.0140863354581338
30,14,1,"b_tc_1",-0.125121309246086,0.0464931301732202
30,14,1,"b_hw_1",-0.0316971580979749,0.00619802066281246
30,14,1,"b_ch_1",-1.04577616221068,0.143015461556241
30,14,2,"b_tt_1",-0.0799214205779638,0.0371196785166635
30,14,2,"b_tt_2",-0.0079688609258121,0.0202810428091328
30,14,2,"b_tc_1",-0.163326214819344,0.190170956787456
30,14,2,"b_tc_2",-0.177912402692657,0.0585132056055673
30,14,2,"b_hw_1",-0.0257760580617804,0.0250792414271686
30,14,2,"b_hw_2",-0.0810326877003682,0.00811309698553031
30,14,2,"b_ch_1",-0.526004338267535,0.775008632005522
30,14,2,"b_ch_2",-3.36910476592055,0.185739686946395
30,14,2,"delta_1",0,NA
30,14,2,"delta_2",-0.299317749954235,0.432742513340806
30,14,3,"b_tt_1",-0.408400703998323,0.141239956312098
30,14,3,"b_tt_2",-0.0932212358240473,0.0251958874388188
30,14,3,"b_tt_3",-0.00601291903372216,0.0374437270779909
30,14,3,"b_tc_1",-2.78078276088371,1.11716220601141
30,14,3,"b_tc_2",-0.159814256450017,0.0612450651471076
30,14,3,"b_tc_3",-0.184017494230964,0.19535675302727
30,14,3,"b_hw_1",0.0191949416987508,0.0184445270702901
30,14,3,"b_hw_2",-0.0524132326201119,0.0137349265947344
30,14,3,"b_hw_3",-0.0811987452608565,0.024987617786745
30,14,3,"b_ch_1",-0.607740179903643,0.636578740317232
30,14,3,"b_ch_2",-0.762330251005463,0.279288064296724
30,14,3,"b_ch_3",-3.49537393635194,0.821036022013871
30,14,3,"delta_1",0,NA
30,14,3,"delta_2",0.877490526548691,0.596209089710235
30,14,3,"delta_3",0.836753243424719,0.592787692674097
30,15,1,"b_tt_1",-0.0628835933728311,0.0183521577335149
30,15,1,"b_tc_1",-0.178466327609123,0.0582579302934107
30,15,1,"b_hw_1",-0.0380341736097121,0.00645164346388388
30,15,1,"b_ch_1",-0.938048333186417,0.143598277545227
30,15,2,"b_tt_1",-0.129505309526043,0.0561739134791913
30,15,2,"b_tt_2",-0.112975935555815,0.027946532524909
30,15,2,"b_tc_1",-1.51930308656805,0.453094993378826
30,15,2,"b_tc_2",-0.249055742567268,0.0778261205716616
30,15,2,"b_hw_1",-0.0679837809471512,0.0230678538847782
30,15,2,"b_hw_2",-0.0393214021842945,0.00970676681698475
30,15,2,"b_ch_1",-0.370119921119665,0.446984527128222
30,15,2,"b_ch_2",-1.3850597811734,0.252249106082121
30,15,2,"delta_1",0,NA
30,15,2,"delta_2",0.819995628040547,0.553481397443825
30,15,3,"b_tt_1",-15.352310133146,NA
30,15,3,"b_tt_2",-0.154246647710752,NA
30,15,3,"b_tt_3",-0.142692792608092,NA
30,15,3,"b_tc_1",-27.2405433870574,NA
30,15,3,"b_tc_2",-0.368517560763632,NA
30,15,3,"b_tc_3",-1.66495681174036,NA
30,15,3,"b_hw_1",-26.6223271912142,NA
30,15,3,"b_hw_2",-0.0368920195813014,NA
30,15,3,"b_hw_3",-0.067650107447832,NA
30,15,3,"b_ch_1",469.519410340828,NA
30,15,3,"b_ch_2",-1.51934719129258,NA
30,15,3,"b_ch_3",-0.812281496931977,NA
30,15,3,"delta_1",0,NA
30,15,3,"delta_2",2.24697042648352,NA
30,15,3,"delta_3",1.52423552870007,NA
30,16,1,"b_tt_1",-0.0824266565655571,0.0226319774715461
30,16,1,"b_tc_1",-0.191568582572044,0.0854911468742193
30,16,1,"b_hw_1",-0.0363746739028977,0.00652970668604527
30,16,1,"b_ch_1",-1.24810994060096,0.168972961998213
30,16,2,"b_tt_1",-0.119881662225297,NA
30,16,2,"b_tt_2",6.55480992550031,NA
30,16,2,"b_tc_1",-0.359539243635727,NA
30,16,2,"b_tc_2",166.187293286156,NA
30,16,2,"b_hw_1",-0.0322431662043361,NA
30,16,2,"b_hw_2",-23.0974306932317,NA
30,16,2,"b_ch_1",-1.5846562782185,NA
30,16,2,"b_ch_2",-286.432397115587,NA
30,16,2,"delta_1",0,NA
30,16,2,"delta_2",-1.56827912658188,NA
30,16,3,"b_tt_1",-0.14123263308892,0.0457687949914635
30,16,3,"b_tt_2",-0.10825436362993,0.0779337334619942
30,16,3,"b_tt_3",-0.0345248098930607,0.0474038723902088
30,16,3,"b_tc_1",-0.280818499632134,0.312420138259069
30,16,3,"b_tc_2",-0.622735931303747,0.261953586725699
30,16,3,"b_tc_3",0.41023215355396,0.135926090998837
30,16,3,"b_hw_1",0.0216154543867558,0.0529516219161127
30,16,3,"b_hw_2",-0.0631525296293876,0.0169681316459048
30,16,3,"b_hw_3",-0.164717766757148,0.0216818129151245
30,16,3,"b_ch_1",-0.528280343133344,0.849357780698116
30,16,3,"b_ch_2",-2.70680064066764,0.569079564191737
30,16,3,"b_ch_3",-2.47980686902223,0.369427670728996
30,16,3,"delta_1",0,NA
30,16,3,"delta_2",1.02165881869781,0.611888718602077
30,16,3,"delta_3",0.488679822805563,0.67074336066724
30,17,1,"b_tt_1",-0.0820472069893434,0.0200318733507828
30,17,1,"b_tc_1",-0.234575319235609,0.0615757777008025
30,17,1,"b_hw_1",-0.0450707283228036,0.00704015216297632
30,17,1,"b_ch_1",-1.02764194392977,0.14680923862538
30,17,2,"b_tt_1",-0.246556375818427,0.0330745925278337
30,17,2,"b_tt_2",-0.0888417536729762,0.120755330544449
30,17,2,"b_tc_1",-0.263088086114093,0.136055955273492
30,17,2,"b_tc_2",-0.392878410770782,0.249722707321805
30,17,2,"b_hw_1",-0.289065747433394,0.00893314132541306
30,17,2,"b_hw_2",-0.0184850924413291,0.0974984978802623
30,17,2,"b_ch_1",-5.92971564566701,0.21019603375648
30,17,2,"b_ch_2",-0.454931808650187,2.00861903178106
30,17,2,"delta_1",0,NA
30,17,2,"delta_2",-0.213491824967056,0.42446688674702
30,17,3,"b_tt_1",-0.706411291822534,0.0524399671730934
30,17,3,"b_tt_2",-0.153546025500964,0.0856487481687883
30,17,3,"b_tt_3",-0.0778221233577139,0.346045075296043
30,17,3,"b_tc_1",-6.60968100820094,0.210529591302349
30,17,3,"b_tc_2",0.0786820956561301,0.262776835286715
30,17,3,"b_tc_3",-0.0997937072519718,2.80344322209468
30,17,3,"b_hw_1",-0.101226046192402,0.0120410530251421
30,17,3,"b_hw_2",-0.28331922975569,0.0897971799982355
30,17,3,"b_hw_3",-0.0241860344424518,0.048639476350299
30,17,3,"b_ch_1",-9.15497989356297,0.230620673387956
30,17,3,"b_ch_2",-5.17604362123968,1.79743987358078
30,17,3,"b_ch_3",-0.0184231174119497,3.89832845955684
30,17,3,"delta_1",0,NA
30,17,3,"delta_2",0.454728986891886,0.495319175825722
30,17,3,"delta_3",-0.168648586254167,0.527055641266565
30,18,1,"b_tt_1",-0.0694459945241946,0.0205359382591753
30,18,1,"b_tc_1",-0.207771015759514,0.0595395460878424
30,18,1,"b_hw_1",-0.032354976005489,0.00676925415878878
30,18,1,"b_ch_1",-1.38245249402902,0.169964464988574
30,18,2,"b_tt_1",-0.164475900095084,0.0582057885904288
30,18,2,"b_tt_2",-0.089553699294089,0.0386653030486872
30,18,2,"b_tc_1",-0.545454306945473,0.233928809306944
30,18,2,"b_tc_2",-0.272680600292399,0.0873196277162984
30,18,2,"b_hw_1",0.00681765791731176,0.0138162557757262
30,18,2,"b_hw_2",-0.0936746218443749,0.026901005090438
30,18,2,"b_ch_1",-0.787973422148555,0.298148918415304
30,18,2,"b_ch_2",-2.57190044538236,0.527845313316105
30,18,2,"delta_1",0,NA
30,18,2,"delta_2",0.66522499113323,0.570477195949217
30,18,3,"b_tt_1",-88.6114518790433,NA
30,18,3,"b_tt_2",-0.156006313782436,NA
30,18,3,"b_tt_3",-0.0791721984469294,NA
30,18,3,"b_tc_1",-568.419421131877,NA
30,18,3,"b_tc_2",-0.325718463112809,NA
30,18,3,"b_tc_3",-0.234747709390637,NA
30,18,3,"b_hw_1",-15.4169903135351,NA
30,18,3,"b_hw_2",0.0264174243538946,NA
30,18,3,"b_hw_3",-0.0834261763229922,NA
30,18,3,"b_ch_1",-498.026884199098,NA
30,18,3,"b_ch_2",-0.915922290489401,NA
30,18,3,"b_ch_3",-2.43098499758659,NA
30,18,3,"delta_1",0,NA
30,18,3,"delta_2",-0.313303675870981,NA
30,18,3,"delta_3",0.616038836916575,NA
30,19,1,"b_tt_1",-0.0844855604038217,0.0197656482575917
30,19,1,"b_tc_1",-0.207082785031862,0.0713804554558524
30,19,1,"b_hw_1",-0.0406220962764643,0.00739743876287678
30,19,1,"b_ch_1",-1.47397432391412,0.183301204741248
30,19,2,"b_tt_1",-0.802542435021725,0.0215203963651591
30,19,2,"b_tt_2",-0.0301600279475076,0.378575661823698
30,19,2,"b_tc_1",-2.69837672924541,0.0754627643112986
30,19,2,"b_tc_2",0.0450074521913625,1.30848696982004
30,19,2,"b_hw_1",-0.129513676493964,0.00998750438520551
30,19,2,"b_hw_2",-0.0447333165028696,0.051266835494913
30,19,2,"b_ch_1",-6.63727341713004,0.245484637241736
30,19,2,"b_ch_2",-1.1127379439741,2.42894843183513
30,19,2,"delta_1",0,NA
30,19,2,"delta_2",0.325896535760732,0.454557969022423
30,19,3,"b_tt_1",-19.4981383272131,NA
30,19,3,"b_tt_2",-0.840015483336164,NA
30,19,3,"b_tt_3",-0.0370387437950254,NA
30,19,3,"b_tc_1",-98.1839753602852,NA
30,19,3,"b_tc_2",-2.84555469257831,NA
30,19,3,"b_tc_3",0.0944514035790681,NA
30,19,3,"b_hw_1",0.627975294067583,NA
30,19,3,"b_hw_2",-0.127217191066317,NA
30,19,3,"b_hw_3",-0.0607606833913122,NA
30,19,3,"b_ch_1",12.1234568153768,NA
30,19,3,"b_ch_2",-6.71663617811594,NA
30,19,3,"b_ch_3",-1.47884274965201,NA
30,19,3,"delta_1",0,NA
30,19,3,"delta_2",1.81852137609736,NA
30,19,3,"delta_3",2.06065573711088,NA
30,20,1,"b_tt_1",-0.0634287581677768,0.0161042958255646
30,20,1,"b_tc_1",-0.0440392949918752,0.0421459932909623
30,20,1,"b_hw_1",-0.0449326364772345,0.00744265044456009
30,20,1,"b_ch_1",-1.11504699201696,0.159201473461484
30,20,2,"b_tt_1",-0.0987072294997376,0.0423517126341903
30,20,2,"b_tt_2",-0.0582751414658895,0.0261635358318469
30,20,2,"b_tc_1",0.136332009137302,0.11787505115425
30,20,2,"b_tc_2",-0.137759465072149,0.0727337206567549
30,20,2,"b_hw_1",-0.0128424096176459,0.0137356221908887
30,20,2,"b_hw_2",-0.0908574432978253,0.0218333273223089
30,20,2,"b_ch_1",-1.29948503428269,0.424766357228773
30,20,2,"b_ch_2",-1.69832458605299,0.37519072853045
30,20,2,"delta_1",0,NA
30,20,2,"delta_2",0.626881310686829,0.502056965443943
30,20,3,"b_tt_1",-0.109984457484766,0.448188337895179
30,20,3,"b_tt_2",-0.098297106830788,0.0373075579067228
30,20,3,"b_tt_3",0.687034033880422,0.0427398522507158
30,20,3,"b_tc_1",-0.334814719369696,0.423949462571685
30,20,3,"b_tc_2",0.131258483162566,0.112943844801666
30,20,3,"b_tc_3",0.634078678417773,0.133670108839479
30,20,3,"b_hw_1",-0.113167797597708,0.346449848507634
30,20,3,"b_hw_2",-0.0119772655280367,0.0131025461280555
30,20,3,"b_hw_3",-0.630664472519544,0.0323074544938853
30,20,3,"b_ch_1",-2.87093287329243,0.831869921862301
30,20,3,"b_ch_2",-1.28237343046371,0.360282014606159
30,20,3,"b_ch_3",-0.64601019489674,0.64052191612494
30,20,3,"delta_1",0,NA
30,20,3,"delta_2",-0.31195245008729,0.603984367335046
30,20,3,"delta_3",-1.08987651192659,0.602369114487872
388,0,4,"b_tt_1",-0.383641975956346,0.0105130467529426
388,0,4,"b_tt_2",-0.246152856364491,0.0604754667274295
388,0,4,"b_tt_3",-0.0861771928882897,0.0437262866503377
388,0,4,"b_tt_4",-0.0435057362388293,0.0107012983468597
388,0,4,"b_tc_1",-1.19814785584003,0.0341315749046043
388,0,4,"b_tc_2",-1.93035077101245,0.197584658124058
388,0,4,"b_tc_3",-0.0788472936175618,0.284839021523978
388,0,4,"b_tc_4",-0.115577369086445,0.0209902810095889
388,0,4,"b_hw_1",-0.0682579492018951,0.0105821526120301
388,0,4,"b_hw_2",-0.0430147576195478,0.0101225116930634
388,0,4,"b_hw_3",-0.0216258094196184,0.00934188747091351
388,0,4,"b_hw_4",-0.0911464164435404,0.00515839450395619
388,0,4,"b_ch_1",-4.20882349412777,0.208041563856576
388,0,4,"b_ch_2",-1.81131926038686,0.56954776441352
388,0,4,"b_ch_3",-0.581595085484045,0.301097870752268
388,0,4,"b_ch_4",-1.50024830650084,0.131635828556929
388,0,4,"delta_1",0,NA
388,0,4,"delta_2",-0.537227842137278,0.236451008398652
388,0,4,"delta_3",-0.266913206717498,0.246952390686423
388,0,4,"delta_4",-0.0212309863834731,0.245157314279236
250,1,4,"b_tt_1",-0.842530791602134,0.0433501998886854
250,1,4,"b_tt_2",-0.290908081438597,0.402440218999289
250,1,4,"b_tt_3",-0.233820029886062,0.00793956733914545
250,1,4,"b_tt_4",-0.0340595212033053,0.0698897107293653
250,1,4,"b_tc_1",-3.07704406701251,0.0820182326487194
250,1,4,"b_tc_2",-2.38594809556026,1.51369798092159
250,1,4,"b_tc_3",-0.353501842419356,0.0170688175394775
250,1,4,"b_tc_4",-0.0400674059817494,0.430500789643211
250,1,4,"b_hw_1",-0.214684804707443,0.00848104025213389
250,1,4,"b_hw_2",-0.0706911749062223,0.110492987901001
250,1,4,"b_hw_3",-0.056644989006768,0.00477493032830123
250,1,4,"b_hw_4",-0.0378219405252536,0.0127001468336694
250,1,4,"b_ch_1",-17.9726841344509,0.325370306034644
250,1,4,"b_ch_2",-2.39065190669431,9.01444780938739
250,1,4,"b_ch_3",-2.3940523751301,0.130714232344387
250,1,4,"b_ch_4",-0.376333832287363,0.452592609255565
250,1,4,"delta_1",0,NA
250,1,4,"delta_2",0.042102943111558,0.31346696370074
250,1,4,"delta_3",0.357982951882629,0.321820389098276
250,1,4,"delta_4",0.389391811899744,0.312159278245363
250,2,4,"b_tt_1",-0.465539946023005,0.130221799181372
250,2,4,"b_tt_2",-0.231398550630664,0.0396455086905702
250,2,4,"b_tt_3",-0.0791792083972884,0.00961900062185685
250,2,4,"b_tt_4",-0.0608900043623029,0.0237917669402968
250,2,4,"b_tc_1",-1.27628580671633,0.388321482301967
250,2,4,"b_tc_2",-1.86742365126074,0.271157480077064
250,2,4,"b_tc_3",-0.235686921416599,0.0199467303689265
250,2,4,"b_tc_4",-0.0611683981921592,0.0607983848831641
250,2,4,"b_hw_1",-0.0533729142702748,0.015677799499466
250,2,4,"b_hw_2",-0.0452729664900514,0.00923706474430994
250,2,4,"b_hw_3",-0.0882440029733703,0.00500110795740744
250,2,4,"b_hw_4",-0.0315912744433472,0.0145099427858922
250,2,4,"b_ch_1",-4.61871615473631,1.18367648189147
250,2,4,"b_ch_2",-1.81433554442139,0.306601290095112
250,2,4,"b_ch_3",-2.64482487934182,0.112060718719982
250,2,4,"b_ch_4",-0.391626712444014,0.567796998219833
250,2,4,"delta_1",0,NA
250,2,4,"delta_2",0.0685955343796378,0.333254013493809
250,2,4,"delta_3",0.266516779133061,0.328843564181062
250,2,4,"delta_4",0.324283396058916,0.366112985200696
250,3,4,"b_tt_1",-0.227135226762333,0.0386436170515276
250,3,4,"b_tt_2",-0.216230045095363,0.0397342399738971
250,3,4,"b_tt_3",-0.12021103110713,0.0143816938127868
250,3,4,"b_tt_4",-0.0457573898800226,0.0174135880304043
250,3,4,"b_tc_1",-0.785851536336702,0.127722275948668
250,3,4,"b_tc_2",-1.77036063052869,0.29335645219682
250,3,4,"b_tc_3",-0.103589075049049,0.0421598143077663
250,3,4,"b_tc_4",-0.113575403335966,0.0417249196606909
250,3,4,"b_hw_1",-0.0565375099400435,0.010171159627302
250,3,4,"b_hw_2",-0.0328414718846039,0.0107926928637836
250,3,4,"b_hw_3",-0.0282388165765404,0.0141897539826851
250,3,4,"b_hw_4",-0.112216225633118,0.00570078921598867
250,3,4,"b_ch_1",-3.13837227980161,0.484017304666899
250,3,4,"b_ch_2",-1.3971035699808,0.326425075130286
250,3,4,"b_ch_3",-0.715670622575154,0.221481556394912
250,3,4,"b_ch_4",-1.49820603993231,0.155606621194629
250,3,4,"delta_1",0,NA
250,3,4,"delta_2",-0.85656483121692,0.378749805159689
250,3,4,"delta_3",-0.307743268410702,0.327105117815407
250,3,4,"delta_4",-0.258873570981898,0.294578851690471
250,4,4,"b_tt_1",-2.7038224932325,NA
250,4,4,"b_tt_2",-0.411094809177829,NA
250,4,4,"b_tt_3",-0.339723760176608,NA
250,4,4,"b_tt_4",-0.0564621857676376,NA
250,4,4,"b_tc_1",-7.86176308929283,NA
250,4,4,"b_tc_2",-2.985234935555,NA
250,4,4,"b_tc_3",-1.06394156917911,NA
250,4,4,"b_tc_4",-0.0698803791069154,NA
250,4,4,"b_hw_1",-15.4051134710409,NA
250,4,4,"b_hw_2",-0.0380164635338737,NA
250,4,4,"b_hw_3",-0.0750706268603761,NA
250,4,4,"b_hw_4",-0.0301084163405847,NA
250,4,4,"b_ch_1",-232.412245114395,NA
250,4,4,"b_ch_2",-1.98565065861143,NA
250,4,4,"b_ch_3",-4.15976781378893,NA
250,4,4,"b_ch_4",-0.838881406673822,NA
250,4,4,"delta_1",0,NA
250,4,4,"delta_2",0.129374894928437,NA
250,4,4,"delta_3",1.14993050215581,NA
250,4,4,"delta_4",1.10839856004912,NA
250,5,4,"b_tt_1",-0.357791390686646,0.0651727472895626
250,5,4,"b_tt_2",-0.280685600147233,0.0213405915144166
250,5,4,"b_tt_3",-0.0893563991460736,0.0613853736431429
250,5,4,"b_tt_4",-0.0391921236325253,0.0101223652211829
250,5,4,"b_tc_1",-1.0371417928772,0.191005899359407
250,5,4,"b_tc_2",-2.20901334544643,0.0457271128742464
250,5,4,"b_tc_3",-0.0544095228447725,0.389906061964318
250,5,4,"b_tc_4",-0.113448748894873,0.030722310997851
250,5,4,"b_hw_1",-0.06830431055625,0.0122722294144915
250,5,4,"b_hw_2",-0.0502362696221337,0.00757365719532435
250,5,4,"b_hw_3",-0.0132929969236204,0.0127558757219512
250,5,4,"b_hw_4",-0.0850223728892198,0.0112719860011295
250,5,4,"b_ch_1",-4.37584326464126,0.674443365320905
250,5,4,"b_ch_2",-2.20962108808496,0.181845480653816
250,5,4,"b_ch_3",-0.654550884938261,0.441543332279642
250,5,4,"b_ch_4",-1.21407705470527,0.167810709801268
250,5,4,"delta_1",0,NA
250,5,4,"delta_2",-0.66539101421271,0.313479432172019
250,5,4,"delta_3",-0.856221659272086,0.296576987938599
250,5,4,"delta_4",-0.0398234734289244,0.280554400033586
250,6,4,"b_tt_1",-0.322914647563087,0.0124689824615335
250,6,4,"b_tt_2",-0.215623113003667,0.0645190412051995
250,6,4,"b_tt_3",-0.0661342410614027,0.011785002965549
250,6,4,"b_tt_4",-0.0449631991531667,0.0363928087904327
250,6,4,"b_tc_1",-0.495220426167989,0.0422065035518931
250,6,4,"b_tc_2",-1.83047037612087,0.118744866402483
250,6,4,"b_tc_3",-0.207366267811984,0.030730298059766
250,6,4,"b_tc_4",-0.0399070523718346,0.289900644889874
250,6,4,"b_hw_1",-0.0569147817116927,0.0103001642021282
250,6,4,"b_hw_2",-0.0456875333925226,0.0116067734174917
250,6,4,"b_hw_3",-0.0690339562482054,0.0058472014792201
250,6,4,"b_hw_4",-0.0312115304314496,0.0135862551385818
250,6,4,"b_ch_1",-3.23331197595626,0.297457388243438
250,6,4,"b_ch_2",-1.33673391131033,0.630879852347353
250,6,4,"b_ch_3",-2.43900850483622,0.1424077277505
250,6,4,"b_ch_4",-0.210791587243342,0.276741020194126
250,6,4,"delta_1",0,NA
250,6,4,"delta_2",-0.291337205559102,0.324819229452008
250,6,4,"delta_3",0.513131594549159,0.299004890897353
250,6,4,"delta_4",-0.140858566046279,0.32543733226477
250,7,4,"b_tt_1",-0.404334881960626,0.0132371133880108
250,7,4,"b_tt_2",-0.262365646697998,0.0492254009200084
250,7,4,"b_tt_3",-0.0919059043064811,0.00998141674225303
250,7,4,"b_tt_4",-0.0343375790917668,0.0763787571082537
250,7,4,"b_tc_1",-1.24007489457468,0.0225263119968691
250,7,4,"b_tc_2",-1.94508742637573,0.340047605037238
250,7,4,"b_tc_3",-0.0849341708916243,0.0451936261594504
250,7,4,"b_tc_4",-0.0796320513289203,0.256396519407095
250,7,4,"b_hw_1",-0.0837433936601944,0.00580409053850823
250,7,4,"b_hw_2",-0.0395311640717951,0.0114746964593419
250,7,4,"b_hw_3",-0.0200542604391497,0.0176359333503965
250,7,4,"b_hw_4",-0.0947798980050585,0.0186518059123536
250,7,4,"b_ch_1",-4.16853892312583,0.160568755315675
250,7,4,"b_ch_2",-2.36798225704092,0.412449786799593
250,7,4,"b_ch_3",-0.524465943305698,0.389982040313686
250,7,4,"b_ch_4",-1.6014105520575,0.744585738748664
250,7,4,"delta_1",0,NA
250,7,4,"delta_2",-0.43849637922696,0.273185368936896
250,7,4,"delta_3",-0.117988917951242,0.276039499742174
250,7,4,"delta_4",-0.0285709708625854,0.271501726426801
250,8,4,"b_tt_1",-0.483981517708157,0.0549759567938921
250,8,4,"b_tt_2",-0.368693341092429,0.0888479738797319
250,8,4,"b_tt_3",-0.240037701156202,0.260149714657197
250,8,4,"b_tt_4",-0.0285216302181701,0.00734185704334217
250,8,4,"b_tc_1",-3.04262728419119,0.0517188362917507
250,8,4,"b_tc_2",-1.22216468098129,0.567516544330255
250,8,4,"b_tc_3",-0.202022518368477,0.892309795837887
250,8,4,"b_tc_4",-0.0548051763021144,0.0215493237751924
250,8,4,"b_hw_1",-0.0583370877439667,0.0108142931459502
250,8,4,"b_hw_2",-0.280060773598482,0.0114466951861156
250,8,4,"b_hw_3",-0.0503513510078281,0.228666838099465
250,8,4,"b_hw_4",-0.0301104400645006,0.00449662637007538
250,8,4,"b_ch_1",-3.28619724072137,0.602025828249107
250,8,4,"b_ch_2",-4.77377141147209,0.619283690980021
250,8,4,"b_ch_3",-3.17107848051983,3.225482097412
250,8,4,"b_ch_4",-0.470010171288223,0.122470686279695
250,8,4,"delta_1",0,NA
250,8,4,"delta_2",-0.12613862382078,0.311403630036364
250,8,4,"delta_3",0.0358152637906351,0.57824749687979
250,8,4,"delta_4",0.292011105379143,0.298036806472212
250,9,4,"b_tt_1",-134.581149158532,NA
250,9,4,"b_tt_2",-0.414274419313028,NA
250,9,4,"b_tt_3",-0.20698765816881,NA
250,9,4,"b_tt_4",-0.0181892455604374,NA
250,9,4,"b_tc_1",-480.293384336607,NA
250,9,4,"b_tc_2",-2.55072769355195,NA
250,9,4,"b_tc_3",-0.332184133917087,NA
250,9,4,"b_tc_4",-0.0311137274588983,NA
250,9,4,"b_hw_1",-510.847535424954,NA
250,9,4,"b_hw_2",-0.0589967023777364,NA
250,9,4,"b_hw_3",-0.0588995699887922,NA
250,9,4,"b_hw_4",-0.0235920176291405,NA
250,9,4,"b_ch_1",-3668.18019199274,NA
250,9,4,"b_ch_2",-2.57834128135805,NA
250,9,4,"b_ch_3",-1.92798752587069,NA
250,9,4,"b_ch_4",-0.544722177516885,NA
250,9,4,"delta_1",0,NA
250,9,4,"delta_2",0.914044691771185,NA
250,9,4,"delta_3",1.26859040916437,NA
250,9,4,"delta_4",0.872684250368714,NA
250,10,4,"b_tt_1",-1.39487076109388,0.0356505716630647
250,10,4,"b_tt_2",-0.3662161177316,0.0544856071938722
250,10,4,"b_tt_3",-0.215969139068972,0.00848476055166836
250,10,4,"b_tt_4",-0.0423370607860205,0.647284480063333
250,10,4,"b_tc_1",-5.58250539888881,0.0688685053844421
250,10,4,"b_tc_2",-2.62113260380328,0.373148049804639
250,10,4,"b_tc_3",-0.393489009797423,0.0195824924461688
250,10,4,"b_tc_4",-0.0452304793101051,2.56470155611055
250,10,4,"b_hw_1",-2.55102305751717,0.00921165885780082
250,10,4,"b_hw_2",-0.0673570889598384,0.013149797569547
250,10,4,"b_hw_3",-0.0514610962606621,0.00458983802515017
250,10,4,"b_hw_4",-0.0270226480615193,1.18166442065482
250,10,4,"b_ch_1",-37.2855579284115,0.40148750425922
250,10,4,"b_ch_2",-2.48626871875558,0.370776697412795
250,10,4,"b_ch_3",-2.74081460579083,0.119100692392419
250,10,4,"b_ch_4",-0.54385273269205,17.1220325142715
250,10,4,"delta_1",0,NA
250,10,4,"delta_2",0.636328828490398,0.28037621136041
250,10,4,"delta_3",0.967131601509633,0.31242599837771
250,10,4,"delta_4",0.82041200585791,0.32427930594815
250,11,4,"b_tt_1",-0.381163145158248,0.0529853679243664
250,11,4,"b_tt_2",-0.289461439486207,0.0691642843970314
250,11,4,"b_tt_3",-0.107355856335863,0.0106819737237802
250,11,4,"b_tt_4",-0.0488222430826622,0.017475894522593
250,11,4,"b_tc_1",-1.20735208868664,0.367013252075216
250,11,4,"b_tc_2",-2.10267516239813,0.224039587647399
250,11,4,"b_tc_3",-0.113441065632306,0.031766002525021
250,11,4,"b_tc_4",-0.14814536511978,0.0428976734790909
250,11,4,"b_hw_1",-0.0725907307464825,0.0127718048128001
250,11,4,"b_hw_2",-0.0421334461224375,0.0127627124797216
250,11,4,"b_hw_3",-0.0162408950833522,0.00937917436637053
250,11,4,"b_hw_4",-0.0831040669649021,0.00708814165734779
250,11,4,"b_ch_1",-4.36216061226377,0.356230620194357
250,11,4,"b_ch_2",-1.58095200649874,0.741237088891556
250,11,4,"b_ch_3",-0.706550782646985,0.166280962991295
250,11,4,"b_ch_4",-1.22228681742215,0.174304240424366
250,11,4,"delta_1",0,NA
250,11,4,"delta_2",-0.722029549724076,0.280726796813706
250,11,4,"delta_3",-0.50882273970375,0.291280060208618
250,11,4,"delta_4",-0.0600192427040522,0.315946839553492
250,12,4,"b_tt_1",-0.278709081461882,0.032426208275746
250,12,4,"b_tt_2",-0.148252262477014,0.0102612972540097
250,12,4,"b_tt_3",-0.080157599557806,0.0459881383754522
250,12,4,"b_tt_4",-0.0478241854864974,0.0187493451462598
250,12,4,"b_tc_1",-1.03466877876326,0.242266146170428
250,12,4,"b_tc_2",-1.46116906958323,0.0219412453166421
250,12,4,"b_tc_3",-0.0868829510079355,0.177030518857969
250,12,4,"b_tc_4",-0.0937047969056663,0.0658681089064234
250,12,4,"b_hw_1",-0.104841443919127,0.0126135230438016
250,12,4,"b_hw_2",-0.0352051497811639,0.00522726393786942
250,12,4,"b_hw_3",-0.0168512754725117,0.023802199948609
250,12,4,"b_hw_4",-0.15405042728479,0.0450201757020097
250,12,4,"b_ch_1",-3.6790411271038,0.300975542257689
250,12,4,"b_ch_2",-1.35103947890692,0.16277289568236
250,12,4,"b_ch_3",-0.784426839610718,0.541421306675168
250,12,4,"b_ch_4",-1.21920329096499,0.491819844634681
250,12,4,"delta_1",0,NA
250,12,4,"delta_2",-1.07772170217662,0.332065880588868
250,12,4,"delta_3",-0.3204606056101,0.344070129556866
250,12,4,"delta_4",-0.842379717061955,0.357923123280626
250,13,4,"b_tt_1",-0.453589111636077,0.0834656955810252
250,13,4,"b_tt_2",-0.404522259282744,0.0122573047833657
250,13,4,"b_tt_3",-0.0846358719664169,0.0918504059923962
250,13,4,"b_tt_4",-0.0271746870116538,0.00805501440786673
250,13,4,"b_tc_1",-1.33732497633831,0.473876374659953
250,13,4,"b_tc_2",-2.51946197962797,0.0226120984839195
250,13,4,"b_tc_3",-0.073710329418075,0.29497076318713
250,13,4,"b_tc_4",-0.103810647699297,0.0293789637787189
250,13,4,"b_hw_1",-0.0913002541245799,0.0130872044707902
250,13,4,"b_hw_2",-0.0399418197769512,0.0055913365804742
250,13,4,"b_hw_3",-0.0214065181846242,0.0214389191267995
250,13,4,"b_hw_4",-0.0749145556154479,0.00898975546824445
250,13,4,"b_ch_1",-4.96766315452811,0.519496969764138
250,13,4,"b_ch_2",-2.35350629615635,0.141485358255889
250,13,4,"b_ch_3",-0.504416509912977,1.06390479172406
250,13,4,"b_ch_4",-1.50691252083114,0.193739140780097
250,13,4,"delta_1",0,NA
250,13,4,"delta_2",-0.531661257979969,0.292565101804627
250,13,4,"delta_3",-0.157209288219209,0.311407018294282
250,13,4,"delta_4",0.155956045918891,0.282604571360978
250,14,4,"b_tt_1",-0.267004801342634,0.0407520280535961
250,14,4,"b_tt_2",-0.231413953884123,0.0685550009810731
250,14,4,"b_tt_3",-0.0974193114241187,0.0129886069872113
250,14,4,"b_tt_4",-0.0384263132346105,0.0120728860568767
250,14,4,"b_tc_1",-0.935288069707627,0.297084892113215
250,14,4,"b_tc_2",-1.86937453819776,0.258218704166911
250,14,4,"b_tc_3",-0.0945587901085106,0.0443696702274166
250,14,4,"b_tc_4",-0.0944065542299773,0.0238613441521001
250,14,4,"b_hw_1",-0.0833139209733536,0.012268703167538
250,14,4,"b_hw_2",-0.0536472714559429,0.0183952207590247
250,14,4,"b_hw_3",-0.0228693893120658,0.0162204314288805
250,14,4,"b_hw_4",-0.10693729895971,0.00543528329912876
250,14,4,"b_ch_1",-4.27761804261025,0.38640444462303
250,14,4,"b_ch_2",-1.88361256216487,1.02206785237721
250,14,4,"b_ch_3",-0.801427251045208,0.214164815041149
250,14,4,"b_ch_4",-1.19457835456032,0.145316362346854
250,14,4,"delta_1",0,NA
250,14,4,"delta_2",-0.34670340947861,0.332157641132575
250,14,4,"delta_3",0.0531920395098741,0.299998189626329
250,14,4,"delta_4",-0.11373933193392,0.278519798312012
250,15,4,"b_tt_1",-0.362259884292286,0.0225517729933255
250,15,4,"b_tt_2",-0.229448464440887,0.0641518756666373
250,15,4,"b_tt_3",-0.0691909238786094,0.0476083494724417
250,15,4,"b_tt_4",-0.0544119589615194,0.0127666818572911
250,15,4,"b_tc_1",-1.12937231976118,0.071238901033159
250,15,4,"b_tc_2",-1.79773158924557,0.206558742451263
250,15,4,"b_tc_3",-0.0832675756380315,0.293451735474522
250,15,4,"b_tc_4",-0.164309574494093,0.0291633556198132
250,15,4,"b_hw_1",-0.0635973102752753,0.0189642459922257
250,15,4,"b_hw_2",-0.0459299945209178,0.0119026541800738
250,15,4,"b_hw_3",-0.0371254503882239,0.0108052152552176
250,15,4,"b_hw_4",-0.0857734509580422,0.00485941433729837
250,15,4,"b_ch_1",-3.99933559778271,0.972965987408379
250,15,4,"b_ch_2",-1.53092730756414,0.722199451292006
250,15,4,"b_ch_3",-0.377266410678661,0.351560005302681
250,15,4,"b_ch_4",-2.84808818861443,0.109161949894739
250,15,4,"delta_1",0,NA
250,15,4,"delta_2",-0.354145847888092,0.366064987253461
250,15,4,"delta_3",0.120517489151449,0.372030292266774
250,15,4,"delta_4",-0.220204120017627,0.33858013282509
250,16,4,"b_tt_1",-0.334041408176589,0.0105161954310998
250,16,4,"b_tt_2",-0.189066742474795,0.018784177277545
250,16,4,"b_tt_3",-0.059247348090955,0.0870081791330941
250,16,4,"b_tt_4",-0.0342568719679873,0.0324383736754785
250,16,4,"b_tc_1",-2.24603119337933,0.0305584570331358
250,16,4,"b_tc_2",-0.181762357046613,0.0574379462112294
250,16,4,"b_tc_3",-0.233846266821093,0.487043620476194
250,16,4,"b_tc_4",-0.0658030613739429,0.0384136368662048
250,16,4,"b_hw_1",-0.0586787519202851,0.00540943363101149
250,16,4,"b_hw_2",-0.0483729218022975,0.0165904271073673
250,16,4,"b_hw_3",-0.0831376019120555,0.0127170045235785
250,16,4,"b_hw_4",-0.0331773691691457,0.00866636548948293
250,16,4,"b_ch_1",-1.88729776039616,0.13865765122948
250,16,4,"b_ch_2",-2.37374369228151,0.524392131092897
250,16,4,"b_ch_3",-3.38814859244554,0.475067795471939
250,16,4,"b_ch_4",-0.25764365160065,0.424805384591705
250,16,4,"delta_1",0,NA
250,16,4,"delta_2",0.30150974250439,0.314936433286319
250,16,4,"delta_3",0.3306463438856,0.303210983501571
250,16,4,"delta_4",0.0524763648753694,0.345132457576787
250,17,4,"b_tt_1",-0.24526745745915,0.0538414214220733
250,17,4,"b_tt_2",-0.228622989937806,0.0453224114436247
250,17,4,"b_tt_3",-0.0949431307733609,0.0122200204031951
250,17,4,"b_tt_4",-0.0409292897625618,0.0124589865102377
250,17,4,"b_tc_1",-0.919038524471867,0.388821564731749
250,17,4,"b_tc_2",-1.85223597022298,0.16258330456871
250,17,4,"b_tc_3",-0.105032981767438,0.0504697106551792
250,17,4,"b_tc_4",-0.0935105645090535,0.036705424618761
250,17,4,"b_hw_1",-0.073241678548014,0.0140850818386832
250,17,4,"b_hw_2",-0.0342169404484321,0.0160055326707711
250,17,4,"b_hw_3",-0.0176859321506762,0.014080340299705
250,17,4,"b_hw_4",-0.0928805745472292,0.00593293023960372
250,17,4,"b_ch_1",-4.21082971037053,0.426847589099732
250,17,4,"b_ch_2",-1.24301235692743,0.820887039583173
250,17,4,"b_ch_3",-0.700158443411392,0.230578543391285
250,17,4,"b_ch_4",-1.30660549917008,0.151905729973183
250,17,4,"delta_1",0,NA
250,17,4,"delta_2",-1.03854898108819,0.403671991105169
250,17,4,"delta_3",-0.281869865065195,0.405343316219457
250,17,4,"delta_4",-0.210556748789363,0.367434549694339
250,18,4,"b_tt_1",-0.291262515289056,0.0442187574445059
250,18,4,"b_tt_2",-0.253919646517885,0.00772379287094984
250,18,4,"b_tt_3",-0.222614885522684,0.0487173913841594
250,18,4,"b_tt_4",-0.0362615557651607,0.052504538627969
250,18,4,"b_tc_1",-2.22101798227591,0.0852538421174218
250,18,4,"b_tc_2",-0.429731344133025,0.0182027233898242
250,18,4,"b_tc_3",-0.778177650995035,0.159311637021047
250,18,4,"b_tc_4",-0.0311271433063221,0.371112169810845
250,18,4,"b_hw_1",-0.0504341142067415,0.00979187167615538
250,18,4,"b_hw_2",-0.0433116110902466,0.00473380256280004
250,18,4,"b_hw_3",-0.165859986082913,0.0365958192476254
250,18,4,"b_hw_4",-0.0330657624964919,0.0120733365272292
250,18,4,"b_ch_1",-2.40367868177755,0.49784738189941
250,18,4,"b_ch_2",-3.01781007526208,0.105808021081775
250,18,4,"b_ch_3",-3.56124859601949,0.676401950305622
250,18,4,"b_ch_4",-0.368839073363233,0.510800585946755
250,18,4,"delta_1",0,NA
250,18,4,"delta_2",0.330097626719826,0.295468639997402
250,18,4,"delta_3",0.360850534152077,0.347776800143629
250,18,4,"delta_4",0.393731183062327,0.299289647628365
250,19,4,"b_tt_1",-0.390513656061406,0.0197166012052984
250,19,4,"b_tt_2",-0.16502160613001,0.0320978448442541
250,19,4,"b_tt_3",-0.0879268159396801,0.0634984319881976
250,19,4,"b_tt_4",-0.0276294606876051,0.00965659323702185
250,19,4,"b_tc_1",-2.3077885359857,0.0562160684665659
250,19,4,"b_tc_2",-0.154411299409428,0.0371434137306873
250,19,4,"b_tc_3",-0.239397880838306,0.38745410802431
250,19,4,"b_tc_4",-0.0625326649860131,0.0347857359087815
250,19,4,"b_hw_1",-0.0533047353637126,0.0189104608343703
250,19,4,"b_hw_2",-0.0499687320461993,0.00804997803717166
250,19,4,"b_hw_3",-0.090706315740397,0.0124952648156669
250,19,4,"b_hw_4",-0.0387877881449901,0.00582007288597361
250,19,4,"b_ch_1",-2.17147028018479,0.636729879501978
250,19,4,"b_ch_2",-1.81795359690425,0.326781104372122
250,19,4,"b_ch_3",-3.39262117567752,0.365235849986125
250,19,4,"b_ch_4",-0.182473781117853,0.148056291251132
250,19,4,"delta_1",0,NA
250,19,4,"delta_2",0.531903867147762,0.363033738812961
250,19,4,"delta_3",0.403994654938119,0.326765024795923
250,19,4,"delta_4",0.0282483791423379,0.33592701840644
250,20,4,"b_tt_1",-0.422160709183668,0.00730767559617728
250,20,4,"b_tt_2",-0.274902333836437,0.0266970472851415
250,20,4,"b_tt_3",-0.135850953488831,0.0955835340804568
250,20,4,"b_tt_4",-0.0396794483040744,0.056365898459358
250,20,4,"b_tc_1",-2.64183584506966,0.016928548849573
250,20,4,"b_tc_2",-0.424633697476065,0.110101859921494
250,20,4,"b_tc_3",-0.605838584395125,0.579923126928392
250,20,4,"b_tc_4",-0.0522840594936236,0.108762452126283
250,20,4,"b_hw_1",-0.0435313730164463,0.00450185938697195
250,20,4,"b_hw_2",-0.0490248282750962,0.0170773017171158
250,20,4,"b_hw_3",-0.100142542313818,0.0181772194873293
250,20,4,"b_hw_4",-0.0389445917503793,0.0104823913064809
250,20,4,"b_ch_1",-2.24940414813468,0.101981542648759
250,20,4,"b_ch_2",-2.67482446306591,0.514025980224534
250,20,4,"b_ch_3",-3.2264482609148,0.585759786160996
250,20,4,"b_ch_4",-0.456545859405165,0.546992081802837
250,20,4,"delta_1",0,NA
250,20,4,"delta_2",0.373100562305884,0.289259694090259
250,20,4,"delta_3",0.583820113073441,0.295123935861667
250,20,4,"delta_4",0.877395407768734,0.312765217669867
150,1,4,"b_tt_1",-1.66305429013061,0.0496477989818077
150,1,4,"b_tt_2",-0.262938851370235,0.670288911075586
150,1,4,"b_tt_3",-0.248017016180109,0.0124221512265686
150,1,4,"b_tt_4",-0.0343936964710855,0.0527586280243529
150,1,4,"b_tc_1",-5.26159090637926,0.0892048079396363
150,1,4,"b_tc_2",-2.37104218577563,2.08446137208463
150,1,4,"b_tc_3",-0.353503813768914,0.0307215978920131
150,1,4,"b_tc_4",-0.0125709212670235,0.512106048316509
150,1,4,"b_hw_1",-0.273209742439101,0.00981314515048505
150,1,4,"b_hw_2",-0.0619104722416282,0.106756700599879
150,1,4,"b_hw_3",-0.0572515378704856,0.00724290212378232
150,1,4,"b_hw_4",-0.0431212836757666,0.011754129746205
150,1,4,"b_ch_1",-51.5939618356746,0.374728166781662
150,1,4,"b_ch_2",-2.17613555504638,21.2009486532957
150,1,4,"b_ch_3",-2.35067513106614,0.196611457697066
150,1,4,"b_ch_4",-0.383388824129183,0.481266250681797
150,1,4,"delta_1",0,NA
150,1,4,"delta_2",0.102666035191283,0.354677503557877
150,1,4,"delta_3",0.382984185527378,0.412487406769055
150,1,4,"delta_4",0.177958401356129,0.3482349459021
150,2,4,"b_tt_1",-263.633244475036,NA
150,2,4,"b_tt_2",-0.214043411032852,NA
150,2,4,"b_tt_3",-0.0936132825774625,NA
150,2,4,"b_tt_4",-0.0703652979321371,NA
150,2,4,"b_tc_1",-929.756697582627,NA
150,2,4,"b_tc_2",-1.69788335819123,NA
150,2,4,"b_tc_3",-0.0833587214489955,NA
150,2,4,"b_tc_4",-0.229794839096694,NA
150,2,4,"b_hw_1",-239.682834172597,NA
150,2,4,"b_hw_2",-0.0312620161214956,NA
150,2,4,"b_hw_3",-0.0257464499239536,NA
150,2,4,"b_hw_4",-0.0726374299642051,NA
150,2,4,"b_ch_1",1256.01035486056,NA
150,2,4,"b_ch_2",-1.60433741992598,NA
150,2,4,"b_ch_3",-0.669537832201708,NA
150,2,4,"b_ch_4",-2.24563141431238,NA
150,2,4,"delta_1",0,NA
150,2,4,"delta_2",1.72350011418063,NA
150,2,4,"delta_3",2.00332273765166,NA
150,2,4,"delta_4",2.33975298412368,NA
150,3,4,"b_tt_1",-177.10056775854,NA
150,3,4,"b_tt_2",-0.375726388194989,NA
150,3,4,"b_tt_3",-0.117116040423758,NA
150,3,4,"b_tt_4",-0.0543796183878971,NA
150,3,4,"b_tc_1",-1133.5627793549,NA
150,3,4,"b_tc_2",-1.66461391534288,NA
150,3,4,"b_tc_3",-0.16075558931851,NA
150,3,4,"b_tc_4",-0.218778151011891,NA
150,3,4,"b_hw_1",-14.1718519450177,NA
150,3,4,"b_hw_2",-0.0283587389828584,NA
150,3,4,"b_hw_3",-0.0275677842880246,NA
150,3,4,"b_hw_4",-0.112055615033728,NA
150,3,4,"b_ch_1",-478.77851285675,NA
150,3,4,"b_ch_2",-12.2603492088357,NA
150,3,4,"b_ch_3",-0.963801388024904,NA
150,3,4,"b_ch_4",-1.87793002108423,NA
150,3,4,"delta_1",0,NA
150,3,4,"delta_2",1.0078868885725,NA
150,3,4,"delta_3",1.7347502120729,NA
150,3,4,"delta_4",1.68458666375066,NA
150,4,4,"b_tt_1",-180.121756219769,NA
150,4,4,"b_tt_2",-0.83398503594836,NA
150,4,4,"b_tt_3",-0.57410846310528,NA
150,4,4,"b_tt_4",-0.0526397507232145,NA
150,4,4,"b_tc_1",-624.836712753683,NA
150,4,4,"b_tc_2",-1.77756672717701,NA
150,4,4,"b_tc_3",-4.01794463403133,NA
150,4,4,"b_tc_4",-0.0927121696938194,NA
150,4,4,"b_hw_1",-155.414142835645,NA
150,4,4,"b_hw_2",-0.239829695998009,NA
150,4,4,"b_hw_3",-0.0340645625832296,NA
150,4,4,"b_hw_4",-0.0336804905893218,NA
150,4,4,"b_ch_1",-2447.57519709642,NA
150,4,4,"b_ch_2",-13.0248924609477,NA
150,4,4,"b_ch_3",-5.22227401408041,NA
150,4,4,"b_ch_4",-1.06121747726036,NA
150,4,4,"delta_1",0,NA
150,4,4,"delta_2",0.417078600953461,NA
150,4,4,"delta_3",0.181225813540298,NA
150,4,4,"delta_4",1.12013510272236,NA
150,5,4,"b_tt_1",-3.23183966040766,0.0540120622883601
150,5,4,"b_tt_2",-0.230151730395158,2.1284955293652
150,5,4,"b_tt_3",-0.222996005974697,0.0106935248724675
150,5,4,"b_tt_4",-0.0247806067744394,0.0516450647122753
150,5,4,"b_tc_1",-12.1973075720019,0.114576726079365
150,5,4,"b_tc_2",-0.274503595352081,8.00933603735127
150,5,4,"b_tc_3",-1.83829398132178,0.0404705278080404
150,5,4,"b_tc_4",-0.0193719750953038,0.358583647979244
150,5,4,"b_hw_1",-0.927455642646074,0.0119438748544699
150,5,4,"b_hw_2",-0.054056253177696,0.608183509652468
150,5,4,"b_hw_3",-0.0591323917886351,0.0064525722722888
150,5,4,"b_hw_4",-0.0448157433075536,0.0117421025577602
150,5,4,"b_ch_1",-67.9052528863758,0.598947968882602
150,5,4,"b_ch_2",-2.9131670127908,45.3821372985637
150,5,4,"b_ch_3",-1.87426412652727,0.135823250885415
150,5,4,"b_ch_4",-0.548531438278626,0.387703227320622
150,5,4,"delta_1",0,NA
150,5,4,"delta_2",0.39177966096403,0.363682791000936
150,5,4,"delta_3",0.192337606862378,0.383764516853206
150,5,4,"delta_4",0.505609372477482,0.354111991130127
150,6,4,"b_tt_1",-0.373269879021778,0.0518852413489016
150,6,4,"b_tt_2",-0.294912579449437,0.0154398368540999
150,6,4,"b_tt_3",-0.0548744028020158,0.0166997661298438
150,6,4,"b_tt_4",-0.0320442285748179,0.122064640279228
150,6,4,"b_tc_1",-2.77365360839955,0.0958704196675549
150,6,4,"b_tc_2",-0.463041019969873,0.0637240920346111
150,6,4,"b_tc_3",-0.20428272686629,0.0702265373292675
150,6,4,"b_tc_4",-0.0162808366622794,0.853550020584773
150,6,4,"b_hw_1",-0.0444050283815068,0.0105006221264057
150,6,4,"b_hw_2",-0.0488395397410721,0.0136141920482473
150,6,4,"b_hw_3",-0.0783511231381542,0.00826580566815872
150,6,4,"b_hw_4",-0.0353369564575478,0.0159525113039982
150,6,4,"b_ch_1",-2.22278793948276,0.492783162766852
150,6,4,"b_ch_2",-2.94681887876983,0.678936871806537
150,6,4,"b_ch_3",-2.31779842008515,0.218002152439235
150,6,4,"b_ch_4",0.0311791454398256,0.928548409587758
150,6,4,"delta_1",0,NA
150,6,4,"delta_2",0.48983651874903,0.364439922916633
150,6,4,"delta_3",0.505316717946635,0.399925661394419
150,6,4,"delta_4",-0.364711722860456,0.353678401164241
150,7,4,"b_tt_1",-0.425280883579466,0.0172259603973805
150,7,4,"b_tt_2",-0.191976888747365,0.112817425846932
150,7,4,"b_tt_3",-0.117310518881127,0.0192438199993188
150,7,4,"b_tt_4",-0.034612932197834,0.0388222487289828
150,7,4,"b_tc_1",-1.29659241687731,0.0261414685993097
150,7,4,"b_tc_2",-1.53680716227098,0.371848867713037
150,7,4,"b_tc_3",-0.097104218380119,0.0706192572734172
150,7,4,"b_tc_4",-0.00958261417472631,0.30064989939074
150,7,4,"b_hw_1",-0.0968952086892998,0.00696561786475333
150,7,4,"b_hw_2",-0.0286695396486311,0.0342575334022757
150,7,4,"b_hw_3",-0.0290968949956451,0.0367479469656112
150,7,4,"b_hw_4",-0.177024195327942,0.0115840201671671
150,7,4,"b_ch_1",-4.68482637702395,0.176880978482092
150,7,4,"b_ch_2",-2.41709663851648,1.20813761938597
150,7,4,"b_ch_3",-0.71799810780291,0.522086434413591
150,7,4,"b_ch_4",-1.92030109735156,0.409483359223162
150,7,4,"delta_1",0,NA
150,7,4,"delta_2",-0.287729080812342,0.334183264407708
150,7,4,"delta_3",-0.0112373393831589,0.329346094230012
150,7,4,"delta_4",-0.393522517281779,0.315526232407627
150,8,4,"b_tt_1",-2.02181759304662,NA
150,8,4,"b_tt_2",-0.580437846386519,NA
150,8,4,"b_tt_3",-0.545754711149234,NA
150,8,4,"b_tt_4",-0.0408738484508446,NA
150,8,4,"b_tc_1",-4.38440641944672,NA
150,8,4,"b_tc_2",-1.83987857964048,NA
150,8,4,"b_tc_3",-2.62930105755061,NA
150,8,4,"b_tc_4",-0.0363264365968954,NA
150,8,4,"b_hw_1",-1.00673361892935,NA
150,8,4,"b_hw_2",-0.436336632439762,NA
150,8,4,"b_hw_3",-0.0480027447858346,NA
150,8,4,"b_hw_4",-0.0329627303266983,NA
150,8,4,"b_ch_1",-3503.19010108131,NA
150,8,4,"b_ch_2",-6.60659079279736,NA
150,8,4,"b_ch_3",-3.45234718752189,NA
150,8,4,"b_ch_4",-0.448968525441329,NA
150,8,4,"delta_1",0,NA
150,8,4,"delta_2",0.284037459977646,NA
150,8,4,"delta_3",0.508581373194348,NA
150,8,4,"delta_4",0.908796352448654,NA
150,9,4,"b_tt_1",-35.6473495164363,NA
150,9,4,"b_tt_2",-0.477948515651596,NA
150,9,4,"b_tt_3",-0.211889465728847,NA
150,9,4,"b_tt_4",-0.0306128637419678,NA
150,9,4,"b_tc_1",-124.9409418245,NA
150,9,4,"b_tc_2",-2.88056945480618,NA
150,9,4,"b_tc_3",-0.187024358173653,NA
150,9,4,"b_tc_4",-0.0714893889683476,NA
150,9,4,"b_hw_1",-8.28357526572286,NA
150,9,4,"b_hw_2",-0.049402966811923,NA
150,9,4,"b_hw_3",-0.0670107174588371,NA
150,9,4,"b_hw_4",-0.0486741145414393,NA
150,9,4,"b_ch_1",-1441.18039571313,NA
150,9,4,"b_ch_2",-2.40558183014277,NA
150,9,4,"b_ch_3",-1.79814315255954,NA
150,9,4,"b_ch_4",-0.660474697835723,NA
150,9,4,"delta_1",0,NA
150,9,4,"delta_2",0.364090289405483,NA
150,9,4,"delta_3",0.526416535925236,NA
150,9,4,"delta_4",0.767551746909389,NA
150,10,4,"b_tt_1",-75.3069245473864,NA
150,10,4,"b_tt_2",-0.198539250152597,NA
150,10,4,"b_tt_3",-0.108850566500835,NA
150,10,4,"b_tt_4",0.0118334501685612,NA
150,10,4,"b_tc_1",-298.765958153438,NA
150,10,4,"b_tc_2",-1.5876227594141,NA
150,10,4,"b_tc_3",-0.134984805937641,NA
150,10,4,"b_tc_4",0.314578030123032,NA
150,10,4,"b_hw_1",-29.9591034135792,NA
150,10,4,"b_hw_2",-0.0326687784662788,NA
150,10,4,"b_hw_3",-0.032944194008736,NA
150,10,4,"b_hw_4",-0.188661241001119,NA
150,10,4,"b_ch_1",-1281.98884699722,NA
150,10,4,"b_ch_2",-0.697372737818222,NA
150,10,4,"b_ch_3",-1.45538936354044,NA
150,10,4,"b_ch_4",-2.45936456427834,NA
150,10,4,"delta_1",0,NA
150,10,4,"delta_2",0.107319725155728,NA
150,10,4,"delta_3",0.882287094481068,NA
150,10,4,"delta_4",-0.236988701599367,NA
150,11,4,"b_tt_1",-0.319768308385206,0.0683546862885831
150,11,4,"b_tt_2",-0.241730774853102,0.0494488003572062
150,11,4,"b_tt_3",-0.0822572488473822,0.0158557649134083
150,11,4,"b_tt_4",-0.0471862641207676,0.0232802111842988
150,11,4,"b_tc_1",-0.964502362798151,0.218817841794273
150,11,4,"b_tc_2",-2.05780985956745,0.417071851877715
150,11,4,"b_tc_3",-0.0260150403182958,0.0587113782485561
150,11,4,"b_tc_4",-0.181416656088461,0.0637353781805029
150,11,4,"b_hw_1",-0.0439093765368124,0.0154328894975049
150,11,4,"b_hw_2",-0.0538203339008616,0.0162150994089582
150,11,4,"b_hw_3",-0.0400942062639364,0.0145585915679016
150,11,4,"b_hw_4",-0.0867106802141313,0.00778471350953164
150,11,4,"b_ch_1",-3.27566490164431,0.742479821330931
150,11,4,"b_ch_2",-0.957795909812941,0.347098905829363
150,11,4,"b_ch_3",-0.293174935807118,0.391069240036426
150,11,4,"b_ch_4",-2.39230892756704,0.161150193301113
150,11,4,"delta_1",0,NA
150,11,4,"delta_2",-0.567431157713338,0.37991545095438
150,11,4,"delta_3",-0.310120168024692,0.376618081414223
150,11,4,"delta_4",0.0138103926747481,0.342968947301662
150,12,4,"b_tt_1",-0.270889665184919,0.0418783787887512
150,12,4,"b_tt_2",-0.14914236315803,0.0483280711385798
150,12,4,"b_tt_3",-0.0722379688635747,0.0153148176705623
150,12,4,"b_tt_4",-0.0522914725528454,0.0150617077647864
150,12,4,"b_tc_1",-0.986997106466199,0.491563425184841
150,12,4,"b_tc_2",-1.88264887377372,0.179456179235063
150,12,4,"b_tc_3",-0.0442372303584109,0.0373582065980149
150,12,4,"b_tc_4",-0.092034566955799,0.0461904428180057
150,12,4,"b_hw_1",-0.141572204196674,0.0172216526223413
150,12,4,"b_hw_2",-0.0414617292951255,0.0263218009762549
150,12,4,"b_hw_3",-0.0158660534931658,0.0182303562422157
150,12,4,"b_hw_4",-0.0577181319827963,0.00637173887125709
150,12,4,"b_ch_1",-3.24731090521542,0.443460088422837
150,12,4,"b_ch_2",-1.3145647560929,0.542334639233671
150,12,4,"b_ch_3",-0.367612093349664,0.71184259392403
150,12,4,"b_ch_4",-3.21876815020681,0.155538029616755
150,12,4,"delta_1",0,NA
150,12,4,"delta_2",-1.22853845199645,0.379444766732312
150,12,4,"delta_3",-0.452389872794191,0.441300187543622
150,12,4,"delta_4",-0.529309705729833,0.381138230885142
150,13,4,"b_tt_1",-0.276093246105089,NA
150,13,4,"b_tt_2",-0.175136004599068,NA
150,13,4,"b_tt_3",-0.116417103157778,NA
150,13,4,"b_tt_4",-0.0856966973596385,NA
150,13,4,"b_tc_1",-0.963085829663904,NA
150,13,4,"b_tc_2",-1.37812852027128,NA
150,13,4,"b_tc_3",-0.12111043336476,NA
150,13,4,"b_tc_4",-0.180690387770597,NA
150,13,4,"b_hw_1",-0.116904537114668,NA
150,13,4,"b_hw_2",-0.0359961430626839,NA
150,13,4,"b_hw_3",-0.0262759778934715,NA
150,13,4,"b_hw_4",-0.14523773861762,NA
150,13,4,"b_ch_1",-148.057725873026,NA
150,13,4,"b_ch_2",-1.1947164819907,NA
150,13,4,"b_ch_3",-0.981018943586315,NA
150,13,4,"b_ch_4",-1.7898661628097,NA
150,13,4,"delta_1",0,NA
150,13,4,"delta_2",-0.235997667023682,NA
150,13,4,"delta_3",0.211791458018978,NA
150,13,4,"delta_4",-0.430273188643876,NA
150,14,4,"b_tt_1",-0.461899692059765,0.0287592896819675
150,14,4,"b_tt_2",-0.238340355993305,0.0611697032522688
150,14,4,"b_tt_3",-0.104655976542418,0.113976382352046
150,14,4,"b_tt_4",-0.0311930511081803,0.0103562717458841
150,14,4,"b_tc_1",-3.37433136381266,0.0686157703047071
150,14,4,"b_tc_2",-0.15514732140804,0.100789836495653
150,14,4,"b_tc_3",-0.243148851253429,0.849053688705015
150,14,4,"b_tc_4",-0.0863508049356145,0.034495235582865
150,14,4,"b_hw_1",-0.0504670776577224,0.0167194079467109
150,14,4,"b_hw_2",-0.0745324965899049,0.0173531318474485
150,14,4,"b_hw_3",-0.0989668874738285,0.0198562967591124
150,14,4,"b_hw_4",-0.0350429198730786,0.00639128923588253
150,14,4,"b_ch_1",-4.33468771440927,0.504936777558891
150,14,4,"b_ch_2",-1.56749787060122,0.456761839527006
150,14,4,"b_ch_3",-2.84209055699711,1.283503079781
150,14,4,"b_ch_4",-0.264732816604181,0.154019925252374
150,14,4,"delta_1",0,NA
150,14,4,"delta_2",0.108095837398891,0.385684892283662
150,14,4,"delta_3",0.791737577219226,0.361171109043613
150,14,4,"delta_4",0.482836574210279,0.363799131973217
150,15,4,"b_tt_1",-0.457266076724309,0.0100123817246938
150,15,4,"b_tt_2",-0.313559722249814,0.110538131302176
150,15,4,"b_tt_3",-0.286387555426063,0.0641678998742602
150,15,4,"b_tt_4",-0.0278632744620981,0.090311194085038
150,15,4,"b_tc_1",-2.7362971106768,0.0262027379183123
150,15,4,"b_tc_2",-0.394195825077835,0.190546082627496
150,15,4,"b_tc_3",-0.504142074173784,0.116116113083491
150,15,4,"b_tc_4",-0.0535723990639183,0.537148901677528
150,15,4,"b_hw_1",-0.0653017424458447,0.00579915262082866
150,15,4,"b_hw_2",-0.0844060275922857,0.0266630143515973
150,15,4,"b_hw_3",-0.0901033564047729,0.0229630952953007
150,15,4,"b_hw_4",-0.0284664148247639,0.0128943001297375
150,15,4,"b_ch_1",-2.74760037023751,0.131542628783936
150,15,4,"b_ch_2",-0.348239165079513,0.293738918482663
150,15,4,"b_ch_3",-3.25829043386804,0.708700902931586
150,15,4,"b_ch_4",-0.645825515720979,0.529241280809091
150,15,4,"delta_1",0,NA
150,15,4,"delta_2",-0.97430871276134,0.496743552586972
150,15,4,"delta_3",-0.104586988839283,0.357353606883829
150,15,4,"delta_4",0.0168096107658525,0.307920326569922
150,16,4,"b_tt_1",-0.450744455307253,0.00920852509783111
150,16,4,"b_tt_2",-0.410613583611663,0.0760562176887557
150,16,4,"b_tt_3",-0.25015336072249,0.169951241277659
150,16,4,"b_tt_4",-0.0196847920917749,0.049287694671568
150,16,4,"b_tc_1",-1.15852183381517,0.0314296768480991
150,16,4,"b_tc_2",-2.56804843445047,0.433143468854416
150,16,4,"b_tc_3",-0.306663220818431,0.433529646337078
150,16,4,"b_tc_4",-0.0458299673224567,0.104866370287606
150,16,4,"b_hw_1",-0.452168831262142,0.00550109862571359
150,16,4,"b_hw_2",-0.0660203882669508,0.013046185823276
150,16,4,"b_hw_3",-0.0651098661044472,0.158400940087833
150,16,4,"b_hw_4",-0.0188148621090113,0.0122151230344779
150,16,4,"b_ch_1",-7.10089303594267,0.133163508662358
150,16,4,"b_ch_2",-2.62842865269187,0.422464346823246
150,16,4,"b_ch_3",-2.8657023376681,2.56054710065044
150,16,4,"b_ch_4",-0.312722339663162,0.486297725112665
150,16,4,"delta_1",0,NA
150,16,4,"delta_2",0.600834896733797,0.29286089250825
150,16,4,"delta_3",0.515729219877315,0.354848417352725
150,16,4,"delta_4",0.183722823757414,0.335168412365084
150,17,4,"b_tt_1",-1.33091196256498,0.0147598948395747
150,17,4,"b_tt_2",-0.231083970749514,1.71374314313716
150,17,4,"b_tt_3",-0.102018526688778,0.0200626532308265
150,17,4,"b_tt_4",-0.0936155106630623,0.0471854077021364
150,17,4,"b_tc_1",-2.75168516574179,0.0245028937362307
150,17,4,"b_tc_2",-1.67911317002782,3.8664567574311
150,17,4,"b_tc_3",-0.0814769949778197,0.0622495315863563
150,17,4,"b_tc_4",-0.256169517077296,0.341167211440689
150,17,4,"b_hw_1",-1.97435863460113,0.00757286293942452
150,17,4,"b_hw_2",-0.0388853085598084,2.74395693615639
150,17,4,"b_hw_3",-0.0371485348423194,0.0200625106238421
150,17,4,"b_hw_4",-0.0828650109673287,0.0123177539193176
150,17,4,"b_ch_1",23.5350211712827,0.164365878017192
150,17,4,"b_ch_2",-0.799002865071949,36.4425325234344
150,17,4,"b_ch_3",-0.850953781835217,0.55392832191828
150,17,4,"b_ch_4",-3.46811117499786,0.282457223692765
150,17,4,"delta_1",0,NA
150,17,4,"delta_2",1.41520885288671,0.45526309355687
150,17,4,"delta_3",1.97732795389173,0.289642627967012
150,17,4,"delta_4",2.0769961792216,0.3171784983407
150,18,4,"b_tt_1",-0.960326028041696,0.414699316978299
150,18,4,"b_tt_2",-0.38662694733381,0.0111263191394794
150,18,4,"b_tt_3",-0.0907018342167517,0.0315353396176091
150,18,4,"b_tt_4",-0.0717813359617644,0.109323841927421
150,18,4,"b_tc_1",-3.33287400619783,1.43205695737531
150,18,4,"b_tc_2",-3.42209749546295,0.0222804741878743
150,18,4,"b_tc_3",-0.404150476906196,0.181313507186965
150,18,4,"b_tc_4",-0.0787160116469963,0.927695362736573
150,18,4,"b_hw_1",-0.0341337004488538,0.0159155730407383
150,18,4,"b_hw_2",-0.119815432950099,0.00640298695104702
150,18,4,"b_hw_3",-0.135583131644613,0.0338762167637269
150,18,4,"b_hw_4",-0.0309520222834593,0.0315816878509784
150,18,4,"b_ch_1",-7.1862591244945,2.8861867848876
150,18,4,"b_ch_2",-0.939884531393158,0.146304173505245
150,18,4,"b_ch_3",-3.19803522182899,0.785135906107738
150,18,4,"b_ch_4",-0.715907709910927,0.461850896713206
150,18,4,"delta_1",0,NA
150,18,4,"delta_2",-0.468195469541017,0.352171265814173
150,18,4,"delta_3",0.281976803954131,0.367936204848716
150,18,4,"delta_4",0.528012254705403,0.374277277846269
150,19,4,"b_tt_1",-0.519434136057643,0.0113798458049969
150,19,4,"b_tt_2",-0.376511822456248,0.0309145830703816
150,19,4,"b_tt_3",-0.0972521632634517,0.1729441935036
150,19,4,"b_tt_4",-0.0422333267650435,0.0822359175138886
150,19,4,"b_tc_1",-3.24334036804314,0.033665403584588
150,19,4,"b_tc_2",-1.29399797498925,0.0821208265615394
150,19,4,"b_tc_3",-0.194147119440656,0.957793340277037
150,19,4,"b_tc_4",-0.0311103432794379,0.27705866755839
150,19,4,"b_hw_1",-0.154938439270596,0.00605736363163143
150,19,4,"b_hw_2",-0.105306701693505,0.0147511977391193
150,19,4,"b_hw_3",-0.0413716992766124,0.0434554488086891
150,19,4,"b_hw_4",-0.0331590940162175,0.0227038055211933
150,19,4,"b_ch_1",-0.506129463081188,0.14417438538706
150,19,4,"b_ch_2",-3.29687796100786,1.87898959756933
150,19,4,"b_ch_3",-5.13286661050973,0.453363645438357
150,19,4,"b_ch_4",-0.638117069077472,0.56260413118856
150,19,4,"delta_1",0,NA
150,19,4,"delta_2",1.35022938448667,0.364020649676136
150,19,4,"delta_3",0.70606613471363,0.386123637127599
150,19,4,"delta_4",1.17268565004366,0.321551924191493
150,20,4,"b_tt_1",-6.88647322608628,NA
150,20,4,"b_tt_2",-0.44769255181075,NA
150,20,4,"b_tt_3",-0.107981060342648,NA
150,20,4,"b_tt_4",-0.0396349051969765,NA
150,20,4,"b_tc_1",-65.535275767258,NA
150,20,4,"b_tc_2",-2.77586884502873,NA
150,20,4,"b_tc_3",-0.103656214520485,NA
150,20,4,"b_tc_4",-0.131054774339263,NA
150,20,4,"b_hw_1",-8.81637664833997,NA
150,20,4,"b_hw_2",-0.0619351462543455,NA
150,20,4,"b_hw_3",-0.0267268545313393,NA
150,20,4,"b_hw_4",-0.108245638043143,NA
150,20,4,"b_ch_1",-20835.0706450532,NA
150,20,4,"b_ch_2",-2.25111244637278,NA
150,20,4,"b_ch_3",-1.17346663885985,NA
150,20,4,"b_ch_4",-1.08013309440385,NA
150,20,4,"delta_1",0,NA
150,20,4,"delta_2",0.0830409355034767,NA
150,20,4,"delta_3",1.06193371175959,NA
150,20,4,"delta_4",0.666808421281511,NA
100,1,4,"b_tt_1",-2.1107013341235,NA
100,1,4,"b_tt_2",-0.20258298635719,NA
100,1,4,"b_tt_3",-0.20173006738589,NA
100,1,4,"b_tt_4",-0.0181585571735634,NA
100,1,4,"b_tc_1",-6.26131475525533,NA
100,1,4,"b_tc_2",-1.74868565197338,NA
100,1,4,"b_tc_3",-0.365533527776613,NA
100,1,4,"b_tc_4",0.240535945612749,NA
100,1,4,"b_hw_1",-0.306752099460635,NA
100,1,4,"b_hw_2",-0.0353179293410808,NA
100,1,4,"b_hw_3",-0.0813271922236969,NA
100,1,4,"b_hw_4",-0.0412682288863652,NA
100,1,4,"b_ch_1",-71.4094902958586,NA
100,1,4,"b_ch_2",-1.51669509798548,NA
100,1,4,"b_ch_3",-2.56409265313623,NA
100,1,4,"b_ch_4",0.0129518797518449,NA
100,1,4,"delta_1",0,NA
100,1,4,"delta_2",0.0628106237574917,NA
100,1,4,"delta_3",0.798450680083265,NA
100,1,4,"delta_4",-0.290587256504982,NA
100,2,4,"b_tt_1",-0.371103788663674,0.074075092015613
100,2,4,"b_tt_2",-0.0989798486730389,0.702301140974951
100,2,4,"b_tt_3",-0.0579168560821914,0.0188314287705121
100,2,4,"b_tt_4",0.828760109053154,0.0172295026898262
100,2,4,"b_tc_1",-2.28350257690241,0.46155187814219
100,2,4,"b_tc_2",-0.0911796315744108,8.87769032405585
100,2,4,"b_tc_3",-0.161873255540112,0.0277802746013503
100,2,4,"b_tc_4",-2.50391696416302,0.0538350677366618
100,2,4,"b_hw_1",-0.0360909134983978,0.0123468095569137
100,2,4,"b_hw_2",-0.0250011910463976,1.69561130648162
100,2,4,"b_hw_3",-0.0693072296748292,0.00876134023512253
100,2,4,"b_hw_4",-1.05210362064808,0.0118415366439617
100,2,4,"b_ch_1",-2.25168421664652,0.411577772552608
100,2,4,"b_ch_2",-0.681956380649293,7.37853173455386
100,2,4,"b_ch_3",-1.91651758546866,0.242378349703335
100,2,4,"b_ch_4",-3.67406330250413,0.27942564676088
100,2,4,"delta_1",0,NA
100,2,4,"delta_2",-0.0830263977362068,0.56223933152474
100,2,4,"delta_3",0.351660270774485,0.425869859372657
100,2,4,"delta_4",-1.59871876564069,0.395105322081643
100,3,4,"b_tt_1",-0.701254810035259,NA
100,3,4,"b_tt_2",-0.327398933855036,NA
100,3,4,"b_tt_3",-0.145869129360794,NA
100,3,4,"b_tt_4",-0.0941997083471745,NA
100,3,4,"b_tc_1",-2.40246253464182,NA
100,3,4,"b_tc_2",-0.768308654609465,NA
100,3,4,"b_tc_3",-1.32033662659482,NA
100,3,4,"b_tc_4",-0.136395824706045,NA
100,3,4,"b_hw_1",-0.0350705639514151,NA
100,3,4,"b_hw_2",-0.259538769150044,NA
100,3,4,"b_hw_3",-0.0509455979066406,NA
100,3,4,"b_hw_4",-0.0343073520150742,NA
100,3,4,"b_ch_1",-107.518146591917,NA
100,3,4,"b_ch_2",-3.06578784436113,NA
100,3,4,"b_ch_3",-1.98981227662662,NA
100,3,4,"b_ch_4",-0.893632690013378,NA
100,3,4,"delta_1",0,NA
100,3,4,"delta_2",0.107707647552077,NA
100,3,4,"delta_3",0.220021187489968,NA
100,3,4,"delta_4",0.664179086603422,NA
100,4,4,"b_tt_1",-50.2010811879374,NA
100,4,4,"b_tt_2",-0.653807390858186,NA
100,4,4,"b_tt_3",-0.119559016029536,NA
100,4,4,"b_tt_4",-0.0181099406215884,NA
100,4,4,"b_tc_1",-174.834217216905,NA
100,4,4,"b_tc_2",-4.47734364925583,NA
100,4,4,"b_tc_3",-0.292128409127824,NA
100,4,4,"b_tc_4",-0.0360325510778423,NA
100,4,4,"b_hw_1",-38.9224945952255,NA
100,4,4,"b_hw_2",-0.052683685565998,NA
100,4,4,"b_hw_3",-0.0169536159880888,NA
100,4,4,"b_hw_4",-0.0829484989524418,NA
100,4,4,"b_ch_1",-922.144992111021,NA
100,4,4,"b_ch_2",-6.25927427550377,NA
100,4,4,"b_ch_3",-1.2361267071945,NA
100,4,4,"b_ch_4",-1.420919475762,NA
100,4,4,"delta_1",0,NA
100,4,4,"delta_2",0.126608117585659,NA
100,4,4,"delta_3",0.697136855430474,NA
100,4,4,"delta_4",0.324719508571348,NA
100,5,4,"b_tt_1",-0.603843821057414,0.0145482729103216
100,5,4,"b_tt_2",-0.48917581368503,0.205374941636882
100,5,4,"b_tt_3",-0.0542076999656298,0.134662260403705
100,5,4,"b_tt_4",-0.048597413902946,0.0381343532888817
100,5,4,"b_tc_1",-3.6121231781583,0.0712972697129794
100,5,4,"b_tc_2",-1.33420246226525,1.17749049160419
100,5,4,"b_tc_3",0.128969663906012,0.376001215109412
100,5,4,"b_tc_4",-0.233248935811499,0.117821735277242
100,5,4,"b_hw_1",-0.0548335470545569,0.0113586372627344
100,5,4,"b_hw_2",-0.0900456252963713,0.0247731935776017
100,5,4,"b_hw_3",-0.0236280157810293,0.0237347406681037
100,5,4,"b_hw_4",-0.0860580096140384,0.0134012938722803
100,5,4,"b_ch_1",-4.08420291187283,0.191123635995101
100,5,4,"b_ch_2",-5.51314054751957,1.35630086916318
100,5,4,"b_ch_3",-0.530856111854869,1.41993996869088
100,5,4,"b_ch_4",-1.1618631952396,0.292603685641135
100,5,4,"delta_1",0,NA
100,5,4,"delta_2",0.574040947173335,0.427665249436068
100,5,4,"delta_3",-0.333532618687421,0.389643756356714
100,5,4,"delta_4",1.03678530934804,0.466889461546255
100,6,4,"b_tt_1",-67.7826741534061,NA
100,6,4,"b_tt_2",-0.259913280701602,NA
100,6,4,"b_tt_3",-0.150594983116465,NA
100,6,4,"b_tt_4",-0.0292183105367772,NA
100,6,4,"b_tc_1",-202.346335468867,NA
100,6,4,"b_tc_2",-2.04648918299305,NA
100,6,4,"b_tc_3",-0.252196269507004,NA
100,6,4,"b_tc_4",-0.0198852867637603,NA
100,6,4,"b_hw_1",-5.65049192100406,NA
100,6,4,"b_hw_2",-0.0633568522195339,NA
100,6,4,"b_hw_3",-0.0207020717077421,NA
100,6,4,"b_hw_4",-0.128704770791632,NA
100,6,4,"b_ch_1",-2261.01041676638,NA
100,6,4,"b_ch_2",-1.99232819147462,NA
100,6,4,"b_ch_3",-1.67863017164557,NA
100,6,4,"b_ch_4",-1.35020780925989,NA
100,6,4,"delta_1",0,NA
100,6,4,"delta_2",1.16181539499651,NA
100,6,4,"delta_3",1.34084453069135,NA
100,6,4,"delta_4",0.645291126318019,NA
100,7,4,"b_tt_1",-0.435215053796807,0.0527229784497297
100,7,4,"b_tt_2",-0.206285612224122,0.151956425323748
100,7,4,"b_tt_3",-0.1295668063891,0.0210482567002724
100,7,4,"b_tt_4",-0.00195482172295301,0.0223581622061012
100,7,4,"b_tc_1",-1.35602272879331,0.412007780301158
100,7,4,"b_tc_2",-1.71079178508885,0.503147815710066
100,7,4,"b_tc_3",-0.10543116886251,0.028846561667361
100,7,4,"b_tc_4",0.190841010102354,0.116170731440007
100,7,4,"b_hw_1",-0.113609120366774,0.0139083490315926
100,7,4,"b_hw_2",-0.0319997639702647,0.0458154570448115
100,7,4,"b_hw_3",-0.0299844462489262,0.00842286617853436
100,7,4,"b_hw_4",-0.178978819277789,0.0460877220053303
100,7,4,"b_ch_1",-5.02642963469063,0.510174227817447
100,7,4,"b_ch_2",-2.50703874279319,1.72977594966886
100,7,4,"b_ch_3",-1.01542919872118,0.264464827969844
100,7,4,"b_ch_4",-2.25842491642109,0.709736895603866
100,7,4,"delta_1",0,NA
100,7,4,"delta_2",-0.341823841032311,0.447035703390657
100,7,4,"delta_3",-0.0700317925705305,0.407824763700246
100,7,4,"delta_4",-0.663678095313023,0.430866910564482
100,8,4,"b_tt_1",-1.45830175749551,0.516227319804398
100,8,4,"b_tt_2",-0.833008066068203,0.0113598568819099
100,8,4,"b_tt_3",-0.246449008692192,0.337152852008677
100,8,4,"b_tt_4",-0.056697222192731,0.0798947260640873
100,8,4,"b_tc_1",-2.74763188497065,0.968715626176529
100,8,4,"b_tc_2",-0.353695230940157,0.0311744561364926
100,8,4,"b_tc_3",-2.20360880063921,0.284025855504986
100,8,4,"b_tc_4",-0.0929858303039561,0.637616023582514
100,8,4,"b_hw_1",-0.506364002160242,0.178020298100644
100,8,4,"b_hw_2",0.10631074082235,0.00591839629287651
100,8,4,"b_hw_3",-0.0664923327655497,0.0555243173292856
100,8,4,"b_hw_4",-0.0396720763159513,0.0237662779294356
100,8,4,"b_ch_1",-23.1033408790355,8.20041961103133
100,8,4,"b_ch_2",-4.29980360695019,0.14754365779077
100,8,4,"b_ch_3",-0.467385382128415,1.80471272210854
100,8,4,"b_ch_4",-0.832216447769203,0.623945893426972
100,8,4,"delta_1",0,NA
100,8,4,"delta_2",-1.41056601627129,0.27819605351309
100,8,4,"delta_3",-0.919556824937542,0.421485510621211
100,8,4,"delta_4",0.386303240084593,0.403015546120809
100,9,4,"b_tt_1",-110.137408649677,NA
100,9,4,"b_tt_2",-0.454825195225232,NA
100,9,4,"b_tt_3",-0.120703319122332,NA
100,9,4,"b_tt_4",-0.0722493673936138,NA
100,9,4,"b_tc_1",-347.555532790376,NA
100,9,4,"b_tc_2",-2.70177343586145,NA
100,9,4,"b_tc_3",-0.113318667794872,NA
100,9,4,"b_tc_4",-0.170646030372125,NA
100,9,4,"b_hw_1",-13.4990368911573,NA
100,9,4,"b_hw_2",-0.054632587312675,NA
100,9,4,"b_hw_3",-0.0335558644877122,NA
100,9,4,"b_hw_4",-0.106341980155909,NA
100,9,4,"b_ch_1",-1506.34098620411,NA
100,9,4,"b_ch_2",-2.76500346471347,NA
100,9,4,"b_ch_3",-0.819849103170084,NA
100,9,4,"b_ch_4",-1.19160810818051,NA
100,9,4,"delta_1",0,NA
100,9,4,"delta_2",0.0706696751452814,NA
100,9,4,"delta_3",0.422792380131817,NA
100,9,4,"delta_4",0.537887730414452,NA
100,10,4,"b_tt_1",-1.93550380083907,0.0184036723737147
100,10,4,"b_tt_2",-0.331624963555419,1.6850976024155
100,10,4,"b_tt_3",-0.110510111759786,0.013088239593738
100,10,4,"b_tt_4",-0.0257004041365614,0.0859153504566278
100,10,4,"b_tc_1",-8.4809074266894,0.0314909409412622
100,10,4,"b_tc_2",-2.4117298596456,7.29385676904199
100,10,4,"b_tc_3",-0.091594193173513,0.0498947151054213
100,10,4,"b_tc_4",-0.0907406938119542,0.600852697386552
100,10,4,"b_hw_1",-2.21473369335603,0.00808776761639251
100,10,4,"b_hw_2",-0.0270074999548952,1.85341985645569
100,10,4,"b_hw_3",-0.0464457110903783,0.00887593179133229
100,10,4,"b_hw_4",-0.0447643422023883,0.0147023765474032
100,10,4,"b_ch_1",-37.8717299337865,0.289190799305326
100,10,4,"b_ch_2",-2.33251043044857,33.9013167669001
100,10,4,"b_ch_3",-2.09963820513653,0.199251788815456
100,10,4,"b_ch_4",-0.322079116665215,0.677439650777398
100,10,4,"delta_1",0,NA
100,10,4,"delta_2",0.12464050641915,0.384441397661731
100,10,4,"delta_3",0.921164674932207,0.367335751016842
100,10,4,"delta_4",0.158757456062527,0.355367115105712
100,11,4,"b_tt_1",-0.214194681091611,0.0201752269233902
100,11,4,"b_tt_2",-0.176710387572615,0.0491692952982991
100,11,4,"b_tt_3",-0.176472656060258,0.0685433006372509
100,11,4,"b_tt_4",-0.0399732215735875,0.0552650035774558
100,11,4,"b_tc_1",-0.76492353850048,0.0658139634292499
100,11,4,"b_tc_2",-1.48225837668099,0.354570103635678
100,11,4,"b_tc_3",0.0594519350947425,0.237117892975497
100,11,4,"b_tc_4",-0.0768100873560327,0.107220254917646
100,11,4,"b_hw_1",-0.136815702283798,0.014503672110217
100,11,4,"b_hw_2",-0.0165846108443852,0.0156948263640141
100,11,4,"b_hw_3",-0.0397596824973637,0.0395869787628316
100,11,4,"b_hw_4",-0.0797342223605309,0.0148137651055236
100,11,4,"b_ch_1",-4.01145511935668,0.278815395548899
100,11,4,"b_ch_2",-0.383828075873009,0.301677544655301
100,11,4,"b_ch_3",-2.10316262383753,0.99032378773159
100,11,4,"b_ch_4",-0.800125539246694,0.614156257017126
100,11,4,"delta_1",0,NA
100,11,4,"delta_2",-0.884818017839114,0.577107745300115
100,11,4,"delta_3",-0.495212842429663,0.516884088859712
100,11,4,"delta_4",-0.122498717519699,0.51610896331723
100,12,4,"b_tt_1",-0.308078999734609,0.0170479392909109
100,12,4,"b_tt_2",-0.134434706638547,0.0255593414944187
100,12,4,"b_tt_3",-0.0840493814034159,0.082996407191387
100,12,4,"b_tt_4",-0.0410513857125105,0.0569451570763109
100,12,4,"b_tc_1",-0.542482507755549,0.0323719063153237
100,12,4,"b_tc_2",-1.69459320805843,0.0886762670527278
100,12,4,"b_tc_3",-0.137107775340836,0.156002292080949
100,12,4,"b_tc_4",-0.0879109991346933,0.447648733520595
100,12,4,"b_hw_1",-0.0315960056749267,0.015732942325878
100,12,4,"b_hw_2",-0.0436530263093723,0.0080744973100926
100,12,4,"b_hw_3",-0.0291952153621479,0.0185812060421394
100,12,4,"b_hw_4",-0.0861531238935842,0.0143764493593328
100,12,4,"b_ch_1",-3.66656233867315,0.409378949332408
100,12,4,"b_ch_2",-1.27502043889564,0.227644010195044
100,12,4,"b_ch_3",0.0994302797622754,0.917446890861873
100,12,4,"b_ch_4",-2.87517469757785,0.376414387909941
100,12,4,"delta_1",0,NA
100,12,4,"delta_2",-0.522048398475886,0.391964288017316
100,12,4,"delta_3",-0.47781594178036,0.51104167568571
100,12,4,"delta_4",0.400934552750881,0.508456022037801
100,13,4,"b_tt_1",-1.29602006427071,0.0258144043849107
100,13,4,"b_tt_2",-0.657009662974419,0.0222197176277092
100,13,4,"b_tt_3",-0.139554590554743,0.597377449786934
100,13,4,"b_tt_4",-0.0826512490846596,0.280364645103509
100,13,4,"b_tc_1",-4.79134747348878,0.0530186676919162
100,13,4,"b_tc_2",-0.207593141086277,0.138045384474856
100,13,4,"b_tc_3",-0.243149818976344,2.1817735362916
100,13,4,"b_tc_4",-0.574021302671254,0.26423640953882
100,13,4,"b_hw_1",-0.43393350944532,0.0115328733359884
100,13,4,"b_hw_2",0.0944969508663841,0.00914028284178408
100,13,4,"b_hw_3",-0.0636729650957257,0.202920358131861
100,13,4,"b_hw_4",-0.0271250228022638,0.0532743266162783
100,13,4,"b_ch_1",-24.6311090540096,0.349398835125087
100,13,4,"b_ch_2",-2.95006593763371,0.200299162217979
100,13,4,"b_ch_3",-1.93053074076997,11.5283104215423
100,13,4,"b_ch_4",-0.575911972900111,1.34465334049192
100,13,4,"delta_1",0,NA
100,13,4,"delta_2",-1.14312803978211,0.369746789661224
100,13,4,"delta_3",0.488989958891891,0.36338141386088
100,13,4,"delta_4",-0.0710937247616704,0.42597695570703
100,14,4,"b_tt_1",-9.1569756512784,NA
100,14,4,"b_tt_2",-0.237280873651915,NA
100,14,4,"b_tt_3",-0.156886223123055,NA
100,14,4,"b_tt_4",-0.0320807793742076,NA
100,14,4,"b_tc_1",-82.5257052888653,NA
100,14,4,"b_tc_2",-1.73440990704761,NA
100,14,4,"b_tc_3",-0.223814857422967,NA
100,14,4,"b_tc_4",-0.100142186759084,NA
100,14,4,"b_hw_1",-20.5688733289096,NA
100,14,4,"b_hw_2",0.0062610248278637,NA
100,14,4,"b_hw_3",-0.0388915654762655,NA
100,14,4,"b_hw_4",-0.0742281898835414,NA
100,14,4,"b_ch_1",-644.220719262311,NA
100,14,4,"b_ch_2",-0.649288747785046,NA
100,14,4,"b_ch_3",-1.59464335007019,NA
100,14,4,"b_ch_4",-1.03629583264082,NA
100,14,4,"delta_1",0,NA
100,14,4,"delta_2",-0.578004435396707,NA
100,14,4,"delta_3",0.600895416569229,NA
100,14,4,"delta_4",0.660993631616704,NA
100,15,4,"b_tt_1",-164.332087136577,NA
100,15,4,"b_tt_2",-0.327699396158492,NA
100,15,4,"b_tt_3",-0.166984903278134,NA
100,15,4,"b_tt_4",-0.0716273123634712,NA
100,15,4,"b_tc_1",-280.220717529069,NA
100,15,4,"b_tc_2",-1.14672401281491,NA
100,15,4,"b_tc_3",-1.51232269225539,NA
100,15,4,"b_tc_4",-0.095306693008365,NA
100,15,4,"b_hw_1",-15.0022563543555,NA
100,15,4,"b_hw_2",-0.0710269127714579,NA
100,15,4,"b_hw_3",-0.02324289118909,NA
100,15,4,"b_hw_4",-0.041773308431338,NA
100,15,4,"b_ch_1",-412.711572581055,NA
100,15,4,"b_ch_2",-2.77920499486538,NA
100,15,4,"b_ch_3",-0.423516723224435,NA
100,15,4,"b_ch_4",-0.803841190293242,NA
100,15,4,"delta_1",0,NA
100,15,4,"delta_2",1.94188276918968,NA
100,15,4,"delta_3",0.732965318262661,NA
100,15,4,"delta_4",1.52498608915509,NA
100,16,4,"b_tt_1",-120.20399788837,NA
100,16,4,"b_tt_2",-0.394797159652017,NA
100,16,4,"b_tt_3",-0.205682043228403,NA
100,16,4,"b_tt_4",-0.0192466245123376,NA
100,16,4,"b_tc_1",-448.662652315813,NA
100,16,4,"b_tc_2",-2.68928210548629,NA
100,16,4,"b_tc_3",-0.224825631724752,NA
100,16,4,"b_tc_4",-0.0735131654055871,NA
100,16,4,"b_hw_1",-53.3205723084393,NA
100,16,4,"b_hw_2",-0.070073464963217,NA
100,16,4,"b_hw_3",-0.0631350929140287,NA
100,16,4,"b_hw_4",-0.0277818263294001,NA
100,16,4,"b_ch_1",-1549.45500072082,NA
100,16,4,"b_ch_2",-2.22825041443791,NA
100,16,4,"b_ch_3",-2.29694041442516,NA
100,16,4,"b_ch_4",-0.458610937546949,NA
100,16,4,"delta_1",0,NA
100,16,4,"delta_2",0.271343680451499,NA
100,16,4,"delta_3",0.332497913027401,NA
100,16,4,"delta_4",0.0597759720820272,NA
100,17,4,"b_tt_1",-1.65417328750442,0.02119640219636
100,17,4,"b_tt_2",-0.287487683378052,0.0619225068732793
100,17,4,"b_tt_3",-0.121206074584899,1.13114724888011
100,17,4,"b_tt_4",-0.0935954877875153,0.0313112695676622
100,17,4,"b_tc_1",-2.42911697211648,0.0280541589678294
100,17,4,"b_tc_2",-2.03992849630444,0.419482316456512
100,17,4,"b_tc_3",-0.104730471249438,1.69599361420263
100,17,4,"b_tc_4",-0.280835209399342,0.0792123331341306
100,17,4,"b_hw_1",-0.692526916943065,0.00934582080248607
100,17,4,"b_hw_2",-0.031850230222224,0.0115910410429349
100,17,4,"b_hw_3",-0.0309359752787488,0.459324723740886
100,17,4,"b_hw_4",-0.114227971537799,0.026747166396334
100,17,4,"b_ch_1",-36.42233257725,0.208992400689622
100,17,4,"b_ch_2",-1.09705313534515,0.317656489185554
100,17,4,"b_ch_3",-0.813228672662072,24.911458318349
100,17,4,"b_ch_4",-1.48244442059473,0.386531585722592
100,17,4,"delta_1",0,NA
100,17,4,"delta_2",-0.0803019060379748,0.390750648548588
100,17,4,"delta_3",0.114778309456221,0.365883723329583
100,17,4,"delta_4",0.0919418381686519,0.438031728093988
100,18,4,"b_tt_1",-324.873955935643,NA
100,18,4,"b_tt_2",-0.48494394088092,NA
100,18,4,"b_tt_3",-0.0852321541116875,NA
100,18,4,"b_tt_4",-0.0439242171322996,NA
100,18,4,"b_tc_1",-1088.17500389943,NA
100,18,4,"b_tc_2",-2.97135167222153,NA
100,18,4,"b_tc_3",-0.0741532931946472,NA
100,18,4,"b_tc_4",-0.176572408404877,NA
100,18,4,"b_hw_1",-96.4206870363205,NA
100,18,4,"b_hw_2",-0.0576114021146029,NA
100,18,4,"b_hw_3",-0.0107956777852249,NA
100,18,4,"b_hw_4",-0.0846009040892568,NA
100,18,4,"b_ch_1",-2192.10913255912,NA
100,18,4,"b_ch_2",-2.94850763983424,NA
100,18,4,"b_ch_3",-0.783735314766316,NA
100,18,4,"b_ch_4",-1.66993701763175,NA
100,18,4,"delta_1",0,NA
100,18,4,"delta_2",0.244140134008855,NA
100,18,4,"delta_3",0.50794174751584,NA
100,18,4,"delta_4",0.557020972718468,NA
100,19,4,"b_tt_1",-0.586499342464021,0.294801638413831
100,19,4,"b_tt_2",-0.526728125294371,0.0136261341331066
100,19,4,"b_tt_3",-0.0934305662978349,0.0465135553950637
100,19,4,"b_tt_4",-0.0437101192648829,0.226862176320673
100,19,4,"b_tc_1",-1.89921032897557,0.96216244858101
100,19,4,"b_tc_2",-3.01580440248663,0.0440545469049581
100,19,4,"b_tc_3",0.108900268916627,0.186018101896476
100,19,4,"b_tc_4",-0.0506664792222951,1.20441998468458
100,19,4,"b_hw_1",-0.095961578244286,0.0292414883578433
100,19,4,"b_hw_2",-0.132190527749911,0.00748637861919749
100,19,4,"b_hw_3",-0.133859591335835,0.0547128110145159
100,19,4,"b_hw_4",-0.0418174566322776,0.0500922204148471
100,19,4,"b_ch_1",-4.96516090550972,2.26509970896025
100,19,4,"b_ch_2",-0.460225743810341,0.161051154331595
100,19,4,"b_ch_3",-8.23812006836145,3.76105791344594
100,19,4,"b_ch_4",-0.772775100758625,0.716476676578161
100,19,4,"delta_1",0,NA
100,19,4,"delta_2",-1.43099157922796,0.441703099571275
100,19,4,"delta_3",-0.649628504369782,0.549752941371632
100,19,4,"delta_4",0.153989919925459,0.556735792806031
100,20,4,"b_tt_1",-0.745199049784001,0.0144625347481653
100,20,4,"b_tt_2",-0.42248350178707,0.0290993063394189
100,20,4,"b_tt_3",-0.169685046847717,0.12111435896588
100,20,4,"b_tt_4",-0.029879993413338,0.431458853089642
100,20,4,"b_tc_1",-0.529736663623424,0.0292107482918797
100,20,4,"b_tc_2",-2.53116921606791,0.0685562323892659
100,20,4,"b_tc_3",-0.309880848175621,0.712840460609052
100,20,4,"b_tc_4",-0.0691964964038656,0.450218177018631
100,20,4,"b_hw_1",0.101094399929386,0.0138490279778697
100,20,4,"b_hw_2",-0.0558015123797644,0.0100671689310759
100,20,4,"b_hw_3",-0.0224788286457813,0.0183289321675662
100,20,4,"b_hw_4",-0.0939328429253022,0.0814239105761008
100,20,4,"b_ch_1",-2.6386849760172,0.227718876743298
100,20,4,"b_ch_2",-2.35461629021107,0.323328645742472
100,20,4,"b_ch_3",-1.96713996710502,0.614617119405877
100,20,4,"b_ch_4",-1.41237124352049,1.72501287112821
100,20,4,"delta_1",0,NA
100,20,4,"delta_2",1.66255284815205,0.379384033987833
100,20,4,"delta_3",2.13495146124398,0.434418793164366
100,20,4,"delta_4",2.35325584290806,0.57590962673033
75,1,4,"b_tt_1",-0.183917613620874,NA
75,1,4,"b_tt_2",-0.17547877571945,NA
75,1,4,"b_tt_3",-0.0227173521458582,NA
75,1,4,"b_tt_4",10.8370008751583,NA
75,1,4,"b_tc_1",-0.367623716756081,NA
75,1,4,"b_tc_2",-1.9648291278672,NA
75,1,4,"b_tc_3",0.120723493734823,NA
75,1,4,"b_tc_4",82.6197583243044,NA
75,1,4,"b_hw_1",-0.0798592834018769,NA
75,1,4,"b_hw_2",-0.0469777940094664,NA
75,1,4,"b_hw_3",-0.00718825019357228,NA
75,1,4,"b_hw_4",-6.60773159522548,NA
75,1,4,"b_ch_1",-2.76313710134656,NA
75,1,4,"b_ch_2",-1.76073287524259,NA
75,1,4,"b_ch_3",0.23694299349331,NA
75,1,4,"b_ch_4",-70.0050141956541,NA
75,1,4,"delta_1",0,NA
75,1,4,"delta_2",-1.10086716785776,NA
75,1,4,"delta_3",-2.15791879935759,NA
75,1,4,"delta_4",-1.88986136875198,NA
75,2,4,"b_tt_1",-33.898726171128,NA
75,2,4,"b_tt_2",-0.390286105640976,NA
75,2,4,"b_tt_3",-0.140836351149999,NA
75,2,4,"b_tt_4",-0.0342736233223803,NA
75,2,4,"b_tc_1",-68.8973193550809,NA
75,2,4,"b_tc_2",-2.36451410928185,NA
75,2,4,"b_tc_3",-0.126243087835084,NA
75,2,4,"b_tc_4",-0.214717968748208,NA
75,2,4,"b_hw_1",-16.2095131683473,NA
75,2,4,"b_hw_2",-0.041589868793596,NA
75,2,4,"b_hw_3",-0.0610858504693955,NA
75,2,4,"b_hw_4",-0.0269571692103866,NA
75,2,4,"b_ch_1",-697.351125758546,NA
75,2,4,"b_ch_2",-1.96749870374027,NA
75,2,4,"b_ch_3",-1.97861178426825,NA
75,2,4,"b_ch_4",-0.0400480380240555,NA
75,2,4,"delta_1",0,NA
75,2,4,"delta_2",0.601655731667883,NA
75,2,4,"delta_3",1.10980376165126,NA
75,2,4,"delta_4",0.259393729294569,NA
75,3,4,"b_tt_1",-0.829122089406835,0.397920039507053
75,3,4,"b_tt_2",-0.824594060855538,0.0237894990937717
75,3,4,"b_tt_3",-0.0590256754582269,0.0165487566726104
75,3,4,"b_tt_4",-0.0247751519382156,0.433368212529094
75,3,4,"b_tc_1",-1.10965183308675,0.583236312081918
75,3,4,"b_tc_2",-5.32041834956472,0.0771248076990252
75,3,4,"b_tc_3",-0.0947720869444081,0.0464984516160542
75,3,4,"b_tc_4",-0.163772704496087,2.67207262096822
75,3,4,"b_hw_1",-0.0927854425215195,0.0427409957910186
75,3,4,"b_hw_2",-0.0847294769237756,0.0159015252615242
75,3,4,"b_hw_3",-0.0499170660938624,0.00870274273992743
75,3,4,"b_hw_4",-0.0453787517079741,0.0359700250089436
75,3,4,"b_ch_1",-3.13494373100889,1.3484591784649
75,3,4,"b_ch_2",-3.1713371370963,1.16979131206228
75,3,4,"b_ch_3",-0.808492985127729,0.193189153354954
75,3,4,"b_ch_4",-3.75233863302582,1.44164177290537
75,3,4,"delta_1",0,NA
75,3,4,"delta_2",-0.0764106449751125,0.496065651160564
75,3,4,"delta_3",0.896644542210886,0.470633471024625
75,3,4,"delta_4",0.445802258635249,0.511218443152865
75,4,4,"b_tt_1",-5.01752727871363,0.0692236449118604
75,4,4,"b_tt_2",-0.135640167508951,0.0290614332774795
75,4,4,"b_tt_3",-0.103622270194527,5.15555039616501
75,4,4,"b_tt_4",-0.0543084610597749,0.0323728213286885
75,4,4,"b_tc_1",-18.01286838499,0.59503969843493
75,4,4,"b_tc_2",-2.22123678350182,0.0869721007614909
75,4,4,"b_tc_3",-0.225126972784768,18.5481942439531
75,4,4,"b_tc_4",-0.090190242857927,0.0779820167497478
75,4,4,"b_hw_1",-1.21846115950894,0.022450590205995
75,4,4,"b_hw_2",-0.0647395772651022,0.00802787654456694
75,4,4,"b_hw_3",-0.0108099214644804,1.25451543119912
75,4,4,"b_hw_4",-0.0865382473872392,0.0310855459338025
75,4,4,"b_ch_1",-85.0327966179804,1.28364391393064
75,4,4,"b_ch_2",-3.98326595243287,0.229815466650155
75,4,4,"b_ch_3",-0.87593034152797,87.2278973433177
75,4,4,"b_ch_4",-2.08797897892472,0.513518273277568
75,4,4,"delta_1",0,NA
75,4,4,"delta_2",-0.106923815068327,0.479804548354365
75,4,4,"delta_3",0.239018101270366,0.490387378425004
75,4,4,"delta_4",0.340830700738461,0.493991512228499
75,5,4,"b_tt_1",-26.3918950219565,NA
75,5,4,"b_tt_2",-0.210438901313998,NA
75,5,4,"b_tt_3",-0.180606336967743,NA
75,5,4,"b_tt_4",-0.0460523842698204,NA
75,5,4,"b_tc_1",-82.2116926281193,NA
75,5,4,"b_tc_2",-1.19165639430815,NA
75,5,4,"b_tc_3",-0.170632960750301,NA
75,5,4,"b_tc_4",-0.215991596813715,NA
75,5,4,"b_hw_1",-7.1073341613662,NA
75,5,4,"b_hw_2",-0.00596932324241718,NA
75,5,4,"b_hw_3",-0.0436360753348449,NA
75,5,4,"b_hw_4",-0.0910606112380016,NA
75,5,4,"b_ch_1",-349.78304251638,NA
75,5,4,"b_ch_2",-0.377292250386293,NA
75,5,4,"b_ch_3",-2.31165606855624,NA
75,5,4,"b_ch_4",-1.11635239938297,NA
75,5,4,"delta_1",0,NA
75,5,4,"delta_2",-0.862562479540094,NA
75,5,4,"delta_3",-0.199839599304259,NA
75,5,4,"delta_4",0.406922617729717,NA
75,6,4,"b_tt_1",-0.636588948615965,NA
75,6,4,"b_tt_2",-0.155177099377888,NA
75,6,4,"b_tt_3",-0.0874807624875849,NA
75,6,4,"b_tt_4",-0.050907142232302,NA
75,6,4,"b_tc_1",-4.60173627846307,NA
75,6,4,"b_tc_2",-0.237094093701182,NA
75,6,4,"b_tc_3",-0.444807103777684,NA
75,6,4,"b_tc_4",0.172347897821869,NA
75,6,4,"b_hw_1",-0.012518920410511,NA
75,6,4,"b_hw_2",-0.0229157978583904,NA
75,6,4,"b_hw_3",-0.0827652567404827,NA
75,6,4,"b_hw_4",-13.9614849594426,NA
75,6,4,"b_ch_1",-4.46064256257253,NA
75,6,4,"b_ch_2",-1.46819367063857,NA
75,6,4,"b_ch_3",-2.04930772132889,NA
75,6,4,"b_ch_4",-44.8930075130478,NA
75,6,4,"delta_1",0,NA
75,6,4,"delta_2",0.95325187679601,NA
75,6,4,"delta_3",0.749820649004649,NA
75,6,4,"delta_4",-0.780672336292434,NA
75,7,4,"b_tt_1",-0.523687869963255,0.0520639070542227
75,7,4,"b_tt_2",-0.156442019026166,0.0167290274291686
75,7,4,"b_tt_3",-0.12308904024862,0.0373558186875143
75,7,4,"b_tt_4",-0.0530351876923743,0.146602252921561
75,7,4,"b_tc_1",-3.10884446409409,0.31450814149078
75,7,4,"b_tc_2",-0.111400787512013,0.0417695920807514
75,7,4,"b_tc_3",-0.765853974927021,0.0745664489323003
75,7,4,"b_tc_4",-0.0772829758216669,0.8722514644139
75,7,4,"b_hw_1",-0.0572483439816998,0.0172915438512822
75,7,4,"b_hw_2",-0.0484897271603803,0.0196894294827369
75,7,4,"b_hw_3",-0.025613082248427,0.0109311257875268
75,7,4,"b_hw_4",-0.058163828647956,0.0171257887516938
75,7,4,"b_ch_1",-3.30657302395438,0.623234783463229
75,7,4,"b_ch_2",-1.1393497456508,0.706556038995439
75,7,4,"b_ch_3",0.674878919924608,0.255224864115097
75,7,4,"b_ch_4",-3.09224294741621,0.736481607247698
75,7,4,"delta_1",0,NA
75,7,4,"delta_2",0.119514383033531,0.61424373924176
75,7,4,"delta_3",-1.64815680463533,0.608166771490096
75,7,4,"delta_4",0.071855492951981,0.612377804571945
75,8,4,"b_tt_1",-40.6822769954784,NA
75,8,4,"b_tt_2",-20.0786136243757,NA
75,8,4,"b_tt_3",-5.53795471161411,NA
75,8,4,"b_tt_4",-0.0574010427638959,NA
75,8,4,"b_tc_1",-228.45534949612,NA
75,8,4,"b_tc_2",-90.1407928502615,NA
75,8,4,"b_tc_3",-10.7218245929086,NA
75,8,4,"b_tc_4",-0.0522440678668799,NA
75,8,4,"b_hw_1",-4.47740193250234,NA
75,8,4,"b_hw_2",-16.3364581876258,NA
75,8,4,"b_hw_3",-2.53109248341879,NA
75,8,4,"b_hw_4",-0.0331491999482022,NA
75,8,4,"b_ch_1",-23.6652194254968,NA
75,8,4,"b_ch_2",423.696363725184,NA
75,8,4,"b_ch_3",-87.5259387008362,NA
75,8,4,"b_ch_4",-0.952601348425586,NA
75,8,4,"delta_1",0,NA
75,8,4,"delta_2",-0.944558214402127,NA
75,8,4,"delta_3",0.755209193434562,NA
75,8,4,"delta_4",1.35845065980915,NA
75,9,4,"b_tt_1",-1.03854157332027,NA
75,9,4,"b_tt_2",-0.209255590586941,NA
75,9,4,"b_tt_3",-0.10220470016688,NA
75,9,4,"b_tt_4",-0.0683564811220022,NA
75,9,4,"b_tc_1",-3.55067600275484,NA
75,9,4,"b_tc_2",-0.18377128821204,NA
75,9,4,"b_tc_3",-0.433421869857123,NA
75,9,4,"b_tc_4",-0.126273652897688,NA
75,9,4,"b_hw_1",-0.118801258326628,NA
75,9,4,"b_hw_2",-0.0704545705856754,NA
75,9,4,"b_hw_3",-0.0144432395650682,NA
75,9,4,"b_hw_4",-0.140392994950816,NA
75,9,4,"b_ch_1",-2909.40127635069,NA
75,9,4,"b_ch_2",-1.67605958722287,NA
75,9,4,"b_ch_3",-0.673390372166987,NA
75,9,4,"b_ch_4",-0.398833497302992,NA
75,9,4,"delta_1",0,NA
75,9,4,"delta_2",0.401546705492017,NA
75,9,4,"delta_3",-0.0443154452217926,NA
75,9,4,"delta_4",-0.317471225540524,NA
75,10,4,"b_tt_1",-301.352423310778,NA
75,10,4,"b_tt_2",-0.242000272153061,NA
75,10,4,"b_tt_3",-0.0760578210890265,NA
75,10,4,"b_tt_4",-0.03176910495059,NA
75,10,4,"b_tc_1",-1019.16033175431,NA
75,10,4,"b_tc_2",-5.13107854852333,NA
75,10,4,"b_tc_3",-0.0535806927506986,NA
75,10,4,"b_tc_4",-0.131434531877635,NA
75,10,4,"b_hw_1",-190.655597984112,NA
75,10,4,"b_hw_2",-0.0986157071572545,NA
75,10,4,"b_hw_3",-0.033948535361279,NA
75,10,4,"b_hw_4",-0.0645193633232665,NA
75,10,4,"b_ch_1",-6415.71107857677,NA
75,10,4,"b_ch_2",-7.09229853999785,NA
75,10,4,"b_ch_3",-1.21391641567874,NA
75,10,4,"b_ch_4",-0.228501237006297,NA
75,10,4,"delta_1",0,NA
75,10,4,"delta_2",-0.60855498058971,NA
75,10,4,"delta_3",0.697275012416942,NA
75,10,4,"delta_4",-0.854316914866495,NA
75,11,4,"b_tt_1",-0.281201434790262,0.035119860893074
75,11,4,"b_tt_2",-0.162325616721447,0.118570580739721
75,11,4,"b_tt_3",-0.111208727735537,0.0702407654310836
75,11,4,"b_tt_4",-0.0814229804864207,0.0331519753940091
75,11,4,"b_tc_1",-2.18343292373854,0.132261585818571
75,11,4,"b_tc_2",0.357658446713752,0.829683002842781
75,11,4,"b_tc_3",-0.38849206560379,0.256528724900417
75,11,4,"b_tc_4",-0.188409982342713,0.114351540803804
75,11,4,"b_hw_1",-0.151811374464727,0.00981095105991458
75,11,4,"b_hw_2",-0.0547900975586146,0.0632472318213772
75,11,4,"b_hw_3",-0.114416823225143,0.0289269043883833
75,11,4,"b_hw_4",-0.040234146597975,0.03298829693654
75,11,4,"b_ch_1",0.356025984334192,0.212535725818521
75,11,4,"b_ch_2",-3.20364155565811,0.907640307874116
75,11,4,"b_ch_3",-3.25964185189292,1.38251360936995
75,11,4,"b_ch_4",-0.522805528437994,0.78203767236695
75,11,4,"delta_1",0,NA
75,11,4,"delta_2",0.362800845062312,0.676974562799718
75,11,4,"delta_3",1.2760817961159,0.578102372179555
75,11,4,"delta_4",1.04599943649111,0.506216934779593
75,12,4,"b_tt_1",-69.6204654519629,NA
75,12,4,"b_tt_2",-0.305884086627276,NA
75,12,4,"b_tt_3",-0.103136756890374,NA
75,12,4,"b_tt_4",-0.0782982793007289,NA
75,12,4,"b_tc_1",-243.17422892155,NA
75,12,4,"b_tc_2",-0.434283317813797,NA
75,12,4,"b_tc_3",-1.03792063861999,NA
75,12,4,"b_tc_4",-0.0903197737025907,NA
75,12,4,"b_hw_1",-17.4556011531993,NA
75,12,4,"b_hw_2",-0.106141101770732,NA
75,12,4,"b_hw_3",-0.0250153105045435,NA
75,12,4,"b_hw_4",-0.0338102907074493,NA
75,12,4,"b_ch_1",-869.739544856996,NA
75,12,4,"b_ch_2",0.506165140559489,NA
75,12,4,"b_ch_3",-1.1741936484093,NA
75,12,4,"b_ch_4",-1.72131542700172,NA
75,12,4,"delta_1",0,NA
75,12,4,"delta_2",-0.789226401742691,NA
75,12,4,"delta_3",-0.13993844990687,NA
75,12,4,"delta_4",0.485111081213073,NA
75,13,4,"b_tt_1",-1.16875845272914,NA
75,13,4,"b_tt_2",-0.566840889731899,NA
75,13,4,"b_tt_3",-0.153923974247325,NA
75,13,4,"b_tt_4",-0.0697842099669293,NA
75,13,4,"b_tc_1",-4.36117449049088,NA
75,13,4,"b_tc_2",-0.156081541264893,NA
75,13,4,"b_tc_3",-0.277338033172395,NA
75,13,4,"b_tc_4",-0.491167585697859,NA
75,13,4,"b_hw_1",-21.8263926619708,NA
75,13,4,"b_hw_2",0.0810962672311939,NA
75,13,4,"b_hw_3",-0.0671879601245248,NA
75,13,4,"b_hw_4",-0.0282936073388684,NA
75,13,4,"b_ch_1",-932.087163620844,NA
75,13,4,"b_ch_2",-2.56264236211347,NA
75,13,4,"b_ch_3",-2.11062580554002,NA
75,13,4,"b_ch_4",-0.507520258921217,NA
75,13,4,"delta_1",0,NA
75,13,4,"delta_2",-1.16764227396363,NA
75,13,4,"delta_3",0.333683733148362,NA
75,13,4,"delta_4",-0.192408019472969,NA
75,14,4,"b_tt_1",-67.5433746485809,NA
75,14,4,"b_tt_2",-0.269698265670678,NA
75,14,4,"b_tt_3",-0.103637883958199,NA
75,14,4,"b_tt_4",-0.0416536686764762,NA
75,14,4,"b_tc_1",-530.394076282291,NA
75,14,4,"b_tc_2",-1.91423225611615,NA
75,14,4,"b_tc_3",-0.183569024146569,NA
75,14,4,"b_tc_4",-0.17583780487877,NA
75,14,4,"b_hw_1",2.78801792061919,NA
75,14,4,"b_hw_2",-0.00103591527285958,NA
75,14,4,"b_hw_3",-0.0584954226620011,NA
75,14,4,"b_hw_4",-0.075476817704279,NA
75,14,4,"b_ch_1",-10244.465585154,NA
75,14,4,"b_ch_2",-0.3603938197384,NA
75,14,4,"b_ch_3",-0.843638426472832,NA
75,14,4,"b_ch_4",-2.60963088252919,NA
75,14,4,"delta_1",0,NA
75,14,4,"delta_2",0.501219778920077,NA
75,14,4,"delta_3",1.70541160859669,NA
75,14,4,"delta_4",1.35872402194292,NA
75,15,4,"b_tt_1",-18.9600126847227,NA
75,15,4,"b_tt_2",-0.225858281157131,NA
75,15,4,"b_tt_3",-0.17242844908561,NA
75,15,4,"b_tt_4",-0.0536249589329925,NA
75,15,4,"b_tc_1",-250.116468209016,NA
75,15,4,"b_tc_2",-0.88608438528471,NA
75,15,4,"b_tc_3",-0.222897213714084,NA
75,15,4,"b_tc_4",-0.0998355702159375,NA
75,15,4,"b_hw_1",-2.37076153020412,NA
75,15,4,"b_hw_2",-0.0435661258601235,NA
75,15,4,"b_hw_3",-0.0734273740002391,NA
75,15,4,"b_hw_4",-0.020010729397621,NA
75,15,4,"b_ch_1",-140.099329053321,NA
75,15,4,"b_ch_2",-2.72800179377674,NA
75,15,4,"b_ch_3",-1.26936554739075,NA
75,15,4,"b_ch_4",-0.291500484211408,NA
75,15,4,"delta_1",0,NA
75,15,4,"delta_2",1.8188321464467,NA
75,15,4,"delta_3",2.16330735814602,NA
75,15,4,"delta_4",1.40497035725908,NA
75,16,4,"b_tt_1",-0.927924318143708,NA
75,16,4,"b_tt_2",-0.304289332703808,NA
75,16,4,"b_tt_3",-0.235392858949438,NA
75,16,4,"b_tt_4",-0.02656251762414,NA
75,16,4,"b_tc_1",-8.377159886122,NA
75,16,4,"b_tc_2",-0.516913887737235,NA
75,16,4,"b_tc_3",0.129920722350576,NA
75,16,4,"b_tc_4",-0.0967317361960593,NA
75,16,4,"b_hw_1",-0.176108089370466,NA
75,16,4,"b_hw_2",-0.196306743352741,NA
75,16,4,"b_hw_3",-0.0773428675441845,NA
75,16,4,"b_hw_4",-0.0171676652980298,NA
75,16,4,"b_ch_1",-38.1994066241094,NA
75,16,4,"b_ch_2",-4.00056063843881,NA
75,16,4,"b_ch_3",-3.230380477439,NA
75,16,4,"b_ch_4",-0.348320154898611,NA
75,16,4,"delta_1",0,NA
75,16,4,"delta_2",0.630714075866291,NA
75,16,4,"delta_3",0.0273395622192371,NA
75,16,4,"delta_4",0.226045422916785,NA
75,17,4,"b_tt_1",-0.716082261781157,0.0128447981143439
75,17,4,"b_tt_2",-0.379807717630125,0.05944718777087
75,17,4,"b_tt_3",-0.223736832521997,0.200723348573598
75,17,4,"b_tt_4",-0.0250035272860613,0.358191178407252
75,17,4,"b_tc_1",-4.35731416656783,0.0495449911811471
75,17,4,"b_tc_2",-0.347886001146805,0.0975316253930443
75,17,4,"b_tc_3",-0.263733315777956,1.2485190571364
75,17,4,"b_tc_4",-0.123152558235162,0.419975309953236
75,17,4,"b_hw_1",-0.0681957567482723,0.00939073460783165
75,17,4,"b_hw_2",-0.0727207362234213,0.0714287667760227
75,17,4,"b_hw_3",-0.194672782984001,0.0181313951654863
75,17,4,"b_hw_4",-0.0260366230864794,0.0395101007232028
75,17,4,"b_ch_1",-5.47456666356175,0.207044410239556
75,17,4,"b_ch_2",-0.923325201602162,1.34901927636007
75,17,4,"b_ch_3",-3.78937934319325,1.35627796103864
75,17,4,"b_ch_4",-0.499375608204187,0.595320069942745
75,17,4,"delta_1",0,NA
75,17,4,"delta_2",-1.10566806959725,0.415958059293826
75,17,4,"delta_3",0.227262680747204,0.418427230853155
75,17,4,"delta_4",-0.408249553713126,0.904527515249997
75,18,4,"b_tt_1",-106.755601817967,NA
75,18,4,"b_tt_2",-0.691542249341626,NA
75,18,4,"b_tt_3",-0.310418764134226,NA
75,18,4,"b_tt_4",-0.062139718407057,NA
75,18,4,"b_tc_1",-361.4837705248,NA
75,18,4,"b_tc_2",-6.21244440682874,NA
75,18,4,"b_tc_3",-0.96454334791472,NA
75,18,4,"b_tc_4",-0.0407418301451873,NA
75,18,4,"b_hw_1",-0.915933149714648,NA
75,18,4,"b_hw_2",-0.211781323852187,NA
75,18,4,"b_hw_3",-0.121485282843074,NA
75,18,4,"b_hw_4",-0.0176436960182654,NA
75,18,4,"b_ch_1",-6809.45120385956,NA
75,18,4,"b_ch_2",-2.0243496724521,NA
75,18,4,"b_ch_3",-2.67207973536937,NA
75,18,4,"b_ch_4",-0.714175262454766,NA
75,18,4,"delta_1",0,NA
75,18,4,"delta_2",-0.378089256918262,NA
75,18,4,"delta_3",0.7200899719658,NA
75,18,4,"delta_4",0.477538292997301,NA
75,19,4,"b_tt_1",-0.975891235133632,0.487958087400156
75,19,4,"b_tt_2",-0.694242049339067,0.0176656796608424
75,19,4,"b_tt_3",-0.0402860594502449,0.445162874577362
75,19,4,"b_tt_4",-0.0133328301424102,0.0196390708743624
75,19,4,"b_tc_1",-3.37821465892663,1.69253870277155
75,19,4,"b_tc_2",-3.19252304381723,0.103115928882953
75,19,4,"b_tc_3",-0.139108187040779,2.05807951237784
75,19,4,"b_tc_4",0.232285684515654,0.0699881851296797
75,19,4,"b_hw_1",-0.140538015274828,0.0557658068410144
75,19,4,"b_hw_2",-0.970351371403762,0.0220082293538623
75,19,4,"b_hw_3",-0.0159968446038001,0.612046467395071
75,19,4,"b_hw_4",-0.0837320148526059,0.00795282338644859
75,19,4,"b_ch_1",-6.94237619889961,2.91724869583121
75,19,4,"b_ch_2",-6.5488912859188,0.490284653967942
75,19,4,"b_ch_3",-0.309797551994074,4.15798224719689
75,19,4,"b_ch_4",-2.36245538903225,0.183581377180191
75,19,4,"delta_1",0,NA
75,19,4,"delta_2",-0.743567500084557,0.420034435918039
75,19,4,"delta_3",-0.228702423078377,0.479389962931993
75,19,4,"delta_4",0.071866344343915,0.397724575063121
75,20,4,"b_tt_1",-0.742282360711338,0.143108215961603
75,20,4,"b_tt_2",-0.371776237577404,0.0208370936650973
75,20,4,"b_tt_3",-0.092988670942489,0.441179414552582
75,20,4,"b_tt_4",-0.0147652687297492,0.0678446475481223
75,20,4,"b_tc_1",-0.532022491965426,0.127403496207322
75,20,4,"b_tc_2",-0.320209946778928,0.101827634666076
75,20,4,"b_tc_3",-0.46867987517802,0.451015784672538
75,20,4,"b_tc_4",-0.10006105842359,0.130317211121473
75,20,4,"b_hw_1",0.100307847133138,0.0274062001726076
75,20,4,"b_hw_2",-0.0706914523330243,0.00666615413963554
75,20,4,"b_hw_3",-0.0333638075121078,0.0827950096549763
75,20,4,"b_hw_4",-0.231435274487944,0.0695495673139846
75,20,4,"b_ch_1",-2.58637454244608,1.45152505771591
75,20,4,"b_ch_2",-4.46280463864184,0.191453697301371
75,20,4,"b_ch_3",-1.15544220265871,1.80205453922115
75,20,4,"b_ch_4",-1.65844002879184,0.632822845715278
75,20,4,"delta_1",0,NA
75,20,4,"delta_2",1.50600446970125,0.485701739805563
75,20,4,"delta_3",2.28653008508743,0.679574140015327
75,20,4,"delta_4",1.61762730085824,0.521850996286408
50,1,4,"b_tt_1",-9.36498728159855,NA
50,1,4,"b_tt_2",-0.21250293028485,NA
50,1,4,"b_tt_3",-0.157021669212229,NA
50,1,4,"b_tt_4",0.0279502223212172,NA
50,1,4,"b_tc_1",48.488117837843,NA
50,1,4,"b_tc_2",-0.39658892466937,NA
50,1,4,"b_tc_3",-1.73118491570158,NA
50,1,4,"b_tc_4",0.334161627808356,NA
50,1,4,"b_hw_1",-15.9167456929072,NA
50,1,4,"b_hw_2",-0.0748590558268065,NA
50,1,4,"b_hw_3",-0.0378992093610436,NA
50,1,4,"b_hw_4",0.00171413176209996,NA
50,1,4,"b_ch_1",-219.219492002512,NA
50,1,4,"b_ch_2",-2.77475085902209,NA
50,1,4,"b_ch_3",-1.62056352575708,NA
50,1,4,"b_ch_4",-0.318591069216466,NA
50,1,4,"delta_1",0,NA
50,1,4,"delta_2",2.15075190473862,NA
50,1,4,"delta_3",1.3572234305712,NA
50,1,4,"delta_4",-0.44173359968459,NA
50,2,4,"b_tt_1",-0.377595462259601,0.097662300456612
50,2,4,"b_tt_2",-0.11856279817913,0.708383818687398
50,2,4,"b_tt_3",-0.0358928687506711,0.0255712678249918
50,2,4,"b_tt_4",0.78388495588137,0.0305297043482845
50,2,4,"b_tc_1",-2.35894720587037,0.577038459301606
50,2,4,"b_tc_2",-0.0990420902058287,4.79037806577133
50,2,4,"b_tc_3",-0.128245140017752,0.0734266330854821
50,2,4,"b_tc_4",-2.10464334238119,0.034911105538166
50,2,4,"b_hw_1",-0.060377419314616,0.0178131905330722
50,2,4,"b_hw_2",-0.0367761730019054,1.1844702364863
50,2,4,"b_hw_3",-0.082241895366074,0.0281533485514813
50,2,4,"b_hw_4",-0.941725453439345,0.0120240543039604
50,2,4,"b_ch_1",-2.24643747159566,0.469563007296791
50,2,4,"b_ch_2",-1.2845944306539,5.23452295284861
50,2,4,"b_ch_3",-1.45731058750478,0.635779723247817
50,2,4,"b_ch_4",-3.11409343803405,0.307281311545111
50,2,4,"delta_1",0,NA
50,2,4,"delta_2",-0.276058942360992,0.617310038403805
50,2,4,"delta_3",-0.728583143621655,0.695520481948987
50,2,4,"delta_4",-1.58234955623527,0.484699261343545
50,3,4,"b_tt_1",-0.730091483179362,NA
50,3,4,"b_tt_2",-0.39523941129548,NA
50,3,4,"b_tt_3",-0.249145642223471,NA
50,3,4,"b_tt_4",-0.108486403603859,NA
50,3,4,"b_tc_1",-4.64278373361909,NA
50,3,4,"b_tc_2",-1.12599635839979,NA
50,3,4,"b_tc_3",-0.271116438846344,NA
50,3,4,"b_tc_4",-0.488138167928767,NA
50,3,4,"b_hw_1",-0.0713662599007142,NA
50,3,4,"b_hw_2",-0.437668262307459,NA
50,3,4,"b_hw_3",-0.0467760253402652,NA
50,3,4,"b_hw_4",-0.0397381935333589,NA
50,3,4,"b_ch_1",-2.4630092114485,NA
50,3,4,"b_ch_2",-6.85452762629065,NA
50,3,4,"b_ch_3",-1.48784837685901,NA
50,3,4,"b_ch_4",-37.0181175848408,NA
50,3,4,"delta_1",0,NA
50,3,4,"delta_2",-0.0705194410643409,NA
50,3,4,"delta_3",0.255125576260571,NA
50,3,4,"delta_4",0.338426627088466,NA
50,4,4,"b_tt_1",-35.1490808316495,NA
50,4,4,"b_tt_2",-34.2423029866124,NA
50,4,4,"b_tt_3",-0.543339021920532,NA
50,4,4,"b_tt_4",-0.145513466448644,NA
50,4,4,"b_tc_1",-285.870915728935,NA
50,4,4,"b_tc_2",-119.967604854324,NA
50,4,4,"b_tc_3",-2.98664953982986,NA
50,4,4,"b_tc_4",-0.38258843148076,NA
50,4,4,"b_hw_1",-8.13304677106072,NA
50,4,4,"b_hw_2",-66.4791630418317,NA
50,4,4,"b_hw_3",-0.0501131730975935,NA
50,4,4,"b_hw_4",-0.0458606242338859,NA
50,4,4,"b_ch_1",-474.425494814738,NA
50,4,4,"b_ch_2",-1109.81589047222,NA
50,4,4,"b_ch_3",-49.1606828657736,NA
50,4,4,"b_ch_4",-1.61245977060124,NA
50,4,4,"delta_1",0,NA
50,4,4,"delta_2",-0.617456078110983,NA
50,4,4,"delta_3",-0.138551825901645,NA
50,4,4,"delta_4",1.04959436265437,NA
50,5,4,"b_tt_1",-44.5986676876947,NA
50,5,4,"b_tt_2",-4.29776821325302,NA
50,5,4,"b_tt_3",-0.14260826711593,NA
50,5,4,"b_tt_4",-0.0223582757626589,NA
50,5,4,"b_tc_1",-200.259868489296,NA
50,5,4,"b_tc_2",-10.5595212895014,NA
50,5,4,"b_tc_3",-0.180577431679096,NA
50,5,4,"b_tc_4",-0.108472262163755,NA
50,5,4,"b_hw_1",-1.9651433155686,NA
50,5,4,"b_hw_2",-2.05457998297377,NA
50,5,4,"b_hw_3",-0.0343158562575834,NA
50,5,4,"b_hw_4",-0.102247835639446,NA
50,5,4,"b_ch_1",-1062.59112755552,NA
50,5,4,"b_ch_2",-56.3712602989879,NA
50,5,4,"b_ch_3",-0.692609597537714,NA
50,5,4,"b_ch_4",-1.21370911491926,NA
50,5,4,"delta_1",0,NA
50,5,4,"delta_2",0.372203172168216,NA
50,5,4,"delta_3",0.118485439393279,NA
50,5,4,"delta_4",0.667694820262485,NA
50,6,4,"b_tt_1",-19.714997459413,NA
50,6,4,"b_tt_2",-1.39969108083581,NA
50,6,4,"b_tt_3",-0.296597450211048,NA
50,6,4,"b_tt_4",-0.192278283283049,NA
50,6,4,"b_tc_1",-97.6690108358871,NA
50,6,4,"b_tc_2",-4.20301641651501,NA
50,6,4,"b_tc_3",-1.97170043513286,NA
50,6,4,"b_tc_4",-0.288403255780734,NA
50,6,4,"b_hw_1",-105.315501133847,NA
50,6,4,"b_hw_2",-0.0934145528756459,NA
50,6,4,"b_hw_3",-0.00801584730672129,NA
50,6,4,"b_hw_4",-0.045605471722021,NA
50,6,4,"b_ch_1",-494.142610617776,NA
50,6,4,"b_ch_2",-51.3898725949002,NA
50,6,4,"b_ch_3",-1.1735964263917,NA
50,6,4,"b_ch_4",-1.80402667419874,NA
50,6,4,"delta_1",0,NA
50,6,4,"delta_2",-0.128047469877955,NA
50,6,4,"delta_3",0.750024716449689,NA
50,6,4,"delta_4",1.37837549362301,NA
50,7,4,"b_tt_1",-38.3448329478091,NA
50,7,4,"b_tt_2",-0.160691659672194,NA
50,7,4,"b_tt_3",-0.141262727148818,NA
50,7,4,"b_tt_4",-0.0278950117715202,NA
50,7,4,"b_tc_1",-134.491879888402,NA
50,7,4,"b_tc_2",-1.20800282166554,NA
50,7,4,"b_tc_3",-0.0271889713141645,NA
50,7,4,"b_tc_4",0.242479252282745,NA
50,7,4,"b_hw_1",-58.1634721829732,NA
50,7,4,"b_hw_2",-0.0290137640254448,NA
50,7,4,"b_hw_3",-0.0380163870083782,NA
50,7,4,"b_hw_4",-0.0966498042023453,NA
50,7,4,"b_ch_1",-833.37129917959,NA
50,7,4,"b_ch_2",-2.00816218917569,NA
50,7,4,"b_ch_3",-1.02007301049037,NA
50,7,4,"b_ch_4",-4.35178172247609,NA
50,7,4,"delta_1",0,NA
50,7,4,"delta_2",0.802776651336804,NA
50,7,4,"delta_3",0.380864401705356,NA
50,7,4,"delta_4",0.0571536203637353,NA
50,8,4,"b_tt_1",-164.166543131132,NA
50,8,4,"b_tt_2",-0.584160118487887,NA
50,8,4,"b_tt_3",-0.20032172913189,NA
50,8,4,"b_tt_4",0.00815179612930586,NA
50,8,4,"b_tc_1",-925.537558242674,NA
50,8,4,"b_tc_2",-1.13867574478963,NA
50,8,4,"b_tc_3",-0.343179350922912,NA
50,8,4,"b_tc_4",0.106617474657121,NA
50,8,4,"b_hw_1",-13.174932505859,NA
50,8,4,"b_hw_2",-0.261715695534244,NA
50,8,4,"b_hw_3",-0.0379449059911584,NA
50,8,4,"b_hw_4",-0.0340057064521076,NA
50,8,4,"b_ch_1",153.212789788364,NA
50,8,4,"b_ch_2",-38.1268011977324,NA
50,8,4,"b_ch_3",-1.68666274319029,NA
50,8,4,"b_ch_4",-0.0387063672991881,NA
50,8,4,"delta_1",0,NA
50,8,4,"delta_2",1.02427264552375,NA
50,8,4,"delta_3",1.47815369255417,NA
50,8,4,"delta_4",0.677942798736118,NA
50,9,4,"b_tt_1",-140.805170322916,NA
50,9,4,"b_tt_2",-88.4479871596757,NA
50,9,4,"b_tt_3",-0.389754705199949,NA
50,9,4,"b_tt_4",-0.12243973914233,NA
50,9,4,"b_tc_1",-445.429785217086,NA
50,9,4,"b_tc_2",-169.636538400713,NA
50,9,4,"b_tc_3",-2.32676073487587,NA
50,9,4,"b_tc_4",-0.110434971100635,NA
50,9,4,"b_hw_1",-37.4671111706084,NA
50,9,4,"b_hw_2",-135.288313000698,NA
50,9,4,"b_hw_3",-0.0735506610624065,NA
50,9,4,"b_hw_4",-0.0407064280780669,NA
50,9,4,"b_ch_1",-1769.53848501453,NA
50,9,4,"b_ch_2",2343.05226233861,NA
50,9,4,"b_ch_3",-2.27922953556567,NA
50,9,4,"b_ch_4",-0.871899283265884,NA
50,9,4,"delta_1",0,NA
50,9,4,"delta_2",-1.45743845955079,NA
50,9,4,"delta_3",-0.165524885181197,NA
50,9,4,"delta_4",0.637737812905896,NA
50,10,4,"b_tt_1",-40.0259915806599,NA
50,10,4,"b_tt_2",-1.41729881517323,NA
50,10,4,"b_tt_3",-0.737122069854282,NA
50,10,4,"b_tt_4",-0.067078524054749,NA
50,10,4,"b_tc_1",-142.349180632617,NA
50,10,4,"b_tc_2",-12.5442698358303,NA
50,10,4,"b_tc_3",-3.4857061548315,NA
50,10,4,"b_tc_4",-0.0788214682387531,NA
50,10,4,"b_hw_1",-29.4005899263866,NA
50,10,4,"b_hw_2",-0.557233426144082,NA
50,10,4,"b_hw_3",-0.018823284145373,NA
50,10,4,"b_hw_4",-0.0383726351747974,NA
50,10,4,"b_ch_1",-863.475679036861,NA
50,10,4,"b_ch_2",-3.82751008064144,NA
50,10,4,"b_ch_3",-3.86504359271174,NA
50,10,4,"b_ch_4",-0.801553249429391,NA
50,10,4,"delta_1",0,NA
50,10,4,"delta_2",-1.02036141411341,NA
50,10,4,"delta_3",-0.388618083643323,NA
50,10,4,"delta_4",0.475413874766733,NA
50,11,4,"b_tt_1",-108.523993863371,NA
50,11,4,"b_tt_2",-103.278180538149,NA
50,11,4,"b_tt_3",-0.0520561650452323,NA
50,11,4,"b_tt_4",-0.0481252278347502,NA
50,11,4,"b_tc_1",-384.032473825362,NA
50,11,4,"b_tc_2",-385.565119047289,NA
50,11,4,"b_tc_3",-0.30339005176692,NA
50,11,4,"b_tc_4",0.158066400122749,NA
50,11,4,"b_hw_1",-41.7398176198599,NA
50,11,4,"b_hw_2",-57.0813287085995,NA
50,11,4,"b_hw_3",-0.0795483848739463,NA
50,11,4,"b_hw_4",-0.0266493170626581,NA
50,11,4,"b_ch_1",-166.76430191702,NA
50,11,4,"b_ch_2",-2156.23171486642,NA
50,11,4,"b_ch_3",-1.00383032731145,NA
50,11,4,"b_ch_4",-1.04823139828402,NA
50,11,4,"delta_1",0,NA
50,11,4,"delta_2",0.62279745039097,NA
50,11,4,"delta_3",1.05757218054242,NA
50,11,4,"delta_4",1.05857773051172,NA
50,12,4,"b_tt_1",-68.3656369041374,NA
50,12,4,"b_tt_2",-0.71184933973215,NA
50,12,4,"b_tt_3",-0.107263264788702,NA
50,12,4,"b_tt_4",-0.0427166480232994,NA
50,12,4,"b_tc_1",-238.836378858681,NA
50,12,4,"b_tc_2",-1.33064718618603,NA
50,12,4,"b_tc_3",-0.102287337966301,NA
50,12,4,"b_tc_4",-0.418668270634048,NA
50,12,4,"b_hw_1",-17.1263393488507,NA
50,12,4,"b_hw_2",-0.167253888913556,NA
50,12,4,"b_hw_3",-0.0359502754013795,NA
50,12,4,"b_hw_4",-0.0221428276941156,NA
50,12,4,"b_ch_1",-805.544655546791,NA
50,12,4,"b_ch_2",1.02101899550732,NA
50,12,4,"b_ch_3",-2.27869701632947,NA
50,12,4,"b_ch_4",-0.853198711697834,NA
50,12,4,"delta_1",0,NA
50,12,4,"delta_2",-0.652155154493727,NA
50,12,4,"delta_3",0.420263723160312,NA
50,12,4,"delta_4",0.165009338321044,NA
50,13,4,"b_tt_1",-138.344706055012,NA
50,13,4,"b_tt_2",-0.310301554993396,NA
50,13,4,"b_tt_3",-0.183171317878948,NA
50,13,4,"b_tt_4",-0.0720259735521066,NA
50,13,4,"b_tc_1",-431.86747687651,NA
50,13,4,"b_tc_2",-2.0051000670355,NA
50,13,4,"b_tc_3",-0.375171807979181,NA
50,13,4,"b_tc_4",0.145853984240647,NA
50,13,4,"b_hw_1",-279.363385107112,NA
50,13,4,"b_hw_2",-0.0261407480058376,NA
50,13,4,"b_hw_3",-0.102993001056103,NA
50,13,4,"b_hw_4",-0.0262087981895285,NA
50,13,4,"b_ch_1",-4260.34860657941,NA
50,13,4,"b_ch_2",-1.88955051532868,NA
50,13,4,"b_ch_3",-4.06655560384688,NA
50,13,4,"b_ch_4",-0.382941166609704,NA
50,13,4,"delta_1",0,NA
50,13,4,"delta_2",0.131367639695446,NA
50,13,4,"delta_3",1.05548573977585,NA
50,13,4,"delta_4",0.11731159479619,NA
50,14,4,"b_tt_1",-41.5316453062465,NA
50,14,4,"b_tt_2",-0.431629068621484,NA
50,14,4,"b_tt_3",-0.0970394253289964,NA
50,14,4,"b_tt_4",-0.00173737015237682,NA
50,14,4,"b_tc_1",-245.020908053092,NA
50,14,4,"b_tc_2",-2.92729491470427,NA
50,14,4,"b_tc_3",-0.163229385003445,NA
50,14,4,"b_tc_4",-0.0399764027114515,NA
50,14,4,"b_hw_1",0.850269744895392,NA
50,14,4,"b_hw_2",0.0514591197119527,NA
50,14,4,"b_hw_3",-0.0489046370837325,NA
50,14,4,"b_hw_4",-0.0864185809411075,NA
50,14,4,"b_ch_1",-220.990888911128,NA
50,14,4,"b_ch_2",-0.171381179175375,NA
50,14,4,"b_ch_3",-0.76074379342394,NA
50,14,4,"b_ch_4",-3.01753428934193,NA
50,14,4,"delta_1",0,NA
50,14,4,"delta_2",-1.11064310619597,NA
50,14,4,"delta_3",1.04117871788873,NA
50,14,4,"delta_4",0.564034565261219,NA
50,15,4,"b_tt_1",-3.05873116185703,0.0201207979299179
50,15,4,"b_tt_2",-0.246093200570872,1.63057179294958
50,15,4,"b_tt_3",-0.186734382981112,0.169357672623533
50,15,4,"b_tt_4",-0.060294279089202,0.095097978935079
50,15,4,"b_tc_1",-9.15807495032978,0.0410084598678685
50,15,4,"b_tc_2",-0.976206419837994,4.99142756062429
50,15,4,"b_tc_3",-2.41021309868227,2.18155731263995
50,15,4,"b_tc_4",-0.0930390019720993,0.327870755087233
50,15,4,"b_hw_1",-0.367278563727444,0.00825625528544289
50,15,4,"b_hw_2",-0.0441951685779936,0.199811517777025
50,15,4,"b_hw_3",-0.062087326770735,0.0500219509398823
50,15,4,"b_hw_4",-0.0297686410878659,0.0170571625026294
50,15,4,"b_ch_1",-6.81185038351475,0.198497865424454
50,15,4,"b_ch_2",-3.01266267551769,3.75158592460834
50,15,4,"b_ch_3",-0.963251746838654,1.21097438136816
50,15,4,"b_ch_4",-0.446955672127898,1.2940886841682
50,15,4,"delta_1",0,NA
50,15,4,"delta_2",0.257680043645072,0.478975317798134
50,15,4,"delta_3",-1.03595295126657,1.01689313120511
50,15,4,"delta_4",0.462712633272035,0.538030233155087
50,16,4,"b_tt_1",-0.735063276777118,NA
50,16,4,"b_tt_2",-0.330852480675815,NA
50,16,4,"b_tt_3",-0.220512426752279,NA
50,16,4,"b_tt_4",-0.0318985725061535,NA
50,16,4,"b_tc_1",-7.99991165022596,NA
50,16,4,"b_tc_2",-0.644853921772459,NA
50,16,4,"b_tc_3",0.020908666415873,NA
50,16,4,"b_tc_4",-0.133188449900126,NA
50,16,4,"b_hw_1",-0.167752345167015,NA
50,16,4,"b_hw_2",-0.187992338913082,NA
50,16,4,"b_hw_3",-0.0713018555715834,NA
50,16,4,"b_hw_4",-0.0162209004970968,NA
50,16,4,"b_ch_1",-37.4871454916943,NA
50,16,4,"b_ch_2",-4.49598109394188,NA
50,16,4,"b_ch_3",-2.64561760103608,NA
50,16,4,"b_ch_4",-0.443166984009377,NA
50,16,4,"delta_1",0,NA
50,16,4,"delta_2",0.435385987910452,NA
50,16,4,"delta_3",0.357920335198061,NA
50,16,4,"delta_4",0.17831965896439,NA
50,17,4,"b_tt_1",-6.72007674101672,0.0780907547268658
50,17,4,"b_tt_2",-0.263409957738514,0.0519222037595241
50,17,4,"b_tt_3",-0.229945872882592,16.9950561139809
50,17,4,"b_tt_4",-0.0823970539152459,0.0760273680536728
50,17,4,"b_tc_1",-3.52839448326888,0.120302938690684
50,17,4,"b_tc_2",-0.32055543283063,0.248345505806388
50,17,4,"b_tc_3",-0.967889568571648,9.26349080140978
50,17,4,"b_tc_4",-0.577201873729371,0.307265839677988
50,17,4,"b_hw_1",0.96125939606878,0.0500787640581482
50,17,4,"b_hw_2",-0.194969500401155,0.0101200663748088
50,17,4,"b_hw_3",-0.0797411790429399,2.49024410580852
50,17,4,"b_hw_4",-0.0150068566435829,0.0289460651402941
50,17,4,"b_ch_1",-45.5052735496005,0.83633233170491
50,17,4,"b_ch_2",-2.90278499658681,0.291693122498258
50,17,4,"b_ch_3",-4.56723227033958,114.438863182505
50,17,4,"b_ch_4",-0.447024236749294,1.37015279665677
50,17,4,"delta_1",0,NA
50,17,4,"delta_2",1.33192563630019,0.50966393322469
50,17,4,"delta_3",1.51682049247282,0.600320882675303
50,17,4,"delta_4",0.926693340710818,0.475275142170961
50,18,4,"b_tt_1",-168.762632641596,NA
50,18,4,"b_tt_2",-145.495920250769,NA
50,18,4,"b_tt_3",-0.0929586756828459,NA
50,18,4,"b_tt_4",-0.0857370000418588,NA
50,18,4,"b_tc_1",-674.263945800156,NA
50,18,4,"b_tc_2",-1069.46651340599,NA
50,18,4,"b_tc_3",-0.0844851070618226,NA
50,18,4,"b_tc_4",-0.255428555801424,NA
50,18,4,"b_hw_1",-3.73033873364421,NA
50,18,4,"b_hw_2",-37.2292052946443,NA
50,18,4,"b_hw_3",0.013773455705372,NA
50,18,4,"b_hw_4",-0.0896544037667888,NA
50,18,4,"b_ch_1",-918.570559457184,NA
50,18,4,"b_ch_2",-296.630341745449,NA
50,18,4,"b_ch_3",-0.666803475787935,NA
50,18,4,"b_ch_4",-2.00615058214796,NA
50,18,4,"delta_1",0,NA
50,18,4,"delta_2",-0.9978000016843,NA
50,18,4,"delta_3",-0.458901920450379,NA
50,18,4,"delta_4",0.652217594759069,NA
50,19,4,"b_tt_1",-22.1017567043043,NA
50,19,4,"b_tt_2",-0.764140931022229,NA
50,19,4,"b_tt_3",-0.58331372934643,NA
50,19,4,"b_tt_4",-0.0317469663074331,NA
50,19,4,"b_tc_1",39.8027826037727,NA
50,19,4,"b_tc_2",-2.5759021318133,NA
50,19,4,"b_tc_3",-3.10597508779272,NA
50,19,4,"b_tc_4",-0.0187328328452691,NA
50,19,4,"b_hw_1",-12.9676749515513,NA
50,19,4,"b_hw_2",-0.134082698373894,NA
50,19,4,"b_hw_3",-0.128358066178172,NA
50,19,4,"b_hw_4",-0.0488427441660723,NA
50,19,4,"b_ch_1",-676.679712063313,NA
50,19,4,"b_ch_2",-6.69228720538465,NA
50,19,4,"b_ch_3",-0.228726208298244,NA
50,19,4,"b_ch_4",-0.788606548342612,NA
50,19,4,"delta_1",0,NA
50,19,4,"delta_2",1.8498398709297,NA
50,19,4,"delta_3",0.510686977876083,NA
50,19,4,"delta_4",1.6009209654754,NA
50,20,4,"b_tt_1",-0.27620273727881,0.0849114492797998
50,20,4,"b_tt_2",-0.178361820191112,0.0310343785457179
50,20,4,"b_tt_3",-0.0721773652786732,0.0399709414273771
50,20,4,"b_tt_4",-0.0153251152278884,0.0759382414924093
50,20,4,"b_tc_1",-1.71770934475619,0.15008108786435
50,20,4,"b_tc_2",-0.0135637044084184,0.0823414090049274
50,20,4,"b_tc_3",0.0313968940679577,0.109658356705981
50,20,4,"b_tc_4",-0.0746735350962795,0.458674952730868
50,20,4,"b_hw_1",-0.0346153515450083,0.0189499310173862
50,20,4,"b_hw_2",-0.0202745227236237,0.025238538721732
50,20,4,"b_hw_3",-0.211778003142192,0.0967735207171605
50,20,4,"b_hw_4",-0.0844606291672308,0.0148755116434794
50,20,4,"b_ch_1",-1.75724175727889,0.519205007585424
50,20,4,"b_ch_2",-1.42959092980597,0.398869959371811
50,20,4,"b_ch_3",-5.24117029661509,2.23774027211987
50,20,4,"b_ch_4",-0.76578097271104,0.444915798406354
50,20,4,"delta_1",0,NA
50,20,4,"delta_2",-0.336517214049624,0.625999645304754
50,20,4,"delta_3",-0.000462871219096106,0.572825022502716
50,20,4,"delta_4",-0.203063647207466,0.573921101700099
30,1,4,"b_tt_1",-0.317562566625587,0.109323032990907
30,1,4,"b_tt_2",-0.274896332484485,0.151295505914068
30,1,4,"b_tt_3",-0.106365455697442,0.100165643597289
30,1,4,"b_tt_4",-0.0403616875418853,0.0820508673762888
30,1,4,"b_tc_1",-0.706411675954919,0.289242360267686
30,1,4,"b_tc_2",-3.65307959347724,1.7023932602878
30,1,4,"b_tc_3",-0.504449827171331,0.263864792229971
30,1,4,"b_tc_4",0.242539031907161,0.248812490693793
30,1,4,"b_hw_1",-0.0727893453686227,0.0791798059054123
30,1,4,"b_hw_2",-0.0559990652518396,0.0284073303139409
30,1,4,"b_hw_3",-0.16842821119746,0.0217155173659462
30,1,4,"b_hw_4",-0.013987970213185,0.0224004305855839
30,1,4,"b_ch_1",-2.80510530379618,1.97428527840317
30,1,4,"b_ch_2",-1.66706678719518,0.762593154486344
30,1,4,"b_ch_3",-4.87947283224538,0.530503709507368
30,1,4,"b_ch_4",-0.121380780678618,0.616063163789125
30,1,4,"delta_1",0,NA
30,1,4,"delta_2",-1.2547161390752,0.785641828950879
30,1,4,"delta_3",-0.695360956074657,0.817701075226192
30,1,4,"delta_4",-1.50871994778088,0.81539103097402
30,2,4,"b_tt_1",-241.592749613402,NA
30,2,4,"b_tt_2",-0.284364462302129,NA
30,2,4,"b_tt_3",-0.224789585681257,NA
30,2,4,"b_tt_4",-0.0664530026527921,NA
30,2,4,"b_tc_1",-447.810287974673,NA
30,2,4,"b_tc_2",-1.59632143089589,NA
30,2,4,"b_tc_3",-1.50883247891311,NA
30,2,4,"b_tc_4",0.0600129799763,NA
30,2,4,"b_hw_1",-65.5751188653388,NA
30,2,4,"b_hw_2",-0.10204615437524,NA
30,2,4,"b_hw_3",-0.108146646099756,NA
30,2,4,"b_hw_4",-0.0337007730326221,NA
30,2,4,"b_ch_1",-3246.55122676083,NA
30,2,4,"b_ch_2",-2.95380395663938,NA
30,2,4,"b_ch_3",0.638796912369319,NA
30,2,4,"b_ch_4",-0.861590716642573,NA
30,2,4,"delta_1",0,NA
30,2,4,"delta_2",1.25242806552815,NA
30,2,4,"delta_3",0.293249390000675,NA
30,2,4,"delta_4",0.497510363331507,NA
30,3,4,"b_tt_1",-127.674960659273,NA
30,3,4,"b_tt_2",-0.625646679098122,NA
30,3,4,"b_tt_3",-0.23271549162327,NA
30,3,4,"b_tt_4",-0.0340735647189729,NA
30,3,4,"b_tc_1",-492.632415881981,NA
30,3,4,"b_tc_2",-3.93520970332693,NA
30,3,4,"b_tc_3",-0.23965302582649,NA
30,3,4,"b_tc_4",-0.153225991042992,NA
30,3,4,"b_hw_1",-84.9380912902856,NA
30,3,4,"b_hw_2",-0.0646567269181027,NA
30,3,4,"b_hw_3",-0.0499868723708734,NA
30,3,4,"b_hw_4",-0.067109963320998,NA
30,3,4,"b_ch_1",-1526.58936611189,NA
30,3,4,"b_ch_2",-2.55277879220335,NA
30,3,4,"b_ch_3",-1.82117521540679,NA
30,3,4,"b_ch_4",-3.41087031654191,NA
30,3,4,"delta_1",0,NA
30,3,4,"delta_2",0.494087946420516,NA
30,3,4,"delta_3",0.395380703403438,NA
30,3,4,"delta_4",0.53823393478901,NA
30,4,4,"b_tt_1",-45.7798284154407,NA
30,4,4,"b_tt_2",-16.2542088952807,NA
30,4,4,"b_tt_3",-0.773183775271819,NA
30,4,4,"b_tt_4",-0.0833507515564149,NA
30,4,4,"b_tc_1",-358.981764933413,NA
30,4,4,"b_tc_2",-79.4007918369353,NA
30,4,4,"b_tc_3",-1.39520231082125,NA
30,4,4,"b_tc_4",-0.173672803014589,NA
30,4,4,"b_hw_1",-9.62015718267543,NA
30,4,4,"b_hw_2",-0.319643819702785,NA
30,4,4,"b_hw_3",-0.270718621155215,NA
30,4,4,"b_hw_4",-0.0371381374091262,NA
30,4,4,"b_ch_1",-570.304730377569,NA
30,4,4,"b_ch_2",-1225.43414539036,NA
30,4,4,"b_ch_3",-11.9330076582617,NA
30,4,4,"b_ch_4",-1.13142010938763,NA
30,4,4,"delta_1",0,NA
30,4,4,"delta_2",0.117400103032388,NA
30,4,4,"delta_3",0.419922134465979,NA
30,4,4,"delta_4",0.487697458112298,NA
30,5,4,"b_tt_1",-72.1129379810491,NA
30,5,4,"b_tt_2",-4.60529661958647,NA
30,5,4,"b_tt_3",-0.0224306556054699,NA
30,5,4,"b_tt_4",37.1107051034204,NA
30,5,4,"b_tc_1",-602.11332478363,NA
30,5,4,"b_tc_2",-11.8846442872893,NA
30,5,4,"b_tc_3",-0.165044641807145,NA
30,5,4,"b_tc_4",317.28035840465,NA
30,5,4,"b_hw_1",-98.231973932599,NA
30,5,4,"b_hw_2",-3.52619584385015,NA
30,5,4,"b_hw_3",-0.0272313150267372,NA
30,5,4,"b_hw_4",-43.2342712312298,NA
30,5,4,"b_ch_1",-1223.74785124709,NA
30,5,4,"b_ch_2",-95.2697279452938,NA
30,5,4,"b_ch_3",-0.757868442335654,NA
30,5,4,"b_ch_4",-38.8846535624671,NA
30,5,4,"delta_1",0,NA
30,5,4,"delta_2",-0.474545546601405,NA
30,5,4,"delta_3",-0.493838104946943,NA
30,5,4,"delta_4",-1.75956168350256,NA
30,6,4,"b_tt_1",-19.4677484084625,NA
30,6,4,"b_tt_2",-1.58802602757736,NA
30,6,4,"b_tt_3",-0.462149220899384,NA
30,6,4,"b_tt_4",-0.392641062726956,NA
30,6,4,"b_tc_1",-71.6416111848417,NA
30,6,4,"b_tc_2",-10.3990863659892,NA
30,6,4,"b_tc_3",-0.745091446326996,NA
30,6,4,"b_tc_4",-1.32070190064575,NA
30,6,4,"b_hw_1",-25.7782983064283,NA
30,6,4,"b_hw_2",0.0187620472185817,NA
30,6,4,"b_hw_3",-0.0272111215607443,NA
30,6,4,"b_hw_4",-0.27411986156557,NA
30,6,4,"b_ch_1",-103.175333420546,NA
30,6,4,"b_ch_2",-8.5190909111841,NA
30,6,4,"b_ch_3",-3.46927757324278,NA
30,6,4,"b_ch_4",-6.24673976783331,NA
30,6,4,"delta_1",0,NA
30,6,4,"delta_2",0.783237974485872,NA
30,6,4,"delta_3",1.51200671130545,NA
30,6,4,"delta_4",1.18398354402091,NA
30,7,4,"b_tt_1",-5.24254086695253,NA
30,7,4,"b_tt_2",-0.14536209035213,NA
30,7,4,"b_tt_3",-0.0797597433130915,NA
30,7,4,"b_tt_4",-0.0252455383357141,NA
30,7,4,"b_tc_1",-39.2608249795536,NA
30,7,4,"b_tc_2",-1.19319770062071,NA
30,7,4,"b_tc_3",0.183747431820697,NA
30,7,4,"b_tc_4",0.265368189319985,NA
30,7,4,"b_hw_1",-9.51887855115204,NA
30,7,4,"b_hw_2",-0.0272648391816617,NA
30,7,4,"b_hw_3",-0.043585346917584,NA
30,7,4,"b_hw_4",-0.130864575334439,NA
30,7,4,"b_ch_1",-90.2629084190735,NA
30,7,4,"b_ch_2",-1.92296669002479,NA
30,7,4,"b_ch_3",-1.26815148870946,NA
30,7,4,"b_ch_4",-4.59871200725867,NA
30,7,4,"delta_1",0,NA
30,7,4,"delta_2",1.08582153600467,NA
30,7,4,"delta_3",0.573208970439547,NA
30,7,4,"delta_4",0.429752145632433,NA
30,8,4,"b_tt_1",-0.341495109717896,NA
30,8,4,"b_tt_2",-0.191293918117443,NA
30,8,4,"b_tt_3",-0.144391110732531,NA
30,8,4,"b_tt_4",-0.00225454057672333,NA
30,8,4,"b_tc_1",-0.464843205920975,NA
30,8,4,"b_tc_2",-0.95498579527479,NA
30,8,4,"b_tc_3",-0.233944450338836,NA
30,8,4,"b_tc_4",0.100977776625231,NA
30,8,4,"b_hw_1",-0.029466345083829,NA
30,8,4,"b_hw_2",0.00206672832439105,NA
30,8,4,"b_hw_3",-0.0512649180108124,NA
30,8,4,"b_hw_4",-257.431950115366,NA
30,8,4,"b_ch_1",-2.26930821841659,NA
30,8,4,"b_ch_2",-0.506580790702195,NA
30,8,4,"b_ch_3",-729.376095660703,NA
30,8,4,"b_ch_4",-0.817246576648103,NA
30,8,4,"delta_1",0,NA
30,8,4,"delta_2",-0.500440813366876,NA
30,8,4,"delta_3",0.0392476232716514,NA
30,8,4,"delta_4",-0.375519942276144,NA
30,9,4,"b_tt_1",-1.29761311568046,NA
30,9,4,"b_tt_2",-1.2407565954403,NA
30,9,4,"b_tt_3",-0.078202761617339,NA
30,9,4,"b_tt_4",0.4032887690136,NA
30,9,4,"b_tc_1",-4.52319904412754,NA
30,9,4,"b_tc_2",-1.80079869651711,NA
30,9,4,"b_tc_3",-0.655114189784643,NA
30,9,4,"b_tc_4",39.7493471857377,NA
30,9,4,"b_hw_1",-0.0689640804200903,NA
30,9,4,"b_hw_2",-0.557842019333333,NA
30,9,4,"b_hw_3",-0.0172535505039354,NA
30,9,4,"b_hw_4",-6.83159717738945,NA
30,9,4,"b_ch_1",-51.4908974434795,NA
30,9,4,"b_ch_2",-9.73579558859524,NA
30,9,4,"b_ch_3",-0.531077683176727,NA
30,9,4,"b_ch_4",-122.292916999089,NA
30,9,4,"delta_1",0,NA
30,9,4,"delta_2",-0.0370980946993443,NA
30,9,4,"delta_3",-0.167643387921386,NA
30,9,4,"delta_4",-0.667779912220967,NA
30,10,4,"b_tt_1",-49.3602024045929,NA
30,10,4,"b_tt_2",-0.31321438862527,NA
30,10,4,"b_tt_3",-0.113687312063709,NA
30,10,4,"b_tt_4",-0.0355314970631054,NA
30,10,4,"b_tc_1",-160.873064708749,NA
30,10,4,"b_tc_2",-2.65114989816006,NA
30,10,4,"b_tc_3",0.412628936085439,NA
30,10,4,"b_tc_4",-0.0939625602154611,NA
30,10,4,"b_hw_1",-0.268566880796866,NA
30,10,4,"b_hw_2",-0.171494153956539,NA
30,10,4,"b_hw_3",-0.0781499299469821,NA
30,10,4,"b_hw_4",-0.0356541798208062,NA
30,10,4,"b_ch_1",-1713.44081899967,NA
30,10,4,"b_ch_2",-2.86399980347759,NA
30,10,4,"b_ch_3",-2.96810487323377,NA
30,10,4,"b_ch_4",-0.0243658916652879,NA
30,10,4,"delta_1",0,NA
30,10,4,"delta_2",0.145960070043468,NA
30,10,4,"delta_3",0.118812636453115,NA
30,10,4,"delta_4",-0.0971299900793814,NA
30,11,4,"b_tt_1",-1.04081827678835,0.677581808642618
30,11,4,"b_tt_2",-0.949207187210466,0.132649349128948
30,11,4,"b_tt_3",-0.316847069860293,0.0266784617292883
30,11,4,"b_tt_4",-0.0184716162764022,0.485436457277808
30,11,4,"b_tc_1",-3.5610252979442,3.94060936512104
30,11,4,"b_tc_2",-5.36800543948302,1.09698396431746
30,11,4,"b_tc_3",-2.71892182997852,0.109637024351222
30,11,4,"b_tc_4",0.359090186964673,1.74308971539649
30,11,4,"b_hw_1",-0.243452789226932,0.0291374666021271
30,11,4,"b_hw_2",0.0339117417587983,0.0480818480562427
30,11,4,"b_hw_3",-0.120411719085364,0.0143567438097863
30,11,4,"b_hw_4",-0.054871149856322,0.142142111075807
30,11,4,"b_ch_1",-4.40264148913371,0.933267459004839
30,11,4,"b_ch_2",1.09833942527498,0.633189376190426
30,11,4,"b_ch_3",0.380003797967223,0.36116200398013
30,11,4,"b_ch_4",-1.76886274471071,2.03095338782025
30,11,4,"delta_1",0,NA
30,11,4,"delta_2",-1.27224903491621,0.860402560181246
30,11,4,"delta_3",-0.26559790441761,0.78683751942628
30,11,4,"delta_4",0.734878785565134,0.858547473535344
30,12,4,"b_tt_1",-29.7417055633703,NA
30,12,4,"b_tt_2",-2.47005390348221,NA
30,12,4,"b_tt_3",-0.143894620116829,NA
30,12,4,"b_tt_4",-0.0338427057398532,NA
30,12,4,"b_tc_1",-32.2367411485571,NA
30,12,4,"b_tc_2",-4.61552356866516,NA
30,12,4,"b_tc_3",-0.299504485028729,NA
30,12,4,"b_tc_4",-0.37135848336137,NA
30,12,4,"b_hw_1",5.66713664268571,NA
30,12,4,"b_hw_2",-0.523370669264337,NA
30,12,4,"b_hw_3",-0.0617980511487169,NA
30,12,4,"b_hw_4",-0.015936298652696,NA
30,12,4,"b_ch_1",-240.176344671514,NA
30,12,4,"b_ch_2",2.11798319799607,NA
30,12,4,"b_ch_3",-371.690562768944,NA
30,12,4,"b_ch_4",-0.900841158989803,NA
30,12,4,"delta_1",0,NA
30,12,4,"delta_2",-0.00416285283578022,NA
30,12,4,"delta_3",1.23119027154049,NA
30,12,4,"delta_4",1.06825372170191,NA
30,13,4,"b_tt_1",-437.688790288617,NA
30,13,4,"b_tt_2",-63.9283784451437,NA
30,13,4,"b_tt_3",-0.14065407195179,NA
30,13,4,"b_tt_4",-0.0531379310224526,NA
30,13,4,"b_tc_1",-1729.14705677839,NA
30,13,4,"b_tc_2",1404.17618678722,NA
30,13,4,"b_tc_3",-0.509256476378252,NA
30,13,4,"b_tc_4",-0.0840573700601618,NA
30,13,4,"b_hw_1",-8.77073925836211,NA
30,13,4,"b_hw_2",-141.28505785131,NA
30,13,4,"b_hw_3",-0.377752802272364,NA
30,13,4,"b_hw_4",-0.0184425863438445,NA
30,13,4,"b_ch_1",-2342.00532425699,NA
30,13,4,"b_ch_2",-4594.09862619485,NA
30,13,4,"b_ch_3",-8.02873475754194,NA
30,13,4,"b_ch_4",-0.45122361136554,NA
30,13,4,"delta_1",0,NA
30,13,4,"delta_2",0.456306836279477,NA
30,13,4,"delta_3",1.07280884442357,NA
30,13,4,"delta_4",0.782640746136047,NA
30,14,4,"b_tt_1",-0.420725658939414,NA
30,14,4,"b_tt_2",-0.0969979654758235,NA
30,14,4,"b_tt_3",0.0327160696313415,NA
30,14,4,"b_tt_4",159.048759694261,NA
30,14,4,"b_tc_1",-2.9804664753829,NA
30,14,4,"b_tc_2",-0.177190393317655,NA
30,14,4,"b_tc_3",0.346982256494343,NA
30,14,4,"b_tc_4",-3983.72068716281,NA
30,14,4,"b_hw_1",0.024497341314907,NA
30,14,4,"b_hw_2",-0.0553216333491935,NA
30,14,4,"b_hw_3",-0.0940717239673715,NA
30,14,4,"b_hw_4",-53.8054425685916,NA
30,14,4,"b_ch_1",-0.166616682006921,NA
30,14,4,"b_ch_2",-0.677758444191862,NA
30,14,4,"b_ch_3",-2.77343103993178,NA
30,14,4,"b_ch_4",-12909.3393156279,NA
30,14,4,"delta_1",0,NA
30,14,4,"delta_2",1.0622940518367,NA
30,14,4,"delta_3",0.728310064050054,NA
30,14,4,"delta_4",0.406128690166481,NA
30,15,4,"b_tt_1",-18.2549063547327,NA
30,15,4,"b_tt_2",-17.1432785713163,NA
30,15,4,"b_tt_3",-0.175394321597037,NA
30,15,4,"b_tt_4",-0.148135051452361,NA
30,15,4,"b_tc_1",-298.980439539722,NA
30,15,4,"b_tc_2",-31.5859784681712,NA
30,15,4,"b_tc_3",-0.329696072935566,NA
30,15,4,"b_tc_4",-1.23810144318981,NA
30,15,4,"b_hw_1",-26.3053213041974,NA
30,15,4,"b_hw_2",-29.7050513176534,NA
30,15,4,"b_hw_3",-0.0412790200910009,NA
30,15,4,"b_hw_4",-0.0225610263305402,NA
30,15,4,"b_ch_1",-280.725586082269,NA
30,15,4,"b_ch_2",520.533937544838,NA
30,15,4,"b_ch_3",-1.7972923596787,NA
30,15,4,"b_ch_4",-0.549921485569554,NA
30,15,4,"delta_1",0,NA
30,15,4,"delta_2",-0.977347141517718,NA
30,15,4,"delta_3",0.956498229048214,NA
30,15,4,"delta_4",0.515253064353062,NA
30,16,4,"b_tt_1",-9.82478663033462,NA
30,16,4,"b_tt_2",-0.215028479815537,NA
30,16,4,"b_tt_3",-0.162321589653225,NA
30,16,4,"b_tt_4",20.0599981592184,NA
30,16,4,"b_tc_1",-29.2432843865335,NA
30,16,4,"b_tc_2",-0.460198555663272,NA
30,16,4,"b_tc_3",-0.630628141150138,NA
30,16,4,"b_tc_4",18.4956281380637,NA
30,16,4,"b_hw_1",-13.7277726459335,NA
30,16,4,"b_hw_2",-0.0174661471865321,NA
30,16,4,"b_hw_3",-0.059548926207307,NA
30,16,4,"b_hw_4",19.9902610112431,NA
30,16,4,"b_ch_1",-46.8308495331009,NA
30,16,4,"b_ch_2",-0.51205468041645,NA
30,16,4,"b_ch_3",-2.40067284917144,NA
30,16,4,"b_ch_4",-192.57802876955,NA
30,16,4,"delta_1",0,NA
30,16,4,"delta_2",0.025026248240201,NA
30,16,4,"delta_3",0.880080374738941,NA
30,16,4,"delta_4",-1.87752657388724,NA
30,17,4,"b_tt_1",-52.6860171863766,NA
30,17,4,"b_tt_2",-0.684649555352401,NA
30,17,4,"b_tt_3",-0.0272835901263569,NA
30,17,4,"b_tt_4",0.369195742757454,NA
30,17,4,"b_tc_1",-79.2022286397481,NA
30,17,4,"b_tc_2",-1.45856744069063,NA
30,17,4,"b_tc_3",0.247314627104006,NA
30,17,4,"b_tc_4",-49.9338646807893,NA
30,17,4,"b_hw_1",-29.433361914979,NA
30,17,4,"b_hw_2",-0.303948118336612,NA
30,17,4,"b_hw_3",-0.0304846852744804,NA
30,17,4,"b_hw_4",-1.12617425324374,NA
30,17,4,"b_ch_1",-560.225775113189,NA
30,17,4,"b_ch_2",-79.9827398767891,NA
30,17,4,"b_ch_3",-0.18363469220504,NA
30,17,4,"b_ch_4",-51.3256587438471,NA
30,17,4,"delta_1",0,NA
30,17,4,"delta_2",0.333719492229133,NA
30,17,4,"delta_3",-0.109714704012162,NA
30,17,4,"delta_4",-0.381799827358899,NA
30,18,4,"b_tt_1",-81.2709108489811,NA
30,18,4,"b_tt_2",-26.089191554635,NA
30,18,4,"b_tt_3",-0.0945939715378487,NA
30,18,4,"b_tt_4",-0.085879941639202,NA
30,18,4,"b_tc_1",-522.768435238358,NA
30,18,4,"b_tc_2",-0.519214952699109,NA
30,18,4,"b_tc_3",-0.27398524655526,NA
30,18,4,"b_tc_4",-0.234880049267555,NA
30,18,4,"b_hw_1",-14.2036258784774,NA
30,18,4,"b_hw_2",3.54022106935032,NA
30,18,4,"b_hw_3",0.0420717713306282,NA
30,18,4,"b_hw_4",-0.0800750093551759,NA
30,18,4,"b_ch_1",-458.911065216962,NA
30,18,4,"b_ch_2",-129.869385345666,NA
30,18,4,"b_ch_3",-1.05961234267739,NA
30,18,4,"b_ch_4",-2.3706562512372,NA
30,18,4,"delta_1",0,NA
30,18,4,"delta_2",-1.0779156015754,NA
30,18,4,"delta_3",-1.24446856184057,NA
30,18,4,"delta_4",0.669131742106667,NA
30,19,4,"b_tt_1",-26.949004958701,NA
30,19,4,"b_tt_2",-20.5719418439467,NA
30,19,4,"b_tt_3",-0.796642573027068,NA
30,19,4,"b_tt_4",-0.0278098964660715,NA
30,19,4,"b_tc_1",43.783211726949,NA
30,19,4,"b_tc_2",-103.552891133791,NA
30,19,4,"b_tc_3",-2.70978709238205,NA
30,19,4,"b_tc_4",0.0461518077949661,NA
30,19,4,"b_hw_1",-14.5449671068482,NA
30,19,4,"b_hw_2",0.623090470906172,NA
30,19,4,"b_hw_3",-0.116531400713267,NA
30,19,4,"b_hw_4",-0.0627199211275875,NA
30,19,4,"b_ch_1",-773.760752607201,NA
30,19,4,"b_ch_2",14.4911606187962,NA
30,19,4,"b_ch_3",-6.39390339084523,NA
30,19,4,"b_ch_4",-1.28996719577817,NA
30,19,4,"delta_1",0,NA
30,19,4,"delta_2",-0.432775426642888,NA
30,19,4,"delta_3",1.37800631660054,NA
30,19,4,"delta_4",1.41768488145806,NA
30,20,4,"b_tt_1",-1.35063894520997,0.426340307861677
30,20,4,"b_tt_2",-0.0885029753314373,1.17900745467209
30,20,4,"b_tt_3",-0.0818546910522776,0.0441871495657436
30,20,4,"b_tt_4",0.676743668880333,0.0380757620855387
30,20,4,"b_tc_1",-4.79778735452998,0.405752919913079
30,20,4,"b_tc_2",0.171104654577878,4.16923994618414
30,20,4,"b_tc_3",-0.306172111477122,0.15393637395497
30,20,4,"b_tc_4",0.625478861503371,0.122932282712557
30,20,4,"b_hw_1",-0.251549269377867,0.331289545292819
30,20,4,"b_hw_2",-0.0111599187273667,0.225376725805522
30,20,4,"b_hw_3",-0.129123268501424,0.0447587107090096
30,20,4,"b_hw_4",-0.624690538590822,0.0131879233921766
30,20,4,"b_ch_1",-8.24748445037828,0.787980640217255
30,20,4,"b_ch_2",-1.22468495719776,9.03085949843449
30,20,4,"b_ch_3",-3.12681495790852,0.918736577819274
30,20,4,"b_ch_4",-0.69733937567913,0.359523299277669
30,20,4,"delta_1",0,NA
30,20,4,"delta_2",0.451475074279223,0.767925965844208
30,20,4,"delta_3",0.438144287975138,0.698603715424627
30,20,4,"delta_4",-0.221647056381533,0.617706338052804
25,1,1,"b_tt_1",-0.0596950163290957,0.018417525373184
25,1,1,"b_tc_1",-0.0531173713452897,0.074508946945222
25,1,1,"b_hw_1",-0.0435474329460107,0.00863459023633239
25,1,1,"b_ch_1",-1.43611483879812,0.193712217725694
25,1,2,"b_tt_1",-0.178893889000091,0.0610183447476662
25,1,2,"b_tt_2",-0.0261627463620378,0.0478480718938345
25,1,2,"b_tc_1",0.185894701266021,0.400611550593829
25,1,2,"b_tc_2",-0.772155559518021,0.127294233115654
25,1,2,"b_hw_1",-0.0827473275053917,0.0154823041157521
25,1,2,"b_hw_2",-0.0406651620725665,0.0202729122536535
25,1,2,"b_ch_1",-2.30564288829553,0.414839042400663
25,1,2,"b_ch_2",-1.88719228153131,0.475442362317206
25,1,2,"delta_1",0,NA
25,1,2,"delta_2",-0.296986023151729,0.493885596909086
25,1,3,"b_tt_1",-0.507177138415544,0.15650360472946
25,1,3,"b_tt_2",-0.209866287185712,0.123475721352269
25,1,3,"b_tt_3",-0.104323711435526,0.108501907314168
25,1,3,"b_tc_1",-1.66666655002317,0.613603256635648
25,1,3,"b_tc_2",-2.61392628730012,0.259452182467418
25,1,3,"b_tc_3",0.151516048719539,1.09223566563229
25,1,3,"b_hw_1",-0.121198119450534,0.0365165676424277
25,1,3,"b_hw_2",-0.036565711321799,0.0417475823385766
25,1,3,"b_hw_3",-0.056161679082724,0.0180096667862301
25,1,3,"b_ch_1",-3.85402545769459,0.945863214612713
25,1,3,"b_ch_2",-1.64658448803026,0.961354222360807
25,1,3,"b_ch_3",-0.283840088090806,0.579719226710788
25,1,3,"delta_1",0,NA
25,1,3,"delta_2",-1.10874677754463,0.833611364444686
25,1,3,"delta_3",-1.87916921743651,0.545450841468315
25,1,4,"b_tt_1",-0.482846910065336,NA
25,1,4,"b_tt_2",-0.245295048571469,NA
25,1,4,"b_tt_3",-0.119669196497681,NA
25,1,4,"b_tt_4",37.5528898933907,NA
25,1,4,"b_tc_1",-1.58218955026777,NA
25,1,4,"b_tc_2",-4.4622156926185,NA
25,1,4,"b_tc_3",0.124844219553036,NA
25,1,4,"b_tc_4",68.441230879638,NA
25,1,4,"b_hw_1",-0.116954482385886,NA
25,1,4,"b_hw_2",-0.0640120146208775,NA
25,1,4,"b_hw_3",-0.0549825405044529,NA
25,1,4,"b_hw_4",-1.81711824143385,NA
25,1,4,"b_ch_1",-3.68680417209599,NA
25,1,4,"b_ch_2",-5.2364754971472,NA
25,1,4,"b_ch_3",-0.247688184152537,NA
25,1,4,"b_ch_4",-90.8896350642904,NA
25,1,4,"delta_1",0,NA
25,1,4,"delta_2",-1.77848238386648,NA
25,1,4,"delta_3",-1.88257220243444,NA
25,1,4,"delta_4",-1.53709109473109,NA
25,2,1,"b_tt_1",-0.0555908632410464,0.0200038971386131
25,2,1,"b_tc_1",-0.0627394943138734,0.0677121219088006
25,2,1,"b_hw_1",-0.0408541188290895,0.00711412865552873
25,2,1,"b_ch_1",-1.01667069819385,0.160367846048615
25,2,2,"b_tt_1",-0.347154493672377,0.128103279468978
25,2,2,"b_tt_2",-0.0350913250005945,0.0276355668250371
25,2,2,"b_tc_1",-2.25337588430323,0.806951311434895
25,2,2,"b_tc_2",0.0773667236724756,0.0881788104354401
25,2,2,"b_hw_1",-0.0653049491533749,0.0208201746785703
25,2,2,"b_hw_2",-0.0542767344007379,0.0146947241989897
25,2,2,"b_ch_1",-2.21065852524547,0.638854075680958
25,2,2,"b_ch_2",-0.674020620924363,0.29205212002104
25,2,2,"delta_1",0,NA
25,2,2,"delta_2",-0.193481334679198,0.546670124453128
25,2,3,"b_tt_1",-0.363382627177924,0.110743542725226
25,2,3,"b_tt_2",-0.356718197171875,0.058171453928213
25,2,3,"b_tt_3",-0.0706962443116747,0.215841990541952
25,2,3,"b_tc_1",-0.0617287929086112,0.69041622511448
25,2,3,"b_tc_2",-2.31282443644391,0.289022733941619
25,2,3,"b_tc_3",-0.431016334134583,0.142430787677029
25,2,3,"b_hw_1",-0.175747361406693,0.0200377847418155
25,2,3,"b_hw_2",-0.0516439735913059,0.0245538848514835
25,2,3,"b_hw_3",-0.084408479904259,0.0937717952711382
25,2,3,"b_ch_1",-4.24909249549231,0.531897005301035
25,2,3,"b_ch_2",-1.96803854866753,0.37768048746724
25,2,3,"b_ch_3",0.0652527410984485,2.16795873689096
25,2,3,"delta_1",0,NA
25,2,3,"delta_2",0.423193654456124,0.569116515928854
25,2,3,"delta_3",-0.0365141503463867,0.667492943812637
25,2,4,"b_tt_1",-43.202162515814,NA
25,2,4,"b_tt_2",-0.366550673504478,NA
25,2,4,"b_tt_3",-0.334508018431708,NA
25,2,4,"b_tt_4",-0.0668285309483949,NA
25,2,4,"b_tc_1",-231.692379998277,NA
25,2,4,"b_tc_2",-0.073113122369927,NA
25,2,4,"b_tc_3",-2.10576475508344,NA
25,2,4,"b_tc_4",-0.403849950068099,NA
25,2,4,"b_hw_1",-12.0609161522299,NA
25,2,4,"b_hw_2",-0.1744222344894,NA
25,2,4,"b_hw_3",-0.0372870523527295,NA
25,2,4,"b_hw_4",-0.0770069669302979,NA
25,2,4,"b_ch_1",-401.107472016992,NA
25,2,4,"b_ch_2",-4.1124819807369,NA
25,2,4,"b_ch_3",-1.39561982142114,NA
25,2,4,"b_ch_4",0.114932399969692,NA
25,2,4,"delta_1",0,NA
25,2,4,"delta_2",0.00604660717487718,NA
25,2,4,"delta_3",0.208651832594703,NA
25,2,4,"delta_4",0.0155899267562464,NA
25,3,1,"b_tt_1",-0.0536952246261983,0.0185552974389816
25,3,1,"b_tc_1",-0.108148459928725,0.0449307401806086
25,3,1,"b_hw_1",-0.0425000509056041,0.00827954215926878
25,3,1,"b_ch_1",-1.51851808400333,0.21015820588097
25,3,2,"b_tt_1",-0.242467830604215,0.0217771356554598
25,3,2,"b_tt_2",-0.00918532714473763,0.0869142065219874
25,3,2,"b_tc_1",-0.262579383311862,0.0566754390741322
25,3,2,"b_tc_2",-0.120436457884459,0.128319108008814
25,3,2,"b_hw_1",-0.0796124770503827,0.0136934277682479
25,3,2,"b_hw_2",-0.0487299558926592,0.0339871798163788
25,3,2,"b_ch_1",-1.81230861676553,0.417988426359949
25,3,2,"b_ch_2",-2.18699980429385,0.607745859232833
25,3,2,"delta_1",0,NA
25,3,2,"delta_2",0.827201025933024,0.648571857025256
25,3,3,"b_tt_1",-0.326624373990159,0.0826609923964736
25,3,3,"b_tt_2",-0.250230414452298,0.102799552508416
25,3,3,"b_tt_3",-0.12611926991203,0.168360309933889
25,3,3,"b_tc_1",-2.96516243549958,0.126151340139221
25,3,3,"b_tc_2",-0.270156930824565,0.192111198585311
25,3,3,"b_tc_3",-0.285705774950628,1.47160928892803
25,3,3,"b_hw_1",-0.0747636940795613,0.0300256960775126
25,3,3,"b_hw_2",-0.0782938574664787,0.0610879366990918
25,3,3,"b_hw_3",-0.0716812615746388,0.0235709556528341
25,3,3,"b_ch_1",-2.8430702508916,0.589754271524081
25,3,3,"b_ch_2",-1.87445454242608,1.80772577027075
25,3,3,"b_ch_3",-3.77315242839862,0.915811596206943
25,3,3,"delta_1",0,NA
25,3,3,"delta_2",-0.18348394137337,0.777549409441728
25,3,3,"delta_3",-0.12685929974164,0.665789444764823
25,3,4,"b_tt_1",-1.23864450165322,NA
25,3,4,"b_tt_2",-0.385367549943301,NA
25,3,4,"b_tt_3",-0.378249908015291,NA
25,3,4,"b_tt_4",-0.237272241166363,NA
25,3,4,"b_tc_1",-2.5154034714789,NA
25,3,4,"b_tc_2",-1.11629030339308,NA
25,3,4,"b_tc_3",-3.41786330338391,NA
25,3,4,"b_tc_4",-0.253946426109518,NA
25,3,4,"b_hw_1",-0.0381931383604649,NA
25,3,4,"b_hw_2",-0.354065482800016,NA
25,3,4,"b_hw_3",-0.0741184538545414,NA
25,3,4,"b_hw_4",-0.0698512053079401,NA
25,3,4,"b_ch_1",-48.8208113801085,NA
25,3,4,"b_ch_2",-7.28429028533933,NA
25,3,4,"b_ch_3",-3.1016118710177,NA
25,3,4,"b_ch_4",-1.81077984406531,NA
25,3,4,"delta_1",0,NA
25,3,4,"delta_2",0.356379102606002,NA
25,3,4,"delta_3",0.682086971497545,NA
25,3,4,"delta_4",0.560583585733093,NA
25,4,1,"b_tt_1",-0.13730888651361,0.0261109406497168
25,4,1,"b_tc_1",-0.407084727437587,0.0953722136368599
25,4,1,"b_hw_1",-0.0473346573709154,0.00908899306647414
25,4,1,"b_ch_1",-2.06483168425109,0.267715011516123
25,4,2,"b_tt_1",-185.722658670188,NA
25,4,2,"b_tt_2",-0.140940953971992,NA
25,4,2,"b_tc_1",-1171.23124833143,NA
25,4,2,"b_tc_2",-0.330709196494981,NA
25,4,2,"b_hw_1",-27.6437729617709,NA
25,4,2,"b_hw_2",-0.0600808767746508,NA
25,4,2,"b_ch_1",-7042.81117978478,NA
25,4,2,"b_ch_2",-1.93490157289531,NA
25,4,2,"delta_1",0,NA
25,4,2,"delta_2",0.75607492711001,NA
25,4,3,"b_tt_1",-192.415105238925,NA
25,4,3,"b_tt_2",-0.520542256056671,NA
25,4,3,"b_tt_3",-0.123701275128,NA
25,4,3,"b_tc_1",-1213.82062361485,NA
25,4,3,"b_tc_2",-1.36164332744062,NA
25,4,3,"b_tc_3",-0.272037067166734,NA
25,4,3,"b_hw_1",-28.5764372346228,NA
25,4,3,"b_hw_2",-0.225366627556579,NA
25,4,3,"b_hw_3",-0.0463212899824558,NA
25,4,3,"b_ch_1",-2937.84073166228,NA
25,4,3,"b_ch_2",-9.13442521115219,NA
25,4,3,"b_ch_3",-1.42218165909439,NA
25,4,3,"delta_1",0,NA
25,4,3,"delta_2",0.112620919589349,NA
25,4,3,"delta_3",0.314186996706642,NA
25,4,4,"b_tt_1",-129.028433300138,NA
25,4,4,"b_tt_2",-48.6098211494999,NA
25,4,4,"b_tt_3",-1.8295120705265,NA
25,4,4,"b_tt_4",-0.125132234284734,NA
25,4,4,"b_tc_1",-813.508966568295,NA
25,4,4,"b_tc_2",-30.0420390092549,NA
25,4,4,"b_tc_3",-5.18427931523331,NA
25,4,4,"b_tc_4",-0.422146039252901,NA
25,4,4,"b_hw_1",-19.1588414659479,NA
25,4,4,"b_hw_2",-47.9943362163249,NA
25,4,4,"b_hw_3",-0.418620051286477,NA
25,4,4,"b_hw_4",-0.0151427899584791,NA
25,4,4,"b_ch_1",-12661.3373248866,NA
25,4,4,"b_ch_2",-961.125098770554,NA
25,4,4,"b_ch_3",-18.1423060011275,NA
25,4,4,"b_ch_4",-0.864318799797847,NA
25,4,4,"delta_1",0,NA
25,4,4,"delta_2",-1.28827950276679,NA
25,4,4,"delta_3",0.172964998526248,NA
25,4,4,"delta_4",-0.290730434770813,NA
25,5,1,"b_tt_1",-0.0976607061834565,0.0290372007541524
25,5,1,"b_tc_1",-0.385347828231683,0.107340510657045
25,5,1,"b_hw_1",-0.0617075352510526,0.0100840026329173
25,5,1,"b_ch_1",-1.47729194641891,0.211966728044836
25,5,2,"b_tt_1",-89.2235013368046,NA
25,5,2,"b_tt_2",-0.0523520715832094,NA
25,5,2,"b_tc_1",-286.711713556199,NA
25,5,2,"b_tc_2",-0.246370049571922,NA
25,5,2,"b_hw_1",-33.559885417246,NA
25,5,2,"b_hw_2",-0.0481928541654262,NA
25,5,2,"b_ch_1",-917.766643363941,NA
25,5,2,"b_ch_2",-0.840714411388098,NA
25,5,2,"delta_1",0,NA
25,5,2,"delta_2",0.0779751131298474,NA
25,5,3,"b_tt_1",-94.0138346919953,NA
25,5,3,"b_tt_2",-21.8387598983902,NA
25,5,3,"b_tt_3",-0.152608740015776,NA
25,5,3,"b_tc_1",-301.995288683943,NA
25,5,3,"b_tc_2",-191.175388714139,NA
25,5,3,"b_tc_3",-0.173273134430078,NA
25,5,3,"b_hw_1",-35.4600394751431,NA
25,5,3,"b_hw_2",-24.2731776698171,NA
25,5,3,"b_hw_3",-0.0325040870250361,NA
25,5,3,"b_ch_1",-969.187376831904,NA
25,5,3,"b_ch_2",-274.407043335651,NA
25,5,3,"b_ch_3",-0.710438276306272,NA
25,5,3,"delta_1",0,NA
25,5,3,"delta_2",0.223814187238126,NA
25,5,3,"delta_3",-0.0836649498114251,NA
25,5,4,"b_tt_1",-152.477126940244,NA
25,5,4,"b_tt_2",-95.8084668682865,NA
25,5,4,"b_tt_3",-28.7646749942327,NA
25,5,4,"b_tt_4",-0.142618912112672,NA
25,5,4,"b_tc_1",-681.874542743346,NA
25,5,4,"b_tc_2",-307.721852461802,NA
25,5,4,"b_tc_3",-244.792417965716,NA
25,5,4,"b_tc_4",-0.123805573101544,NA
25,5,4,"b_hw_1",4.77301809499962,NA
25,5,4,"b_hw_2",-36.2150675923586,NA
25,5,4,"b_hw_3",-28.6681495168683,NA
25,5,4,"b_hw_4",-0.0388891781481804,NA
25,5,4,"b_ch_1",244.556856974702,NA
25,5,4,"b_ch_2",-989.788180271063,NA
25,5,4,"b_ch_3",-301.15304012927,NA
25,5,4,"b_ch_4",-0.877689216569914,NA
25,5,4,"delta_1",0,NA
25,5,4,"delta_2",1.97482701337272,NA
25,5,4,"delta_3",2.17488643153766,NA
25,5,4,"delta_4",1.75164026824285,NA
25,6,1,"b_tt_1",-0.0742410945234867,0.015569320654558
25,6,1,"b_tc_1",-0.173954534207424,0.0539048053937749
25,6,1,"b_hw_1",-0.031931011306139,0.00709577492814271
25,6,1,"b_ch_1",-1.27431340818539,0.188221616271188
25,6,2,"b_tt_1",-0.605394078829487,0.0227050468218288
25,6,2,"b_tt_2",-0.113931856189308,0.372326436898278
25,6,2,"b_tc_1",-4.32390249248709,0.0672935849546561
25,6,2,"b_tc_2",-0.232103691390633,2.67384124449315
25,6,2,"b_hw_1",-0.349788982256169,0.00847989370967708
25,6,2,"b_hw_2",-0.0325274059869365,0.218508817782541
25,6,2,"b_ch_1",3.38789917067126,0.281660603460959
25,6,2,"b_ch_2",-1.86049977258097,2.36199281753166
25,6,2,"delta_1",0,NA
25,6,2,"delta_2",1.88355390156211,0.617483197172493
25,6,3,"b_tt_1",-0.560658184535669,0.0987521040222416
25,6,3,"b_tt_2",-0.451186401551835,0.23601408830764
25,6,3,"b_tt_3",-0.247204116346172,0.168183803748282
25,6,3,"b_tc_1",-3.40202263723457,0.353802208720338
25,6,3,"b_tc_2",-0.711675872065805,1.25395467645471
25,6,3,"b_tc_3",-0.87002398572046,0.301303594318428
25,6,3,"b_hw_1",-0.0589367517027017,0.10515784171017
25,6,3,"b_hw_2",-0.022752662080072,0.0248196856952988
25,6,3,"b_hw_3",-0.26294737337573,0.0192483549985262
25,6,3,"b_ch_1",-2.60464038223905,0.797721360189316
25,6,3,"b_ch_2",-3.26320835215098,0.793284618613249
25,6,3,"b_ch_3",-2.00633252432551,1.07826563918019
25,6,3,"delta_1",0,NA
25,6,3,"delta_2",0.0414770782588921,0.621887518811943
25,6,3,"delta_3",-0.299230259631776,0.57333917637251
25,6,4,"b_tt_1",-20.0868828235255,NA
25,6,4,"b_tt_2",-1.37922197627107,NA
25,6,4,"b_tt_3",-0.461842992341966,NA
25,6,4,"b_tt_4",-0.361771198466099,NA
25,6,4,"b_tc_1",-73.891129125694,NA
25,6,4,"b_tc_2",-8.95480136533239,NA
25,6,4,"b_tc_3",-0.733043103810158,NA
25,6,4,"b_tc_4",-1.21914627517755,NA
25,6,4,"b_hw_1",-26.4403955762613,NA
25,6,4,"b_hw_2",0.0014920548649668,NA
25,6,4,"b_hw_3",-0.0250725872103983,NA
25,6,4,"b_hw_4",-0.252553323780144,NA
25,6,4,"b_ch_1",-106.784911728786,NA
25,6,4,"b_ch_2",-7.20481334787093,NA
25,6,4,"b_ch_3",-3.31315781866434,NA
25,6,4,"b_ch_4",-5.80978457550355,NA
25,6,4,"delta_1",0,NA
25,6,4,"delta_2",0.368775504544703,NA
25,6,4,"delta_3",1.26501926815574,NA
25,6,4,"delta_4",1.04554938671036,NA
25,7,1,"b_tt_1",-0.00825177174608196,0.0132011905137534
25,7,1,"b_tc_1",0.063140836315139,0.0687508653831811
25,7,1,"b_hw_1",-0.0371403775202207,0.00755166142353744
25,7,1,"b_ch_1",-1.38959132189367,0.182855067052171
25,7,2,"b_tt_1",-0.108379237167618,0.0259167632810532
25,7,2,"b_tt_2",0.0082304162796696,0.0383274174114348
25,7,2,"b_tc_1",-0.840558073035356,0.155498408880751
25,7,2,"b_tc_2",0.33842544971749,0.282640270336366
25,7,2,"b_hw_1",-0.0322139181080698,0.0377365363294855
25,7,2,"b_hw_2",-0.0684235039393954,0.0123184730462039
25,7,2,"b_ch_1",-1.18556413133462,0.742219004718615
25,7,2,"b_ch_2",-2.58294568854538,0.324321461144082
25,7,2,"delta_1",0,NA
25,7,2,"delta_2",-0.0448420104212127,0.692324656281244
25,7,3,"b_tt_1",-0.304952290399472,0.0727768509485237
25,7,3,"b_tt_2",-0.139574971408299,0.0224062844588722
25,7,3,"b_tt_3",0.00379883011807829,0.207629001044203
25,7,3,"b_tc_1",-3.14664442588766,0.45723685699281
25,7,3,"b_tc_2",-0.889174558464092,0.113714801835558
25,7,3,"b_tc_3",0.268513700142239,1.94516717692735
25,7,3,"b_hw_1",-0.071773643331571,0.0204452469639074
25,7,3,"b_hw_2",-0.0394017429105752,0.0171389615026586
25,7,3,"b_hw_3",-0.0471955389838073,0.0580073433773288
25,7,3,"b_ch_1",-4.13200882456067,0.508638928982394
25,7,3,"b_ch_2",-0.306810253916201,0.455196711152837
25,7,3,"b_ch_3",-2.10378431567041,1.87687522189809
25,7,3,"delta_1",0,NA
25,7,3,"delta_2",-0.431898642868585,0.713341588364273
25,7,3,"delta_3",0.684142051767809,0.823265710839942
25,7,4,"b_tt_1",-4.48128512589239,NA
25,7,4,"b_tt_2",-0.141898935534502,NA
25,7,4,"b_tt_3",-0.0695811647888521,NA
25,7,4,"b_tt_4",-0.0309396499312008,NA
25,7,4,"b_tc_1",-32.7747324935463,NA
25,7,4,"b_tc_2",-1.16344828991503,NA
25,7,4,"b_tc_3",0.354487081502294,NA
25,7,4,"b_tc_4",0.280157789324212,NA
25,7,4,"b_hw_1",-8.73174630599929,NA
25,7,4,"b_hw_2",-0.0230782073669994,NA
25,7,4,"b_hw_3",-0.0277274139256873,NA
25,7,4,"b_hw_4",-0.179971960588973,NA
25,7,4,"b_ch_1",-82.7063364477446,NA
25,7,4,"b_ch_2",-1.86359117620426,NA
25,7,4,"b_ch_3",-0.791859895414426,NA
25,7,4,"b_ch_4",-5.23248086782582,NA
25,7,4,"delta_1",0,NA
25,7,4,"delta_2",1.14327738397504,NA
25,7,4,"delta_3",0.0516025606840065,NA
25,7,4,"delta_4",0.419406275576587,NA
25,8,1,"b_tt_1",-0.136893259133478,0.0281094188579526
25,8,1,"b_tc_1",-0.452655710092697,0.116061599229318
25,8,1,"b_hw_1",-0.032899497645826,0.00734159197221812
25,8,1,"b_ch_1",-1.20750102797908,0.181744286074666
25,8,2,"b_tt_1",-0.385253274881874,0.173629046430762
25,8,2,"b_tt_2",-0.193113463670518,0.0476324498085838
25,8,2,"b_tc_1",-0.858818693692052,0.536417239520467
25,8,2,"b_tc_2",-0.749146074103909,0.201333691892591
25,8,2,"b_hw_1",-0.0644213278415601,0.025872163160377
25,8,2,"b_hw_2",-0.0251377813530469,0.00948241683601783
25,8,2,"b_ch_1",-8.70795089696805,3.74302195778385
25,8,2,"b_ch_2",-0.39065955051868,0.222540013606428
25,8,2,"delta_1",0,NA
25,8,2,"delta_2",0.0858991476855223,0.430819955007862
25,8,3,"b_tt_1",-39.6898954629429,NA
25,8,3,"b_tt_2",-0.260775993243865,NA
25,8,3,"b_tt_3",0.209285599718853,NA
25,8,3,"b_tc_1",-98.9071455784522,NA
25,8,3,"b_tc_2",-0.983465408526928,NA
25,8,3,"b_tc_3",0.956920204909301,NA
25,8,3,"b_hw_1",-9.96837830847138,NA
25,8,3,"b_hw_2",-0.00526503833599902,NA
25,8,3,"b_hw_3",-74.7754196782607,NA
25,8,3,"b_ch_1",-804.437573644047,NA
25,8,3,"b_ch_2",-1.17658227994438,NA
25,8,3,"b_ch_3",0.160210404711115,NA
25,8,3,"delta_1",0,NA
25,8,3,"delta_2",0.281825261219329,NA
25,8,3,"delta_3",-1.0931421969344,NA
25,8,4,"b_tt_1",-36.9585279158841,NA
25,8,4,"b_tt_2",-0.326601265236244,NA
25,8,4,"b_tt_3",-0.313005180906203,NA
25,8,4,"b_tt_4",0.219791265443875,NA
25,8,4,"b_tc_1",-92.1667574502199,NA
25,8,4,"b_tc_2",-1.17753122445017,NA
25,8,4,"b_tc_3",-2.46847483073609,NA
25,8,4,"b_tc_4",1.00208754634019,NA
25,8,4,"b_hw_1",-8.81445223288637,NA
25,8,4,"b_hw_2",-0.0171773523122062,NA
25,8,4,"b_hw_3",0.0466244638605282,NA
25,8,4,"b_hw_4",-1629.76289270356,NA
25,8,4,"b_ch_1",-754.056814607939,NA
25,8,4,"b_ch_2",-1.61526091926233,NA
25,8,4,"b_ch_3",0.342570715431792,NA
25,8,4,"b_ch_4",0.186849430937557,NA
25,8,4,"delta_1",0,NA
25,8,4,"delta_2",0.226420322786723,NA
25,8,4,"delta_3",-1.68362143373229,NA
25,8,4,"delta_4",-1.04539864277962,NA
25,9,1,"b_tt_1",-0.0897401411020159,0.0234853812001757
25,9,1,"b_tc_1",-0.0707490976053143,0.0604770228440469
25,9,1,"b_hw_1",-0.0436876697557306,0.00840744368813252
25,9,1,"b_ch_1",-1.2334840739989,0.186137996119953
25,9,2,"b_tt_1",-341.746499632413,NA
25,9,2,"b_tt_2",-0.0875734504736726,NA
25,9,2,"b_tc_1",-1043.96137110444,NA
25,9,2,"b_tc_2",-0.0345044012142548,NA
25,9,2,"b_hw_1",-44.3178121218557,NA
25,9,2,"b_hw_2",-0.046699257925026,NA
25,9,2,"b_ch_1",-5751.59334843322,NA
25,9,2,"b_ch_2",-0.8310503506629,NA
25,9,2,"delta_1",0,NA
25,9,2,"delta_2",0.512601204295783,NA
25,9,3,"b_tt_1",-1.51061304925229,NA
25,9,3,"b_tt_2",-0.233885229937666,NA
25,9,3,"b_tt_3",0.129951727125138,NA
25,9,3,"b_tc_1",-5.3849974399701,NA
25,9,3,"b_tc_2",-0.291287267499585,NA
25,9,3,"b_tc_3",0.965480371109484,NA
25,9,3,"b_hw_1",-0.0399475631050541,NA
25,9,3,"b_hw_2",-0.109688400335003,NA
25,9,3,"b_hw_3",0.0123873845583146,NA
25,9,3,"b_ch_1",-47.3540817330465,NA
25,9,3,"b_ch_2",-1.90012384649325,NA
25,9,3,"b_ch_3",0.0241280107342768,NA
25,9,3,"delta_1",0,NA
25,9,3,"delta_2",0.535132151543859,NA
25,9,3,"delta_3",-0.985858493813234,NA
25,9,4,"b_tt_1",-38.4118822202115,NA
25,9,4,"b_tt_2",-1.53587053628872,NA
25,9,4,"b_tt_3",-0.268088569369569,NA
25,9,4,"b_tt_4",0.126871705672173,NA
25,9,4,"b_tc_1",100.368284188722,NA
25,9,4,"b_tc_2",-5.46098808707908,NA
25,9,4,"b_tc_3",-0.476819328160798,NA
25,9,4,"b_tc_4",0.830784831177327,NA
25,9,4,"b_hw_1",-39.1478434225577,NA
25,9,4,"b_hw_2",-0.0407388623625469,NA
25,9,4,"b_hw_3",-0.114102308607323,NA
25,9,4,"b_hw_4",0.0131797594453502,NA
25,9,4,"b_ch_1",-723.732283258301,NA
25,9,4,"b_ch_2",-1669.26815478045,NA
25,9,4,"b_ch_3",-2.0496120125027,NA
25,9,4,"b_ch_4",0.0335024255965952,NA
25,9,4,"delta_1",0,NA
25,9,4,"delta_2",0.643397026391271,NA
25,9,4,"delta_3",0.868340918557882,NA
25,9,4,"delta_4",-0.644798824195873,NA
25,10,1,"b_tt_1",-0.0818363914803246,0.0249920712792766
25,10,1,"b_tc_1",-0.402557025703426,0.11890758725474
25,10,1,"b_hw_1",-0.0426969345944352,0.00775732916361145
25,10,1,"b_ch_1",-1.30763615620003,0.181796575720684
25,10,2,"b_tt_1",-0.128535397144435,0.0463755714297147
25,10,2,"b_tt_2",-0.122456348433467,0.0416035002221025
25,10,2,"b_tc_1",-0.786800401967371,0.259856540994182
25,10,2,"b_tc_2",-0.506635647803395,0.173624321397883
25,10,2,"b_hw_1",-0.0343021668250066,0.0132285178324806
25,10,2,"b_hw_2",-0.0580285532924273,0.0188951722680783
25,10,2,"b_ch_1",-0.102906656542623,0.647198293391465
25,10,2,"b_ch_2",-2.71109043939946,0.908779075819622
25,10,2,"delta_1",0,NA
25,10,2,"delta_2",0.566176839517575,0.860655528124114
25,10,3,"b_tt_1",-0.656672567580009,0.323196203960456
25,10,3,"b_tt_2",-0.225688072401263,0.135445818501793
25,10,3,"b_tt_3",-0.213739911014955,0.0710733375775543
25,10,3,"b_tc_1",-2.18870389369411,1.00809540316418
25,10,3,"b_tc_2",-0.287034653103504,0.573639265263362
25,10,3,"b_tc_3",-1.7947338487227,0.596896778207677
25,10,3,"b_hw_1",-0.0578135427411936,0.0244175750206984
25,10,3,"b_hw_2",-0.0320100574606776,0.0180823513271431
25,10,3,"b_hw_3",-0.104820652243161,0.0341617641204497
25,10,3,"b_ch_1",-25.1933987886919,16.458645584264
25,10,3,"b_ch_2",-0.479161305314334,0.355507931711825
25,10,3,"b_ch_3",-1.66777436700174,0.631157096135921
25,10,3,"delta_1",0,NA
25,10,3,"delta_2",-0.766397883727858,0.5909028532127
25,10,3,"delta_3",-0.0790776004115547,0.50204812448684
25,10,4,"b_tt_1",-277.393682355147,NA
25,10,4,"b_tt_2",-54.3477044131459,NA
25,10,4,"b_tt_3",-0.17205707222432,NA
25,10,4,"b_tt_4",-0.128315513480155,NA
25,10,4,"b_tc_1",-1259.64401615145,NA
25,10,4,"b_tc_2",-177.405120590182,NA
25,10,4,"b_tc_3",0.71976510794791,NA
25,10,4,"b_tc_4",-0.962635463578141,NA
25,10,4,"b_hw_1",-35.0796434037811,NA
25,10,4,"b_hw_2",-0.319155059386247,NA
25,10,4,"b_hw_3",-0.0334685119067858,NA
25,10,4,"b_hw_4",-0.0638770349295297,NA
25,10,4,"b_ch_1",-1686.78225233454,NA
25,10,4,"b_ch_2",-1976.96943437979,NA
25,10,4,"b_ch_3",-1.12196985840767,NA
25,10,4,"b_ch_4",-0.862125303191324,NA
25,10,4,"delta_1",0,NA
25,10,4,"delta_2",-0.521057227339817,NA
25,10,4,"delta_3",-1.45484390981909,NA
25,10,4,"delta_4",0.17335959025065,NA
25,11,1,"b_tt_1",-0.0272956055695311,0.0187956283727475
25,11,1,"b_tc_1",0.0771270391625188,0.0653575915272381
25,11,1,"b_hw_1",-0.04398406363646,0.00733803075272375
25,11,1,"b_ch_1",-0.761328056256695,0.152271263342305
25,11,2,"b_tt_1",-0.144324854506988,0.0455598289664037
25,11,2,"b_tt_2",0.00208138892441598,0.0466072167435308
25,11,2,"b_tc_1",-0.636734585174419,0.207674290942028
25,11,2,"b_tc_2",0.448609972358041,0.168411998088851
25,11,2,"b_hw_1",-0.0468940809233642,0.0118272484749071
25,11,2,"b_hw_2",-0.060327346791063,0.0187512242464216
25,11,2,"b_ch_1",-0.488216364973368,0.237298901739293
25,11,2,"b_ch_2",-1.90939384481259,0.550869851212303
25,11,2,"delta_1",0,NA
25,11,2,"delta_2",-0.196971074326994,0.541623775860331
25,11,3,"b_tt_1",-1.5972399740414,0.0349523216875853
25,11,3,"b_tt_2",-0.328997844098365,0.151252744407868
25,11,3,"b_tt_3",-0.0225101482433969,1.21169914653177
25,11,3,"b_tc_1",-6.12550445919332,0.112701085982276
25,11,3,"b_tc_2",-2.76828220038859,1.22964359146169
25,11,3,"b_tc_3",0.229697940075921,4.96484872250085
25,11,3,"b_hw_1",-0.291901245378881,0.0114828992473506
25,11,3,"b_hw_2",-0.135766825905232,0.0640184610045076
25,11,3,"b_hw_3",-0.0420629007451018,0.240225898522201
25,11,3,"b_ch_1",-9.32428032427688,0.257873740686729
25,11,3,"b_ch_2",0.344081427780965,0.77237231560631
25,11,3,"b_ch_3",-0.948607185960873,6.91740493387457
25,11,3,"delta_1",0,NA
25,11,3,"delta_2",-0.0521005143514242,0.632256738098546
25,11,3,"delta_3",0.94003572219663,0.578471611380906
25,11,4,"b_tt_1",-1.48306012825543,0.134193845155552
25,11,4,"b_tt_2",-0.965053610276284,0.0395259623452858
25,11,4,"b_tt_3",-0.311824146536639,1.10804062220402
25,11,4,"b_tt_4",-0.00400009517728148,0.648613391130246
25,11,4,"b_tc_1",-5.67654019454222,1.11074356350418
25,11,4,"b_tc_2",-5.45023957500713,0.140332864482046
25,11,4,"b_tc_3",-2.66274646721512,4.5649340005244
25,11,4,"b_tc_4",0.365308133972601,3.80887694985584
25,11,4,"b_hw_1",-0.271792055763061,0.0490111501032193
25,11,4,"b_hw_2",0.0343075670649567,0.0166658733870743
25,11,4,"b_hw_3",-0.120626722905882,0.220878748717456
25,11,4,"b_hw_4",-0.0595528291814066,0.0290084337494614
25,11,4,"b_ch_1",-8.62585151849715,0.688178840567981
25,11,4,"b_ch_2",1.11677830057698,0.397652591104109
25,11,4,"b_ch_3",0.30742436679217,6.39720547382826
25,11,4,"b_ch_4",-1.44694695481804,0.906008048520204
25,11,4,"delta_1",0,NA
25,11,4,"delta_2",-0.982769064833943,0.605729607694113
25,11,4,"delta_3",0.0558966027623241,0.713987395243739
25,11,4,"delta_4",0.798748721815491,0.870859363020028
25,12,1,"b_tt_1",-0.0441401726031461,0.0131035189502462
25,12,1,"b_tc_1",-0.120662815271349,0.0402305121602597
25,12,1,"b_hw_1",-0.0284257480843275,0.00698542988697654
25,12,1,"b_ch_1",-1.1880719206568,0.170988717189343
25,12,2,"b_tt_1",-0.0871895920486367,0.0248414683705704
25,12,2,"b_tt_2",-0.0786418587748349,0.026439826008462
25,12,2,"b_tc_1",-0.058462648046217,0.126535009731276
25,12,2,"b_tc_2",-0.517060556400802,0.0460238667977069
25,12,2,"b_hw_1",-0.0232305236608432,0.0134672690368658
25,12,2,"b_hw_2",-0.0498417322575897,0.0147538301410649
25,12,2,"b_ch_1",-0.434342568664593,0.420060503525675
25,12,2,"b_ch_2",-2.57652049864619,0.329078468921573
25,12,2,"delta_1",0,NA
25,12,2,"delta_2",0.937392668244399,0.513516836588722
25,12,3,"b_tt_1",-15.6923476016691,NA
25,12,3,"b_tt_2",-0.134070516366773,NA
25,12,3,"b_tt_3",-0.0423776711725463,NA
25,12,3,"b_tc_1",22.834455000577,NA
25,12,3,"b_tc_2",-0.316243752689964,NA
25,12,3,"b_tc_3",-0.334017200576224,NA
25,12,3,"b_hw_1",6.21531114418761,NA
25,12,3,"b_hw_2",-0.0796342893254055,NA
25,12,3,"b_hw_3",-0.018796086704115,NA
25,12,3,"b_ch_1",-160.047012832117,NA
25,12,3,"b_ch_2",-1643.86421258746,NA
25,12,3,"b_ch_3",-0.646687643193684,NA
25,12,3,"delta_1",0,NA
25,12,3,"delta_2",1.03983471329915,NA
25,12,3,"delta_3",0.361710941956388,NA
25,12,4,"b_tt_1",-15.2915282926886,NA
25,12,4,"b_tt_2",-0.462379159173385,NA
25,12,4,"b_tt_3",-0.0749346466189282,NA
25,12,4,"b_tt_4",0.0244750872921622,NA
25,12,4,"b_tc_1",22.4042071914552,NA
25,12,4,"b_tc_2",-0.674903451744913,NA
25,12,4,"b_tc_3",-0.702821141006419,NA
25,12,4,"b_tc_4",0.519432785946582,NA
25,12,4,"b_hw_1",6.18262344035547,NA
25,12,4,"b_hw_2",-0.251457961079636,NA
25,12,4,"b_hw_3",-0.0588528489272786,NA
25,12,4,"b_hw_4",-0.00761134830830437,NA
25,12,4,"b_ch_1",-154.638448686697,NA
25,12,4,"b_ch_2",-309.409573480856,NA
25,12,4,"b_ch_3",-2.52243069800846,NA
25,12,4,"b_ch_4",0.278734220113351,NA
25,12,4,"delta_1",0,NA
25,12,4,"delta_2",0.585868143371103,NA
25,12,4,"delta_3",0.862010854993417,NA
25,12,4,"delta_4",-0.652546052796993,NA
25,13,1,"b_tt_1",-0.0494456752472825,0.0144077781176237
25,13,1,"b_tc_1",-0.0354548864229755,0.044145466194802
25,13,1,"b_hw_1",-0.0350251497356803,0.00679128145009907
25,13,1,"b_ch_1",-1.07965843975889,0.159342679282927
25,13,2,"b_tt_1",-0.719932810094606,0.0175143973044123
25,13,2,"b_tt_2",-0.0453834662988171,0.337193558246061
25,13,2,"b_tc_1",-0.147505071865758,0.0587205730443
25,13,2,"b_tc_2",-0.0916463332394469,0.387707111951309
25,13,2,"b_hw_1",0.0955070002310142,0.00944383632369981
25,13,2,"b_hw_2",-0.0518499114210593,0.0568348772541441
25,13,2,"b_ch_1",-3.60676555194433,0.201593471006004
25,13,2,"b_ch_2",-1.36927092629938,1.68572014048557
25,13,2,"delta_1",0,NA
25,13,2,"delta_2",1.42811026959101,0.518158436955099
25,13,3,"b_tt_1",-13.1155861639553,NA
25,13,3,"b_tt_2",-0.0870922920073205,NA
25,13,3,"b_tt_3",-0.00294893644543519,NA
25,13,3,"b_tc_1",-57.9302089558217,NA
25,13,3,"b_tc_2",-0.19499308439121,NA
25,13,3,"b_tc_3",0.353160294877149,NA
25,13,3,"b_hw_1",-36.0499970416696,NA
25,13,3,"b_hw_2",-0.027031451175698,NA
25,13,3,"b_hw_3",-0.019050943845667,NA
25,13,3,"b_ch_1",-555.610000930708,NA
25,13,3,"b_ch_2",-1.91556439160613,NA
25,13,3,"b_ch_3",-0.0566536653472089,NA
25,13,3,"delta_1",0,NA
25,13,3,"delta_2",0.580190993240584,NA
25,13,3,"delta_3",-0.114187889088338,NA
25,13,4,"b_tt_1",-13.6415838751805,NA
25,13,4,"b_tt_2",-3.01427794563201,NA
25,13,4,"b_tt_3",-0.09153164670668,NA
25,13,4,"b_tt_4",-0.000979877521175056,NA
25,13,4,"b_tc_1",-59.3443301262144,NA
25,13,4,"b_tc_2",-11.5198763507147,NA
25,13,4,"b_tc_3",-0.155638510370118,NA
25,13,4,"b_tc_4",0.352717025639057,NA
25,13,4,"b_hw_1",-35.6157981695244,NA
25,13,4,"b_hw_2",-0.0285869797043083,NA
25,13,4,"b_hw_3",-0.0597495747930938,NA
25,13,4,"b_hw_4",-0.0186543139385466,NA
25,13,4,"b_ch_1",-561.120190883235,NA
25,13,4,"b_ch_2",-15.5796978604958,NA
25,13,4,"b_ch_3",-2.52014958908831,NA
25,13,4,"b_ch_4",-0.0658264280407401,NA
25,13,4,"delta_1",0,NA
25,13,4,"delta_2",-0.500986167773209,NA
25,13,4,"delta_3",0.331850363016634,NA
25,13,4,"delta_4",-0.0117222697127529,NA
25,14,1,"b_tt_1",-0.0493514997776102,0.0147704239367495
25,14,1,"b_tc_1",-0.118666887595804,0.0486558951109761
25,14,1,"b_hw_1",-0.0359910711712217,0.00705755041100334
25,14,1,"b_ch_1",-1.17371171594458,0.166224297113752
25,14,2,"b_tt_1",-0.0823367944250326,0.0227458055527126
25,14,2,"b_tt_2",-0.00646707140486234,0.0378780362976649
25,14,2,"b_tc_1",-0.158748799630029,0.0616404420545026
25,14,2,"b_tc_2",-0.228790061204141,0.200413866433635
25,14,2,"b_hw_1",-0.030038204027825,0.00933194080421115
25,14,2,"b_hw_2",-0.0795466535192054,0.0275336181205335
25,14,2,"b_ch_1",-0.530885138814494,0.215341705275425
25,14,2,"b_ch_2",-3.60209043701449,0.839605062155175
25,14,2,"delta_1",0,NA
25,14,2,"delta_2",-0.0385278298277453,0.445271432173781
25,14,3,"b_tt_1",-38.2407664922007,NA
25,14,3,"b_tt_2",-0.0903326486391147,NA
25,14,3,"b_tt_3",-0.00358937681180415,NA
25,14,3,"b_tc_1",-226.017516748503,NA
25,14,3,"b_tc_2",-0.149369520644527,NA
25,14,3,"b_tc_3",-0.113848405740221,NA
25,14,3,"b_hw_1",0.684391362460377,NA
25,14,3,"b_hw_2",-0.0528590244923474,NA
25,14,3,"b_hw_3",-0.0941796055848131,NA
25,14,3,"b_ch_1",-203.466397033024,NA
25,14,3,"b_ch_2",-0.692639581760588,NA
25,14,3,"b_ch_3",-3.48180263285631,NA
25,14,3,"delta_1",0,NA
25,14,3,"delta_2",0.554588057839802,NA
25,14,3,"delta_3",0.494590476506526,NA
25,14,4,"b_tt_1",-40.0394634195001,NA
25,14,4,"b_tt_2",-0.75703708656179,NA
25,14,4,"b_tt_3",-0.0636052716304241,NA
25,14,4,"b_tt_4",-0.00310308560094842,NA
25,14,4,"b_tc_1",-236.998306790316,NA
25,14,4,"b_tc_2",-1.60353430129635,NA
25,14,4,"b_tc_3",0.0527590198889163,NA
25,14,4,"b_tc_4",-0.131468231482542,NA
25,14,4,"b_hw_1",0.91292613587342,NA
25,14,4,"b_hw_2",-1.58454734452126,NA
25,14,4,"b_hw_3",-0.0661064057225119,NA
25,14,4,"b_hw_4",-0.0895093858669251,NA
25,14,4,"b_ch_1",-213.366981746877,NA
25,14,4,"b_ch_2",22.80271754013,NA
25,14,4,"b_ch_3",-1.14391074650992,NA
25,14,4,"b_ch_4",-3.52048927255567,NA
25,14,4,"delta_1",0,NA
25,14,4,"delta_2",-1.49458714933448,NA
25,14,4,"delta_3",0.505174606979921,NA
25,14,4,"delta_4",0.397012141835823,NA
25,15,1,"b_tt_1",-0.0595789021471892,0.0188326713858691
25,15,1,"b_tc_1",-0.16896885695182,0.0576065282890852
25,15,1,"b_hw_1",-0.0399183036949825,0.00717147269092438
25,15,1,"b_ch_1",-0.823417541209249,0.153337384195399
25,15,2,"b_tt_1",-0.126174576488682,0.0292120156809325
25,15,2,"b_tt_2",-0.10929027020113,0.0587361004154999
25,15,2,"b_tc_1",-1.61577576925314,0.0781868180184523
25,15,2,"b_tc_2",-0.238424243499573,0.500827657087442
25,15,2,"b_hw_1",-0.0731534385067265,0.0107688063092431
25,15,2,"b_hw_2",-0.0413067009502116,0.0232330738331088
25,15,2,"b_ch_1",-0.486429689389149,0.270820096058792
25,15,2,"b_ch_2",-1.19666803805341,0.519101550185703
25,15,2,"delta_1",0,NA
25,15,2,"delta_2",0.698599994008874,0.575565667049648
25,15,3,"b_tt_1",-16.3044718144836,NA
25,15,3,"b_tt_2",-0.158487302670159,NA
25,15,3,"b_tt_3",-0.146774812022984,NA
25,15,3,"b_tc_1",-30.2376021833943,NA
25,15,3,"b_tc_2",-0.381285241825193,NA
25,15,3,"b_tc_3",-1.83951220327117,NA
25,15,3,"b_hw_1",-28.8851236267281,NA
25,15,3,"b_hw_2",-0.0375280050102038,NA
25,15,3,"b_hw_3",-0.0749112146052303,NA
25,15,3,"b_ch_1",530.329436553413,NA
25,15,3,"b_ch_2",-1.31602164094752,NA
25,15,3,"b_ch_3",-1.05046678047509,NA
25,15,3,"delta_1",0,NA
25,15,3,"delta_2",1.98904136463789,NA
25,15,3,"delta_3",1.43789196077144,NA
25,15,4,"b_tt_1",-15.2790760161023,NA
25,15,4,"b_tt_2",-3.03668014780128,NA
25,15,4,"b_tt_3",-0.156367626074917,NA
25,15,4,"b_tt_4",-0.111399239666871,NA
25,15,4,"b_tc_1",-27.609578324993,NA
25,15,4,"b_tc_2",-7.88909953338444,NA
25,15,4,"b_tc_3",-1.45932890809363,NA
25,15,4,"b_tc_4",-0.255798540626209,NA
25,15,4,"b_hw_1",-25.9926416539884,NA
25,15,4,"b_hw_2",-0.311243913911749,NA
25,15,4,"b_hw_3",-0.0460543623988322,NA
25,15,4,"b_hw_4",-0.00394806620134572,NA
25,15,4,"b_ch_1",457.627517019861,NA
25,15,4,"b_ch_2",-5.53493753292896,NA
25,15,4,"b_ch_3",-1.08216150591376,NA
25,15,4,"b_ch_4",-0.556655373042213,NA
25,15,4,"delta_1",0,NA
25,15,4,"delta_2",1.41971038315261,NA
25,15,4,"delta_3",1.70204207952135,NA
25,15,4,"delta_4",0.637452973768325,NA
25,16,1,"b_tt_1",-0.0748936196367976,0.0251586192469091
25,16,1,"b_tc_1",-0.240608731080727,0.0965591084159392
25,16,1,"b_hw_1",-0.0439604401645472,0.00784712283898671
25,16,1,"b_ch_1",-1.42155888871536,0.204010987294016
25,16,2,"b_tt_1",-20.4895000858657,NA
25,16,2,"b_tt_2",-0.122254878266485,NA
25,16,2,"b_tc_1",-61.4255687799653,NA
25,16,2,"b_tc_2",-0.369308319537892,NA
25,16,2,"b_hw_1",-27.0744476748159,NA
25,16,2,"b_hw_2",-0.0295630735137551,NA
25,16,2,"b_ch_1",-70.6756890475773,NA
25,16,2,"b_ch_2",-1.49147035186335,NA
25,16,2,"delta_1",0,NA
25,16,2,"delta_2",0.971927840000717,NA
25,16,3,"b_tt_1",-0.475831836669678,0.183053168878187
25,16,3,"b_tt_2",-0.13152906586947,0.0639058335635886
25,16,3,"b_tt_3",-0.0446648541414283,0.0577588795484936
25,16,3,"b_tc_1",-3.31707651521835,1.21282488906116
25,16,3,"b_tc_2",-0.334472674191979,0.186107919966056
25,16,3,"b_tc_3",0.37150938676398,0.360150507791594
25,16,3,"b_hw_1",-0.0721173960994698,0.0270753280952379
25,16,3,"b_hw_2",-0.01041840681915,0.0191669606949733
25,16,3,"b_hw_3",-0.229661801172417,0.0828885134171696
25,16,3,"b_ch_1",-3.4712623115844,1.24634724759111
25,16,3,"b_ch_2",-1.03668624829173,0.527780178968707
25,16,3,"b_ch_3",-3.192673701002,1.26425667295533
25,16,3,"delta_1",0,NA
25,16,3,"delta_2",-0.857047131678844,0.832190504224403
25,16,3,"delta_3",-0.231178309576846,0.584281693431156
25,16,4,"b_tt_1",-0.77632016090288,NA
25,16,4,"b_tt_2",-0.367787716230254,NA
25,16,4,"b_tt_3",-0.17041711687803,NA
25,16,4,"b_tt_4",3.21634920980154,NA
25,16,4,"b_tc_1",-5.54877535394952,NA
25,16,4,"b_tc_2",-0.762026272192073,NA
25,16,4,"b_tc_3",-0.38825519612198,NA
25,16,4,"b_tc_4",55.2052252912038,NA
25,16,4,"b_hw_1",-0.112773077199597,NA
25,16,4,"b_hw_2",-0.278142301184965,NA
25,16,4,"b_hw_3",-0.00472163701337949,NA
25,16,4,"b_hw_4",-7.93730583944586,NA
25,16,4,"b_ch_1",-75.2280485564192,NA
25,16,4,"b_ch_2",-5.71970938025641,NA
25,16,4,"b_ch_3",-0.727754105446789,NA
25,16,4,"b_ch_4",-111.598408582984,NA
25,16,4,"delta_1",0,NA
25,16,4,"delta_2",0.070764452481229,NA
25,16,4,"delta_3",-0.651069465554081,NA
25,16,4,"delta_4",-1.08023558323537,NA
25,17,1,"b_tt_1",-0.0855877857217316,0.0249472575145157
25,17,1,"b_tc_1",-0.3204621719169,0.0828571359884258
25,17,1,"b_hw_1",-0.043178064548293,0.00759260136634797
25,17,1,"b_ch_1",-1.12902238838297,0.166686729353941
25,17,2,"b_tt_1",-0.0785836903222176,NA
25,17,2,"b_tt_2",1.30454356076601,NA
25,17,2,"b_tc_1",-0.382395893815037,NA
25,17,2,"b_tc_2",30.1933927520515,NA
25,17,2,"b_hw_1",-0.0425957208194717,NA
25,17,2,"b_hw_2",-3.46757931023141,NA
25,17,2,"b_ch_1",-1.40455366672701,NA
25,17,2,"b_ch_2",-16.7012760762919,NA
25,17,2,"delta_1",0,NA
25,17,2,"delta_2",-2.08909357046031,NA
25,17,3,"b_tt_1",-99.4328078471252,NA
25,17,3,"b_tt_2",-0.478012793134621,NA
25,17,3,"b_tt_3",0.0254395675807269,NA
25,17,3,"b_tc_1",-218.101278384335,NA
25,17,3,"b_tc_2",-4.33737812502069,NA
25,17,3,"b_tc_3",0.343354475494883,NA
25,17,3,"b_hw_1",-43.7500314726933,NA
25,17,3,"b_hw_2",-0.0968984059448837,NA
25,17,3,"b_hw_3",-0.0302232528562863,NA
25,17,3,"b_ch_1",-756.750685799199,NA
25,17,3,"b_ch_2",-6.76242805035816,NA
25,17,3,"b_ch_3",-0.384659690569439,NA
25,17,3,"delta_1",0,NA
25,17,3,"delta_2",0.608060405538833,NA
25,17,3,"delta_3",0.15261816798969,NA
25,17,4,"b_tt_1",-95.0713814586191,NA
25,17,4,"b_tt_2",-0.973570293193535,NA
25,17,4,"b_tt_3",-0.0387006004510233,NA
25,17,4,"b_tt_4",10.6334514217654,NA
25,17,4,"b_tc_1",-208.755581203091,NA
25,17,4,"b_tc_2",46.391024867987,NA
25,17,4,"b_tc_3",-0.0795387426026305,NA
25,17,4,"b_tc_4",-52.5273434557043,NA
25,17,4,"b_hw_1",-41.3239104051994,NA
25,17,4,"b_hw_2",-3.41323584355155,NA
25,17,4,"b_hw_3",-0.0371569155706862,NA
25,17,4,"b_hw_4",-2.11246894407151,NA
25,17,4,"b_ch_1",-2501.27516400231,NA
25,17,4,"b_ch_2",-49.8896617862787,NA
25,17,4,"b_ch_3",-0.706593642184384,NA
25,17,4,"b_ch_4",-133.933708026276,NA
25,17,4,"delta_1",0,NA
25,17,4,"delta_2",-1.2231256259915,NA
25,17,4,"delta_3",-0.18074486038837,NA
25,17,4,"delta_4",-0.582235013025619,NA
25,18,1,"b_tt_1",-0.0869849656853225,0.025493056107009
25,18,1,"b_tc_1",-0.257359380965391,0.0808752309798797
25,18,1,"b_hw_1",-0.024684539641011,0.00686306908342389
25,18,1,"b_ch_1",-1.25507345854966,0.177185544062348
25,18,2,"b_tt_1",-0.169201668642264,0.0384379036200231
25,18,2,"b_tt_2",-0.0893442002048258,0.0569518648017281
25,18,2,"b_tc_1",-0.56980502930776,0.0839516637722211
25,18,2,"b_tc_2",-0.250144330512593,0.225704794812939
25,18,2,"b_hw_1",0.00831037970247967,0.0214826103020182
25,18,2,"b_hw_2",-0.0744230249658703,0.0131515664900337
25,18,2,"b_ch_1",-0.746475647726347,0.433318093587154
25,18,2,"b_ch_2",-2.27427319699982,0.296047415514424
25,18,2,"delta_1",0,NA
25,18,2,"delta_2",0.4687229240925,0.560335784556645
25,18,3,"b_tt_1",-31.7003335069001,NA
25,18,3,"b_tt_2",-0.157138195942164,NA
25,18,3,"b_tt_3",-0.0831241063516283,NA
25,18,3,"b_tc_1",-197.893697778268,NA
25,18,3,"b_tc_2",-0.328156832052143,NA
25,18,3,"b_tc_3",-0.227169892359963,NA
25,18,3,"b_hw_1",-5.27259464066609,NA
25,18,3,"b_hw_2",0.0271222603118424,NA
25,18,3,"b_hw_3",-0.0728199443199258,NA
25,18,3,"b_ch_1",-185.705471544304,NA
25,18,3,"b_ch_2",-0.903526506780052,NA
25,18,3,"b_ch_3",-2.18559061277039,NA
25,18,3,"delta_1",0,NA
25,18,3,"delta_2",-0.191554754805607,NA
25,18,3,"delta_3",0.483439142539722,NA
25,18,4,"b_tt_1",-37.1450330936516,NA
25,18,4,"b_tt_2",-32.4432212083531,NA
25,18,4,"b_tt_3",-0.0956686369999782,NA
25,18,4,"b_tt_4",-0.0906129755904399,NA
25,18,4,"b_tc_1",-224.075970516976,NA
25,18,4,"b_tc_2",-0.519575086019524,NA
25,18,4,"b_tc_3",-0.277536619213391,NA
25,18,4,"b_tc_4",-0.230919882498623,NA
25,18,4,"b_hw_1",-5.83124650791655,NA
25,18,4,"b_hw_2",4.38751136893671,NA
25,18,4,"b_hw_3",0.0425720607810679,NA
25,18,4,"b_hw_4",-0.070972744878972,NA
25,18,4,"b_ch_1",-205.600652099276,NA
25,18,4,"b_ch_2",-161.638225356563,NA
25,18,4,"b_ch_3",-1.05172694357426,NA
25,18,4,"b_ch_4",-2.1583900134836,NA
25,18,4,"delta_1",0,NA
25,18,4,"delta_2",-0.930371391329877,NA
25,18,4,"delta_3",-1.10854502878981,NA
25,18,4,"delta_4",0.551619898523136,NA
25,19,1,"b_tt_1",-0.092249133302331,0.0219501382925744
25,19,1,"b_tc_1",-0.275374704098739,0.0830276853491678
25,19,1,"b_hw_1",-0.0413382174578029,0.00837936160384813
25,19,1,"b_ch_1",-1.68354885561811,0.22120669715916
25,19,2,"b_tt_1",-0.562620311467117,0.0257805784354712
25,19,2,"b_tt_2",-0.0360013381026372,0.204077735136611
25,19,2,"b_tc_1",-2.33893537888916,0.092029952429326
25,19,2,"b_tc_2",0.106675526476683,0.884515257139026
25,19,2,"b_hw_1",-0.0452635883217475,0.0153154352053564
25,19,2,"b_hw_2",-0.0610253333799698,0.022300754691723
25,19,2,"b_ch_1",-3.62187634648565,0.349637904151559
25,19,2,"b_ch_2",-1.52544813634339,1.02689267759891
25,19,2,"delta_1",0,NA
25,19,2,"delta_2",0.0875381486377474,0.475428526600758
25,19,3,"b_tt_1",-0.648415925843683,NA
25,19,3,"b_tt_2",-0.0258317776022517,NA
25,19,3,"b_tt_3",21.878976056446,NA
25,19,3,"b_tc_1",-2.16794361794309,NA
25,19,3,"b_tc_2",0.176751981814328,NA
25,19,3,"b_tc_3",-871.343433901689,NA
25,19,3,"b_hw_1",-0.110546081554057,NA
25,19,3,"b_hw_2",-0.0589385200591656,NA
25,19,3,"b_hw_3",-51.3279086044742,NA
25,19,3,"b_ch_1",-5.64075642386564,NA
25,19,3,"b_ch_2",-1.30736355175117,NA
25,19,3,"b_ch_3",-4856.00679571509,NA
25,19,3,"delta_1",0,NA
25,19,3,"delta_2",-0.167802248595001,NA
25,19,3,"delta_3",-1.48938010312051,NA
25,19,4,"b_tt_1",-16.7199799674078,NA
25,19,4,"b_tt_2",-1.67509361901389,NA
25,19,4,"b_tt_3",-0.728906651644096,NA
25,19,4,"b_tt_4",-0.0335190511044113,NA
25,19,4,"b_tc_1",-67.7469560472993,NA
25,19,4,"b_tc_2",-5.54800014199662,NA
25,19,4,"b_tc_3",-9.46580701444423,NA
25,19,4,"b_tc_4",0.159260449021102,NA
25,19,4,"b_hw_1",1.80657311487826,NA
25,19,4,"b_hw_2",-0.270906693208087,NA
25,19,4,"b_hw_3",-0.274242767291856,NA
25,19,4,"b_hw_4",-0.0600178752262983,NA
25,19,4,"b_ch_1",-542.998756277729,NA
25,19,4,"b_ch_2",-11.1211557419067,NA
25,19,4,"b_ch_3",-9.80621205503001,NA
25,19,4,"b_ch_4",-1.36587071046651,NA
25,19,4,"delta_1",0,NA
25,19,4,"delta_2",0.741065081832106,NA
25,19,4,"delta_3",-0.660404036184574,NA
25,19,4,"delta_4",0.851716679709114,NA
25,20,1,"b_tt_1",-0.0751063244204631,0.0194846740590282
25,20,1,"b_tc_1",-0.0734952110604072,0.0464615253279176
25,20,1,"b_hw_1",-0.0481025411357132,0.00852884684391823
25,20,1,"b_ch_1",-1.0693749230144,0.174429057438066
25,20,2,"b_tt_1",-0.129523962203374,0.0300734040279126
25,20,2,"b_tt_2",0.0349865199681791,0.0656983689551424
25,20,2,"b_tc_1",-0.22514442389478,0.0752870741394227
25,20,2,"b_tc_2",0.312213943386745,0.194806096201042
25,20,2,"b_hw_1",-0.0590714169535647,0.013331318290913
25,20,2,"b_hw_2",-0.0665640502797163,0.0233751162250217
25,20,2,"b_ch_1",-2.04989601621884,0.338081547490986
25,20,2,"b_ch_2",0.266721522228611,0.386513360722975
25,20,2,"delta_1",0,NA
25,20,2,"delta_2",-1.19267223707212,0.520436783273309
25,20,3,"b_tt_1",-0.211461665992263,0.493376361382004
25,20,3,"b_tt_2",-0.0973998999588867,0.0462579113220683
25,20,3,"b_tt_3",0.754183333158393,0.0645931103899135
25,20,3,"b_tc_1",-0.542601041802825,0.461166078630643
25,20,3,"b_tc_2",0.147806025460564,0.133562052447985
25,20,3,"b_tc_3",0.69315415737107,0.17799371511365
25,20,3,"b_hw_1",-0.15609802375257,0.386318053345675
25,20,3,"b_hw_2",-0.00894217970005817,0.01447158886424
25,20,3,"b_hw_3",-0.672324542499789,0.0502931392620889
25,20,3,"b_ch_1",-3.58530321577373,0.731293254756607
25,20,3,"b_ch_2",-1.32736436513155,0.44823792757706
25,20,3,"b_ch_3",-0.319455455421382,0.986249087575607
25,20,3,"delta_1",0,NA
25,20,3,"delta_2",-0.489316819726892,0.623603434346908
25,20,3,"delta_3",-1.05584701993218,0.582717826932351
25,20,4,"b_tt_1",-0.329801170266929,0.105483768120458
25,20,4,"b_tt_2",-0.306227149726559,0.484083149811444
25,20,4,"b_tt_3",-0.289016900502661,0.212676427814323
25,20,4,"b_tt_4",0.755939965032798,0.109043720197775
25,20,4,"b_tc_1",-0.116201104375013,0.420385836490639
25,20,4,"b_tc_2",-0.792569719882767,0.452841601114678
25,20,4,"b_tc_3",-0.973594757057068,0.266219341116782
25,20,4,"b_tc_4",0.694783105145695,0.302008529051026
25,20,4,"b_hw_1",0.0134748284067568,0.0176493605700729
25,20,4,"b_hw_2",-0.244829437218571,0.379916307494219
25,20,4,"b_hw_3",-0.0377002106988175,0.0366121904701635
25,20,4,"b_hw_4",-0.673476317643197,0.0867437726764182
25,20,4,"b_ch_1",-1.53881238446234,0.879521216981466
25,20,4,"b_ch_2",-5.18257379150232,0.718657293048166
25,20,4,"b_ch_3",-2.43269873287558,1.09085685189476
25,20,4,"b_ch_4",-0.315265410561735,1.73921307733869
25,20,4,"delta_1",0,NA
25,20,4,"delta_2",1.19219725122177,0.684551802749796
25,20,4,"delta_3",0.748054859931867,0.760043378902619
25,20,4,"delta_4",0.312826453712535,0.655879564858832
20,1,1,"b_tt_1",-0.036487097553076,0.0189788003928468
20,1,1,"b_tc_1",0.0534380853144723,0.0800370019528068
20,1,1,"b_hw_1",-0.0428386223647673,0.00940587124175048
20,1,1,"b_ch_1",-1.31912542291282,0.203953551708026
20,1,2,"b_tt_1",-0.162848277752777,0.0805805962790558
20,1,2,"b_tt_2",-0.0478923157688408,0.052131569312725
20,1,2,"b_tc_1",0.234871923556481,0.666203245953283
20,1,2,"b_tc_2",-1.1512931979251,0.141949013390005
20,1,2,"b_hw_1",-0.085178653621739,0.0168927106880184
20,1,2,"b_hw_2",-0.0359900492840086,0.0222399756879783
20,1,2,"b_ch_1",-2.18324463542127,0.515955169466811
20,1,2,"b_ch_2",-1.93068333082912,0.483348282059227
20,1,2,"delta_1",0,NA
20,1,2,"delta_2",-0.465398116072433,0.53502689969848
20,1,3,"b_tt_1",-0.159305716640247,NA
20,1,3,"b_tt_2",-0.0475271405163403,NA
20,1,3,"b_tt_3",38.9678433415991,NA
20,1,3,"b_tc_1",0.231707289544087,NA
20,1,3,"b_tc_2",-2.13149604605546,NA
20,1,3,"b_tc_3",58.6594993991763,NA
20,1,3,"b_hw_1",-0.0842964562150758,NA
20,1,3,"b_hw_2",-0.0576054900743797,NA
20,1,3,"b_hw_3",-2.16026277928515,NA
20,1,3,"b_ch_1",-2.09684211021424,NA
20,1,3,"b_ch_2",-4.58535668302629,NA
20,1,3,"b_ch_3",-106.839524929171,NA
20,1,3,"delta_1",0,NA
20,1,3,"delta_2",-0.98797506342318,NA
20,1,3,"delta_3",-1.15966818144517,NA
20,1,4,"b_tt_1",-0.759547518504029,NA
20,1,4,"b_tt_2",-0.250582078170985,NA
20,1,4,"b_tt_3",-0.127767278248384,NA
20,1,4,"b_tt_4",39.667082109873,NA
20,1,4,"b_tc_1",-2.50522001068412,NA
20,1,4,"b_tc_2",-4.55257539907796,NA
20,1,4,"b_tc_3",0.162272949453262,NA
20,1,4,"b_tc_4",50.6762566490965,NA
20,1,4,"b_hw_1",-0.186579119298372,NA
20,1,4,"b_hw_2",-0.0632240556509919,NA
20,1,4,"b_hw_3",-0.0619087970086951,NA
20,1,4,"b_hw_4",-2.39982435776536,NA
20,1,4,"b_ch_1",-5.40414124390326,NA
20,1,4,"b_ch_2",-5.28404829248863,NA
20,1,4,"b_ch_3",-0.844570061355282,NA
20,1,4,"b_ch_4",-117.693412059978,NA
20,1,4,"delta_1",0,NA
20,1,4,"delta_2",-1.28860689057665,NA
20,1,4,"delta_3",-0.92904192532461,NA
20,1,4,"delta_4",-0.965850400417326,NA
20,2,1,"b_tt_1",-0.0670963509082387,0.0232487470363478
20,2,1,"b_tc_1",-0.182248472978696,0.0904484714316839
20,2,1,"b_hw_1",-0.041739851263632,0.00807457026567751
20,2,1,"b_ch_1",-1.00496654255844,0.177029625363405
20,2,2,"b_tt_1",-0.187252631543375,0.0685172150961625
20,2,2,"b_tt_2",-0.112235046809691,0.0528182155905014
20,2,2,"b_tc_1",-0.33900242019099,0.17427830106509
20,2,2,"b_tc_2",-0.689646997221151,0.279455667663703
20,2,2,"b_hw_1",-0.0773039164846598,0.0246384764302636
20,2,2,"b_hw_2",-0.0619328364794882,0.0205999990865995
20,2,2,"b_ch_1",-2.59800426809776,0.719097567420035
20,2,2,"b_ch_2",0.234196588233005,0.451297040223147
20,2,2,"delta_1",0,NA
20,2,2,"delta_2",-0.499984878801353,0.603296527988639
20,2,3,"b_tt_1",-55.1560507887121,NA
20,2,3,"b_tt_2",-0.71355299148429,NA
20,2,3,"b_tt_3",-0.101497724495024,NA
20,2,3,"b_tc_1",-427.832765939861,NA
20,2,3,"b_tc_2",-0.617185181982851,NA
20,2,3,"b_tc_3",-0.616925004664321,NA
20,2,3,"b_hw_1",-6.26431618200616,NA
20,2,3,"b_hw_2",-0.341896465584186,NA
20,2,3,"b_hw_3",-0.0551120850550483,NA
20,2,3,"b_ch_1",-355.458015390796,NA
20,2,3,"b_ch_2",-7.30189941875894,NA
20,2,3,"b_ch_3",0.092511171238547,NA
20,2,3,"delta_1",0,NA
20,2,3,"delta_2",0.210184381179406,NA
20,2,3,"delta_3",0.431549081166987,NA
20,2,4,"b_tt_1",-103.71457203064,NA
20,2,4,"b_tt_2",-0.466330077135671,NA
20,2,4,"b_tt_3",-0.15349140934077,NA
20,2,4,"b_tt_4",195.100036084164,NA
20,2,4,"b_tc_1",-50.0227919849926,NA
20,2,4,"b_tc_2",-3.03049547106363,NA
20,2,4,"b_tc_3",-0.85666450272395,NA
20,2,4,"b_tc_4",531.957549887361,NA
20,2,4,"b_hw_1",-50.5922702412615,NA
20,2,4,"b_hw_2",-0.0834834377397899,NA
20,2,4,"b_hw_3",-0.0733176296391316,NA
20,2,4,"b_hw_4",-81.0084757717595,NA
20,2,4,"b_ch_1",-1002.26197581021,NA
20,2,4,"b_ch_2",-3.10357595326858,NA
20,2,4,"b_ch_3",0.824965941093083,NA
20,2,4,"b_ch_4",-18.1582428001119,NA
20,2,4,"delta_1",0,NA
20,2,4,"delta_2",0.612317770729131,NA
20,2,4,"delta_3",0.0265064906765064,NA
20,2,4,"delta_4",-0.850346800196288,NA
20,3,1,"b_tt_1",-0.0619947772364395,0.0211934906334331
20,3,1,"b_tc_1",-0.0565197270767839,0.0533057609905573
20,3,1,"b_hw_1",-0.0469772349998145,0.00990929511625907
20,3,1,"b_ch_1",-1.62233213226006,0.246547621558009
20,3,2,"b_tt_1",-0.245720960655593,0.035858737179572
20,3,2,"b_tt_2",0.00117179874199242,0.083615011217592
20,3,2,"b_tc_1",-0.262367926709839,0.0980306689341923
20,3,2,"b_tc_2",-0.120046307775761,0.125787622130667
20,3,2,"b_hw_1",-0.0847460904098449,0.0158078203786069
20,3,2,"b_hw_2",-0.0407924006436187,0.0306982793322221
20,3,2,"b_ch_1",-1.94622122039427,0.582307016559351
20,3,2,"b_ch_2",-2.36477102295874,0.559026574684289
20,3,2,"delta_1",0,NA
20,3,2,"delta_2",0.2499805969902,0.661031702814148
20,3,3,"b_tt_1",-0.769476473799798,0.466654927421074
20,3,3,"b_tt_2",-0.564962441491914,0.0450232422111554
20,3,3,"b_tt_3",-0.111745967698513,0.480825592825777
20,3,3,"b_tc_1",-10.3637066379961,0.976581066910677
20,3,3,"b_tc_2",-0.719263505709084,0.0800949636165041
20,3,3,"b_tc_3",-0.120181127283167,6.18673943524611
20,3,3,"b_hw_1",-0.19294470242882,0.0605246919366797
20,3,3,"b_hw_2",-0.0904441673209462,0.0381528640673695
20,3,3,"b_hw_3",-0.117531366474683,0.11378818140988
20,3,3,"b_ch_1",-9.48410496493085,1.42339814453647
20,3,3,"b_ch_2",-2.51577122834815,0.710972446339039
20,3,3,"b_ch_3",-2.6787816309765,5.19400967249457
20,3,3,"delta_1",0,NA
20,3,3,"delta_2",-0.418247696080575,0.832796697559804
20,3,3,"delta_3",0.752233456751919,0.828009532085248
20,3,4,"b_tt_1",-1.14606915715929,NA
20,3,4,"b_tt_2",-0.30726159928255,NA
20,3,4,"b_tt_3",-0.10045320399554,NA
20,3,4,"b_tt_4",-0.0180477833377308,NA
20,3,4,"b_tc_1",-1.08882482360863,NA
20,3,4,"b_tc_2",-0.111522350275709,NA
20,3,4,"b_tc_3",-57.9233261170489,NA
20,3,4,"b_tc_4",-0.111326041547106,NA
20,3,4,"b_hw_1",-1.65561030434665,NA
20,3,4,"b_hw_2",-0.105539988059777,NA
20,3,4,"b_hw_3",-1.29572129365801,NA
20,3,4,"b_hw_4",-0.0539490154100277,NA
20,3,4,"b_ch_1",-34.1661473105141,NA
20,3,4,"b_ch_2",-2.77110114863295,NA
20,3,4,"b_ch_3",-138.036935367998,NA
20,3,4,"b_ch_4",-1.99642839343765,NA
20,3,4,"delta_1",0,NA
20,3,4,"delta_2",0.171184242376073,NA
20,3,4,"delta_3",0.0198568885814163,NA
20,3,4,"delta_4",0.231306331776784,NA
20,4,1,"b_tt_1",-0.125879885899898,0.0273182147277407
20,4,1,"b_tc_1",-0.399240753188978,0.0994395554637708
20,4,1,"b_hw_1",-0.0514348433256119,0.0103279025702579
20,4,1,"b_ch_1",-1.94565783619772,0.277284109319038
20,4,2,"b_tt_1",-9.9581649803211,NA
20,4,2,"b_tt_2",-0.142638458556926,NA
20,4,2,"b_tc_1",-99.7294705390174,NA
20,4,2,"b_tc_2",-0.356982429703298,NA
20,4,2,"b_hw_1",-3.33769247807047,NA
20,4,2,"b_hw_2",-0.0719185000582562,NA
20,4,2,"b_ch_1",-615.09123343015,NA
20,4,2,"b_ch_2",-1.88580088681073,NA
20,4,2,"delta_1",0,NA
20,4,2,"delta_2",0.527974872627016,NA
20,4,3,"b_tt_1",-16.9973047391901,NA
20,4,3,"b_tt_2",-4.60122746226101,NA
20,4,3,"b_tt_3",-0.09616176013054,NA
20,4,3,"b_tc_1",-141.841267199678,NA
20,4,3,"b_tc_2",-12.1211686160124,NA
20,4,3,"b_tc_3",-0.202394660825322,NA
20,4,3,"b_hw_1",-4.26771958797532,NA
20,4,3,"b_hw_2",-2.11220765678858,NA
20,4,3,"b_hw_3",-0.0532163967432279,NA
20,4,3,"b_ch_1",-861.651670987533,NA
20,4,3,"b_ch_2",-67.0674937889829,NA
20,4,3,"b_ch_3",-1.27283120049238,NA
20,4,3,"delta_1",0,NA
20,4,3,"delta_2",0.0350597059787646,NA
20,4,3,"delta_3",-0.0617781419373493,NA
20,4,4,"b_tt_1",-51.8645123237876,NA
20,4,4,"b_tt_2",-49.3224363735454,NA
20,4,4,"b_tt_3",-19.711754628512,NA
20,4,4,"b_tt_4",-0.106870254156099,NA
20,4,4,"b_tc_1",-190.485923060261,NA
20,4,4,"b_tc_2",-147.547701553762,NA
20,4,4,"b_tc_3",-188.255275611935,NA
20,4,4,"b_tc_4",-0.255455647209626,NA
20,4,4,"b_hw_1",-47.8926735315478,NA
20,4,4,"b_hw_2",-14.5473847725323,NA
20,4,4,"b_hw_3",-5.97793667433023,NA
20,4,4,"b_hw_4",-0.0430812396666707,NA
20,4,4,"b_ch_1",-1185.92947509949,NA
20,4,4,"b_ch_2",-522.576837899725,NA
20,4,4,"b_ch_3",-1155.48143652255,NA
20,4,4,"b_ch_4",-0.948906738130829,NA
20,4,4,"delta_1",0,NA
20,4,4,"delta_2",0.19366518480114,NA
20,4,4,"delta_3",0.225228575322932,NA
20,4,4,"delta_4",0.0962632245465566,NA
20,5,1,"b_tt_1",-0.0625631775387245,0.0354548310203863
20,5,1,"b_tc_1",-0.0560847866905354,0.186416503136496
20,5,1,"b_hw_1",-0.0812639887867889,0.0148906248930946
20,5,1,"b_ch_1",-1.89989764019371,0.295675849138792
20,5,2,"b_tt_1",-93.1034436942427,NA
20,5,2,"b_tt_2",-0.000860448637196911,NA
20,5,2,"b_tc_1",-299.34243157587,NA
20,5,2,"b_tc_2",0.208838306255234,NA
20,5,2,"b_hw_1",-34.8893004572709,NA
20,5,2,"b_hw_2",-0.0669844858960172,NA
20,5,2,"b_ch_1",-954.383626015079,NA
20,5,2,"b_ch_2",-1.18543756431187,NA
20,5,2,"delta_1",0,NA
20,5,2,"delta_2",-0.229668007143719,NA
20,5,3,"b_tt_1",-118.808635042768,NA
20,5,3,"b_tt_2",-0.0664981223527885,NA
20,5,3,"b_tt_3",3.07617285383507,NA
20,5,3,"b_tc_1",-376.604176968979,NA
20,5,3,"b_tc_2",-0.469601964882534,NA
20,5,3,"b_tc_3",47.5425740003634,NA
20,5,3,"b_hw_1",-48.4826398838124,NA
20,5,3,"b_hw_2",-0.0645670035652427,NA
20,5,3,"b_hw_3",-6.17512824417562,NA
20,5,3,"b_ch_1",-1316.72707962757,NA
20,5,3,"b_ch_2",-1.10904728115843,NA
20,5,3,"b_ch_3",-92.8687950449606,NA
20,5,3,"delta_1",0,NA
20,5,3,"delta_2",-0.55676061964702,NA
20,5,3,"delta_3",-1.4207747354534,NA
20,5,4,"b_tt_1",-79.1979435061141,NA
20,5,4,"b_tt_2",-16.577104100247,NA
20,5,4,"b_tt_3",-12.2413336467179,NA
20,5,4,"b_tt_4",-0.200443166015878,NA
20,5,4,"b_tc_1",-802.200711078209,NA
20,5,4,"b_tc_2",-132.512243211994,NA
20,5,4,"b_tc_3",377.441249002829,NA
20,5,4,"b_tc_4",-0.641031232690926,NA
20,5,4,"b_hw_1",-10.2148926059273,NA
20,5,4,"b_hw_2",-16.086572133132,NA
20,5,4,"b_hw_3",-60.7599215382559,NA
20,5,4,"b_hw_4",-0.0718995957625323,NA
20,5,4,"b_ch_1",-601.841237236043,NA
20,5,4,"b_ch_2",-183.583335158836,NA
20,5,4,"b_ch_3",-1342.75863568125,NA
20,5,4,"b_ch_4",-1.26116544595271,NA
20,5,4,"delta_1",0,NA
20,5,4,"delta_2",1.13049041774958,NA
20,5,4,"delta_3",0.0937125315088643,NA
20,5,4,"delta_4",0.52969156733678,NA
20,6,1,"b_tt_1",-0.100675920693843,0.0237392188168364
20,6,1,"b_tc_1",-0.409708820873952,0.105965072379891
20,6,1,"b_hw_1",-0.046740528730471,0.00956853697913117
20,6,1,"b_ch_1",-1.38116174323477,0.222425898791387
20,6,2,"b_tt_1",-0.60635643863576,0.0359737478355532
20,6,2,"b_tt_2",-0.160535860893325,0.379454356146487
20,6,2,"b_tc_1",-4.32955139412014,0.145140000699524
20,6,2,"b_tc_2",-0.53604030568425,2.7287887459174
20,6,2,"b_hw_1",-0.35064212441786,0.0134867727338443
20,6,2,"b_hw_2",-0.055837298790048,0.223553044686647
20,6,2,"b_ch_1",3.3980106030069,0.381211206313501
20,6,2,"b_ch_2",-2.243044560871,2.38549436993286
20,6,2,"delta_1",0,NA
20,6,2,"delta_2",1.64375385943359,0.637061742270021
20,6,3,"b_tt_1",-17.2594554355831,NA
20,6,3,"b_tt_2",-1.14806356344769,NA
20,6,3,"b_tt_3",-0.16090876423627,NA
20,6,3,"b_tc_1",-16.506697266503,NA
20,6,3,"b_tc_2",-6.25733986786763,NA
20,6,3,"b_tc_3",-0.650765108307325,NA
20,6,3,"b_hw_1",2.18417045163837,NA
20,6,3,"b_hw_2",-0.15846756320405,NA
20,6,3,"b_hw_3",-0.204651252462218,NA
20,6,3,"b_ch_1",-116.712029081503,NA
20,6,3,"b_ch_2",-4.66719193937994,NA
20,6,3,"b_ch_3",-1.81728697707892,NA
20,6,3,"delta_1",0,NA
20,6,3,"delta_2",0.951701629750758,NA
20,6,3,"delta_3",0.348681943891991,NA
20,6,4,"b_tt_1",-43.0010563851628,NA
20,6,4,"b_tt_2",-19.9166784708888,NA
20,6,4,"b_tt_3",-19.3303902086516,NA
20,6,4,"b_tt_4",-0.940550240800599,NA
20,6,4,"b_tc_1",-164.895537915385,NA
20,6,4,"b_tc_2",-18.9545760591142,NA
20,6,4,"b_tc_3",-175.807505630957,NA
20,6,4,"b_tc_4",-5.07176796646624,NA
20,6,4,"b_hw_1",-54.6520172194741,NA
20,6,4,"b_hw_2",2.44271355276698,NA
20,6,4,"b_hw_3",-3.92334536895145,NA
20,6,4,"b_hw_4",-0.152882531923685,NA
20,6,4,"b_ch_1",-218.726100768421,NA
20,6,4,"b_ch_2",-135.065491939668,NA
20,6,4,"b_ch_3",-1755.13295747391,NA
20,6,4,"b_ch_4",-3.6260182210615,NA
20,6,4,"delta_1",0,NA
20,6,4,"delta_2",0.565192685878871,NA
20,6,4,"delta_3",0.961404924745285,NA
20,6,4,"delta_4",1.2307462476966,NA
20,7,1,"b_tt_1",-0.0380828060518292,0.0169043605401792
20,7,1,"b_tc_1",-0.174857705301172,0.0988669305899472
20,7,1,"b_hw_1",-0.038729570175312,0.00849837986319087
20,7,1,"b_ch_1",-1.34064857325076,0.202954955730329
20,7,2,"b_tt_1",-0.301469286263731,0.0177994124382572
20,7,2,"b_tt_2",-0.0306959428679531,0.219349528546345
20,7,2,"b_tc_1",-3.49090118140177,0.0988755053413078
20,7,2,"b_tc_2",-0.102032508272036,1.71723434790608
20,7,2,"b_hw_1",-0.111930063415639,0.010724233360777
20,7,2,"b_hw_2",-0.0366162321917808,0.0679062161732605
20,7,2,"b_ch_1",-6.00911416986444,0.243452234015606
20,7,2,"b_ch_2",-0.970679952629962,2.77869325825842
20,7,2,"delta_1",0,NA
20,7,2,"delta_2",0.494218105731196,0.55477941067106
20,7,3,"b_tt_1",-0.48515750704323,0.373409166262931
20,7,3,"b_tt_2",-0.0763664106693308,0.0369040065013321
20,7,3,"b_tt_3",-0.068283472175828,0.0800922702564702
20,7,3,"b_tc_1",-5.03351573917973,3.35474111643532
20,7,3,"b_tc_2",-0.455695880230763,0.229291798104224
20,7,3,"b_tc_3",0.242199665654998,0.426489066900778
20,7,3,"b_hw_1",-0.109698912294833,0.0620102127053275
20,7,3,"b_hw_2",-0.0263565025558719,0.0111976123735354
20,7,3,"b_hw_3",-0.323854262816104,0.199524093153925
20,7,3,"b_ch_1",-10.2938239839357,7.48146127172075
20,7,3,"b_ch_2",-0.687280287767914,0.258451856424284
20,7,3,"b_ch_3",-7.67634957409839,4.43214896768595
20,7,3,"delta_1",0,NA
20,7,3,"delta_2",0.361908240359034,0.616906428726526
20,7,3,"delta_3",-0.174151380118747,0.788325324738952
20,7,4,"b_tt_1",-35.3776555589184,NA
20,7,4,"b_tt_2",-1.56252796925088,NA
20,7,4,"b_tt_3",-0.141666308633107,NA
20,7,4,"b_tt_4",-0.0180906853475608,NA
20,7,4,"b_tc_1",-134.840756537609,NA
20,7,4,"b_tc_2",-9.56404713288984,NA
20,7,4,"b_tc_3",-0.901582914487798,NA
20,7,4,"b_tc_4",0.0688288993354992,NA
20,7,4,"b_hw_1",-66.2067611229478,NA
20,7,4,"b_hw_2",-0.0714436716378916,NA
20,7,4,"b_hw_3",-0.0361006288628024,NA
20,7,4,"b_hw_4",-0.0405843545715576,NA
20,7,4,"b_ch_1",-1820.3570495314,NA
20,7,4,"b_ch_2",-9.69071658714227,NA
20,7,4,"b_ch_3",-0.150077846979925,NA
20,7,4,"b_ch_4",-1.6387807897172,NA
20,7,4,"delta_1",0,NA
20,7,4,"delta_2",-0.34019663986367,NA
20,7,4,"delta_3",-0.296430649094706,NA
20,7,4,"delta_4",0.383139993694328,NA
20,8,1,"b_tt_1",-0.122700102180501,0.0299893866359047
20,8,1,"b_tc_1",-0.436177012408704,0.125223647837886
20,8,1,"b_hw_1",-0.0341654334866978,0.00806803284733649
20,8,1,"b_ch_1",-1.06656486739826,0.190035411805238
20,8,2,"b_tt_1",-0.365428932433045,NA
20,8,2,"b_tt_2",-0.18904952737975,NA
20,8,2,"b_tc_1",-0.514265547272728,NA
20,8,2,"b_tc_2",-0.773932399664767,NA
20,8,2,"b_hw_1",-0.0906412669916609,NA
20,8,2,"b_hw_2",-0.0238494976440194,NA
20,8,2,"b_ch_1",-38.1244131588923,NA
20,8,2,"b_ch_2",-0.25731505623897,NA
20,8,2,"delta_1",0,NA
20,8,2,"delta_2",0.234773818198219,NA
20,8,3,"b_tt_1",-74.70147661136,NA
20,8,3,"b_tt_2",-0.236404058828379,NA
20,8,3,"b_tt_3",0.14996484978792,NA
20,8,3,"b_tc_1",-146.675868101553,NA
20,8,3,"b_tc_2",-1.03366857843346,NA
20,8,3,"b_tc_3",0.712982865975724,NA
20,8,3,"b_hw_1",-39.5258592304403,NA
20,8,3,"b_hw_2",0.000167321553428952,NA
20,8,3,"b_hw_3",-16.4184360278047,NA
20,8,3,"b_ch_1",-1517.73728280342,NA
20,8,3,"b_ch_2",-0.817959495303897,NA
20,8,3,"b_ch_3",-0.00974841441774069,NA
20,8,3,"delta_1",0,NA
20,8,3,"delta_2",-0.0716457415639491,NA
20,8,3,"delta_3",-0.973104423327994,NA
20,8,4,"b_tt_1",-23.1127151110237,NA
20,8,4,"b_tt_2",-21.5764406789432,NA
20,8,4,"b_tt_3",-0.166427450888002,NA
20,8,4,"b_tt_4",0.231232772817451,NA
20,8,4,"b_tc_1",-46.3434697334455,NA
20,8,4,"b_tc_2",-52.3052332282442,NA
20,8,4,"b_tc_3",-0.835493830605385,NA
20,8,4,"b_tc_4",1.04331746195494,NA
20,8,4,"b_hw_1",-8.26823682813408,NA
20,8,4,"b_hw_2",-1.7411622994437,NA
20,8,4,"b_hw_3",0.00196581224503902,NA
20,8,4,"b_hw_4",-26.8617647119268,NA
20,8,4,"b_ch_1",-518.611919579459,NA
20,8,4,"b_ch_2",-128.973129023379,NA
20,8,4,"b_ch_3",-0.676935448804298,NA
20,8,4,"b_ch_4",0.214630503904998,NA
20,8,4,"delta_1",0,NA
20,8,4,"delta_2",-0.348229825984696,NA
20,8,4,"delta_3",0.00619060630414848,NA
20,8,4,"delta_4",-0.690351919715922,NA
20,9,1,"b_tt_1",-0.089308427363257,0.0265801257566531
20,9,1,"b_tc_1",-0.013477227707491,0.0739004487232623
20,9,1,"b_hw_1",-0.0492159540902429,0.0106543085599889
20,9,1,"b_ch_1",-1.48252697311918,0.239636869973692
20,9,2,"b_tt_1",-338.456092190449,NA
20,9,2,"b_tt_2",-0.070131209276995,NA
20,9,2,"b_tc_1",-1033.95240347435,NA
20,9,2,"b_tc_2",0.168336832680196,NA
20,9,2,"b_hw_1",-43.8882939322885,NA
20,9,2,"b_hw_2",-0.0651712642291398,NA
20,9,2,"b_ch_1",-5696.46533885635,NA
20,9,2,"b_ch_2",-1.05269128925503,NA
20,9,2,"delta_1",0,NA
20,9,2,"delta_2",0.0612613268140285,NA
20,9,3,"b_tt_1",-320.367796676611,NA
20,9,3,"b_tt_2",-0.269246429129645,NA
20,9,3,"b_tt_3",-0.0399100660480439,NA
20,9,3,"b_tc_1",-978.68022310059,NA
20,9,3,"b_tc_2",-0.498401049395695,NA
20,9,3,"b_tc_3",0.28811140201593,NA
20,9,3,"b_hw_1",-41.543641283871,NA
20,9,3,"b_hw_2",-0.158572876790173,NA
20,9,3,"b_hw_3",-0.0288467290502722,NA
20,9,3,"b_ch_1",-5391.98052740187,NA
20,9,3,"b_ch_2",-1.83435030426894,NA
20,9,3,"b_ch_3",-1.35342733774126,NA
20,9,3,"delta_1",0,NA
20,9,3,"delta_2",-0.537088122310961,NA
20,9,3,"delta_3",-0.547228702856326,NA
20,9,4,"b_tt_1",-36.8719245629193,NA
20,9,4,"b_tt_2",-0.469119269116056,NA
20,9,4,"b_tt_3",0.292077619092558,NA
20,9,4,"b_tt_4",5.46106648550603,NA
20,9,4,"b_tc_1",101.089810702638,NA
20,9,4,"b_tc_2",-1.17043843051922,NA
20,9,4,"b_tc_3",1.82124154322134,NA
20,9,4,"b_tc_4",-181.674509157334,NA
20,9,4,"b_hw_1",-38.734489682174,NA
20,9,4,"b_hw_2",-0.092684709226669,NA
20,9,4,"b_hw_3",0.0153355571693875,NA
20,9,4,"b_hw_4",-15.0647409868606,NA
20,9,4,"b_ch_1",-714.478910516701,NA
20,9,4,"b_ch_2",-7.7742023096084,NA
20,9,4,"b_ch_3",-0.0401693417092116,NA
20,9,4,"b_ch_4",-63.522352346164,NA
20,9,4,"delta_1",0,NA
20,9,4,"delta_2",0.983407690185641,NA
20,9,4,"delta_3",-1.46129007857384,NA
20,9,4,"delta_4",-1.58206387689927,NA
20,10,1,"b_tt_1",-0.0860327765339105,0.027106046737376
20,10,1,"b_tc_1",-0.429778451439161,0.127645559358369
20,10,1,"b_hw_1",-0.0441960352981304,0.00881265844869349
20,10,1,"b_ch_1",-1.19476060803773,0.198110965099227
20,10,2,"b_tt_1",-1.01667194794686,0.450046366861035
20,10,2,"b_tt_2",-0.055555842521362,0.0230580097136706
20,10,2,"b_tc_1",-4.71927367928375,2.06285497476381
20,10,2,"b_tc_2",-0.269508796934487,0.100080677889714
20,10,2,"b_hw_1",-0.0876968352131521,0.0436831678678978
20,10,2,"b_hw_2",-0.0558739031711041,0.0126488257685881
20,10,2,"b_ch_1",-6.37032415249719,2.80887070461703
20,10,2,"b_ch_2",-0.860165856103929,0.253153618922692
20,10,2,"delta_1",0,NA
20,10,2,"delta_2",0.478038325163502,0.52513423500274
20,10,3,"b_tt_1",-0.848211923240826,NA
20,10,3,"b_tt_2",-0.40106407787064,NA
20,10,3,"b_tt_3",-0.189264651914775,NA
20,10,3,"b_tc_1",-3.4668954009696,NA
20,10,3,"b_tc_2",-0.406817016635695,NA
20,10,3,"b_tc_3",-1.56025622975101,NA
20,10,3,"b_hw_1",-0.0533230772703355,NA
20,10,3,"b_hw_2",-0.0391965812283077,NA
20,10,3,"b_hw_3",-0.0990385208567085,NA
20,10,3,"b_ch_1",-37.4956719520846,NA
20,10,3,"b_ch_2",-1.20007967311681,NA
20,10,3,"b_ch_3",-1.38439345499541,NA
20,10,3,"delta_1",0,NA
20,10,3,"delta_2",-0.739590967867237,NA
20,10,3,"delta_3",0.361302830197854,NA
20,10,4,"b_tt_1",-38.531462775322,NA
20,10,4,"b_tt_2",-0.837174280289431,NA
20,10,4,"b_tt_3",-0.459189778992858,NA
20,10,4,"b_tt_4",-0.29796799357276,NA
20,10,4,"b_tc_1",-171.470058815384,NA
20,10,4,"b_tc_2",-3.36903830937892,NA
20,10,4,"b_tc_3",-0.665584662627346,NA
20,10,4,"b_tc_4",-2.21785629606547,NA
20,10,4,"b_hw_1",-66.6042501823623,NA
20,10,4,"b_hw_2",-0.0511205156171319,NA
20,10,4,"b_hw_3",-0.0524069812631311,NA
20,10,4,"b_hw_4",-0.0858028285755343,NA
20,10,4,"b_ch_1",-1000.99547801021,NA
20,10,4,"b_ch_2",-36.7251339249767,NA
20,10,4,"b_ch_3",-0.897208638172954,NA
20,10,4,"b_ch_4",-0.787238051570348,NA
20,10,4,"delta_1",0,NA
20,10,4,"delta_2",0.383767223703834,NA
20,10,4,"delta_3",-0.11875258757976,NA
20,10,4,"delta_4",-0.0338942434192978,NA
20,11,1,"b_tt_1",-0.0270835886073191,0.0199003881497565
20,11,1,"b_tc_1",0.0733505716583431,0.0674158148132205
20,11,1,"b_hw_1",-0.0445452564667742,0.00806508309698489
20,11,1,"b_ch_1",-0.625195814987662,0.165250202567332
20,11,2,"b_tt_1",-1.70423046162841,2.12241644900181
20,11,2,"b_tt_2",-0.0464366855693988,0.0287649290605975
20,11,2,"b_tc_1",-11.0154176637327,12.56422177786
20,11,2,"b_tc_2",0.0820607602611038,0.081304506146239
20,11,2,"b_hw_1",-1.04768487710249,1.16460209895503
20,11,2,"b_hw_2",-0.0378918540918374,0.00968321220583754
20,11,2,"b_ch_1",-2.65919910138164,3.52771198806436
20,11,2,"b_ch_2",-0.769324145594252,0.203904546583019
20,11,2,"delta_1",0,NA
20,11,2,"delta_2",1.12352391901565,0.587057353576612
20,11,3,"b_tt_1",-0.415451105287648,0.196577382231785
20,11,3,"b_tt_2",-0.216305099794269,0.0742571478554317
20,11,3,"b_tt_3",-0.0362706506230199,0.0752421154870601
20,11,3,"b_tc_1",-3.2511155747558,1.53856803084627
20,11,3,"b_tc_2",-0.778452591070798,0.294618229221116
20,11,3,"b_tc_3",0.376901594801074,0.209762263361732
20,11,3,"b_hw_1",-0.275575149045205,0.154405917204773
20,11,3,"b_hw_2",-0.0341129545732589,0.0181194098654792
20,11,3,"b_hw_3",-0.0662200384487473,0.0243725925434793
20,11,3,"b_ch_1",0.33899176989595,1.19177047726424
20,11,3,"b_ch_2",-0.747148773166478,0.381014902757801
20,11,3,"b_ch_3",-1.42074758131936,0.514191747032255
20,11,3,"delta_1",0,NA
20,11,3,"delta_2",0.321647920816473,0.724641752374902
20,11,3,"delta_3",0.61494091348165,0.676896375832846
20,11,4,"b_tt_1",-0.77570097870091,0.35093038595036
20,11,4,"b_tt_2",-0.57839630533377,0.375821944081923
20,11,4,"b_tt_3",-0.413158148218629,0.0684755311327348
20,11,4,"b_tt_4",-0.0275116146118872,0.190583060615081
20,11,4,"b_tc_1",-2.59959721655629,2.01026741623756
20,11,4,"b_tc_2",-3.45091638701473,1.30466645155218
20,11,4,"b_tc_3",-3.24018323881432,0.190046030086525
20,11,4,"b_tc_4",0.393222109439847,1.4914332943046
20,11,4,"b_hw_1",-0.177038560761323,0.0242338717097387
20,11,4,"b_hw_2",0.0249917995753387,0.0984574374914983
20,11,4,"b_hw_3",-0.269665130395102,0.0213669025037865
20,11,4,"b_hw_4",-0.0654492523302766,0.15389564381172
20,11,4,"b_ch_1",-3.18330145328271,0.64950582686463
20,11,4,"b_ch_2",0.645897394377281,1.62566551220703
20,11,4,"b_ch_3",0.458302701567747,0.44660179986286
20,11,4,"b_ch_4",-1.42076151465274,1.00127601577161
20,11,4,"delta_1",0,NA
20,11,4,"delta_2",-0.439147038259376,0.895041418840921
20,11,4,"delta_3",0.126028409162761,0.830595853795307
20,11,4,"delta_4",0.771007996132562,0.851603488184699
20,12,1,"b_tt_1",-0.0400124396851912,0.0135003650995467
20,12,1,"b_tc_1",-0.112583099754819,0.0406059100564389
20,12,1,"b_hw_1",-0.0269564846233343,0.00783103166451409
20,12,1,"b_ch_1",-1.15254310449233,0.185632390612818
20,12,2,"b_tt_1",-0.340640316302528,0.0187627925741755
20,12,2,"b_tt_2",-0.0170141932397049,0.162603109304212
20,12,2,"b_tc_1",-0.198333032965013,0.0528992219913352
20,12,2,"b_tc_2",-0.162641740089831,0.419349819193595
20,12,2,"b_hw_1",-0.0740797013360056,0.0139303452044001
20,12,2,"b_hw_2",-0.0346529223585942,0.0355462231266048
20,12,2,"b_ch_1",-0.763601936024865,0.3484790223197
20,12,2,"b_ch_2",-2.13554722769882,0.721080796360729
20,12,2,"delta_1",0,NA
20,12,2,"delta_2",1.09815347731813,0.58605167464171
20,12,3,"b_tt_1",-0.629967198955207,NA
20,12,3,"b_tt_2",-0.325930707897783,NA
20,12,3,"b_tt_3",-0.0870404874056918,NA
20,12,3,"b_tc_1",-0.723828849611897,NA
20,12,3,"b_tc_2",-0.223848537767907,NA
20,12,3,"b_tc_3",-0.822235116957055,NA
20,12,3,"b_hw_1",-0.16477697709783,NA
20,12,3,"b_hw_2",-0.0641246311851104,NA
20,12,3,"b_hw_3",-0.0402445539660974,NA
20,12,3,"b_ch_1",-43.3693188022517,NA
20,12,3,"b_ch_2",-0.562503336559352,NA
20,12,3,"b_ch_3",-2.33476493564311,NA
20,12,3,"delta_1",0,NA
20,12,3,"delta_2",-0.402062749389624,NA
20,12,3,"delta_3",0.276430900926298,NA
20,12,4,"b_tt_1",-36.0169775375246,NA
20,12,4,"b_tt_2",-31.6907661425741,NA
20,12,4,"b_tt_3",-0.527679555518841,NA
20,12,4,"b_tt_4",-0.0862224161178597,NA
20,12,4,"b_tc_1",-34.1596720430174,NA
20,12,4,"b_tc_2",2.28666493576221,NA
20,12,4,"b_tc_3",-0.572992876253162,NA
20,12,4,"b_tc_4",-0.815731504399442,NA
20,12,4,"b_hw_1",-3.78128686694091,NA
20,12,4,"b_hw_2",-9.29421060602147,NA
20,12,4,"b_hw_3",-0.126393369274274,NA
20,12,4,"b_hw_4",-0.0392869242345254,NA
20,12,4,"b_ch_1",-152.752018036582,NA
20,12,4,"b_ch_2",-6.48794071169862,NA
20,12,4,"b_ch_3",-582.736631936222,NA
20,12,4,"b_ch_4",-2.31568216561175,NA
20,12,4,"delta_1",0,NA
20,12,4,"delta_2",-0.217533720631322,NA
20,12,4,"delta_3",0.91391022346079,NA
20,12,4,"delta_4",1.19888818365263,NA
20,13,1,"b_tt_1",-0.0506646475906315,0.0189572497299336
20,13,1,"b_tc_1",-0.00833136787021816,0.0612768964810048
20,13,1,"b_hw_1",-0.0386319622211514,0.00788460146586902
20,13,1,"b_ch_1",-0.913104201605206,0.169507222743244
20,13,2,"b_tt_1",-4.65384435167493,NA
20,13,2,"b_tt_2",-0.0410311755463711,NA
20,13,2,"b_tc_1",26.9826798397106,NA
20,13,2,"b_tc_2",-0.105637948521398,NA
20,13,2,"b_hw_1",-3.59647054664213,NA
20,13,2,"b_hw_2",-0.0414565326593953,NA
20,13,2,"b_ch_1",-120.411164840296,NA
20,13,2,"b_ch_2",-0.791296149881878,NA
20,13,2,"delta_1",0,NA
20,13,2,"delta_2",0.921317003377066,NA
20,13,3,"b_tt_1",-4.63477872899556,NA
20,13,3,"b_tt_2",-1.01241345130976,NA
20,13,3,"b_tt_3",-0.054801782597847,NA
20,13,3,"b_tc_1",34.4935701572825,NA
20,13,3,"b_tc_2",-3.57560719634871,NA
20,13,3,"b_tc_3",-0.128054115590805,NA
20,13,3,"b_hw_1",-4.17791658407451,NA
20,13,3,"b_hw_2",-5.57872403856556,NA
20,13,3,"b_hw_3",-0.0189553138137665,NA
20,13,3,"b_ch_1",-145.205366830647,NA
20,13,3,"b_ch_2",-85.5929515816977,NA
20,13,3,"b_ch_3",-0.484452103956006,NA
20,13,3,"delta_1",0,NA
20,13,3,"delta_2",0.11404821313139,NA
20,13,3,"delta_3",0.463082500881538,NA
20,13,4,"b_tt_1",-214.988794437823,NA
20,13,4,"b_tt_2",-15.893662532057,NA
20,13,4,"b_tt_3",-10.0485531520065,NA
20,13,4,"b_tt_4",-0.0555946979958258,NA
20,13,4,"b_tc_1",-838.673830076553,NA
20,13,4,"b_tc_2",-72.0350541086954,NA
20,13,4,"b_tc_3",52.8858531261586,NA
20,13,4,"b_tc_4",-0.0864276745872524,NA
20,13,4,"b_hw_1",-3.83261473849957,NA
20,13,4,"b_hw_2",-29.8824615824357,NA
20,13,4,"b_hw_3",-7.34160761392605,NA
20,13,4,"b_hw_4",-0.0298175028394455,NA
20,13,4,"b_ch_1",-1118.03991417252,NA
20,13,4,"b_ch_2",-459.462625540147,NA
20,13,4,"b_ch_3",-247.567094007916,NA
20,13,4,"b_ch_4",-0.444485672378673,NA
20,13,4,"delta_1",0,NA
20,13,4,"delta_2",0.990398469690024,NA
20,13,4,"delta_3",1.00132730714953,NA
20,13,4,"delta_4",1.29626084597144,NA
20,14,1,"b_tt_1",-0.0429370222261439,0.0145746762337858
20,14,1,"b_tc_1",-0.113038508303335,0.0497361838146573
20,14,1,"b_hw_1",-0.036535567774118,0.00776205172084298
20,14,1,"b_ch_1",-1.04734457657862,0.177382944511842
20,14,2,"b_tt_1",-0.085318264529921,0.0251107434690943
20,14,2,"b_tt_2",0.00944863172423631,0.0413961850000326
20,14,2,"b_tc_1",-0.17465742741652,0.0659206387840411
20,14,2,"b_tc_2",-0.152474024742992,0.201150629450345
20,14,2,"b_hw_1",-0.0496107761994883,0.0127714729018063
20,14,2,"b_hw_2",-0.0313352650154476,0.0165632057676746
20,14,2,"b_ch_1",-0.510170126214122,0.246530849582749
20,14,2,"b_ch_2",-3.61043750047563,1.23306694404171
20,14,2,"delta_1",0,NA
20,14,2,"delta_2",-0.112947477987628,0.500736124350535
20,14,3,"b_tt_1",-0.0966496457717727,NA
20,14,3,"b_tt_2",0.00653605251690503,NA
20,14,3,"b_tt_3",15.1064993046779,NA
20,14,3,"b_tc_1",-0.178875111044939,NA
20,14,3,"b_tc_2",-0.0912434046945803,NA
20,14,3,"b_tc_3",-69.5723374189684,NA
20,14,3,"b_hw_1",-0.0600731365088508,NA
20,14,3,"b_hw_2",-0.061221998607166,NA
20,14,3,"b_hw_3",-2.10261305057204,NA
20,14,3,"b_ch_1",-0.686836783772648,NA
20,14,3,"b_ch_2",-3.3769809746865,NA
20,14,3,"b_ch_3",-164.369553052485,NA
20,14,3,"delta_1",0,NA
20,14,3,"delta_2",-0.161827042060544,NA
20,14,3,"delta_3",-1.10983919495887,NA
20,14,4,"b_tt_1",-91.3574961261116,NA
20,14,4,"b_tt_2",-48.0670621404458,NA
20,14,4,"b_tt_3",-0.103252794616319,NA
20,14,4,"b_tt_4",-0.0149316463389465,NA
20,14,4,"b_tc_1",-201.004943267543,NA
20,14,4,"b_tc_2",-726.873123954657,NA
20,14,4,"b_tc_3",-0.186554383621036,NA
20,14,4,"b_tc_4",-0.191595559032815,NA
20,14,4,"b_hw_1",-24.6742238016821,NA
20,14,4,"b_hw_2",-2.13316637045503,NA
20,14,4,"b_hw_3",-0.0621147793666021,NA
20,14,4,"b_hw_4",-0.0797699888835591,NA
20,14,4,"b_ch_1",-1827.40471121983,NA
20,14,4,"b_ch_2",-1143.68828499996,NA
20,14,4,"b_ch_3",-0.494807381366642,NA
20,14,4,"b_ch_4",-2.68833988790703,NA
20,14,4,"delta_1",0,NA
20,14,4,"delta_2",0.12239045085989,NA
20,14,4,"delta_3",0.693476135826266,NA
20,14,4,"delta_4",0.183306738261903,NA
20,15,1,"b_tt_1",-0.0938320027463694,0.0257933244258414
20,15,1,"b_tc_1",-0.222887276133689,0.0723974174933174
20,15,1,"b_hw_1",-0.0410192326123882,0.00855925466362937
20,15,1,"b_ch_1",-0.813297101605336,0.174733084336106
20,15,2,"b_tt_1",-0.131158500648826,0.0287926870550084
20,15,2,"b_tt_2",-0.108849506801901,0.17854321558607
20,15,2,"b_tc_1",-2.36581066074085,0.077058068799779
20,15,2,"b_tc_2",-0.230209775967822,0.872856957639044
20,15,2,"b_hw_1",-0.123824171268544,0.0110074893709985
20,15,2,"b_hw_2",-0.0373826927834722,0.0444269003684844
20,15,2,"b_ch_1",0.222899988849018,0.257304908459478
20,15,2,"b_ch_2",-1.19972014208461,0.719604718385016
20,15,2,"delta_1",0,NA
20,15,2,"delta_2",1.05638789431198,0.591279411924659
20,15,3,"b_tt_1",-16.4329863108662,NA
20,15,3,"b_tt_2",-0.306266397966793,NA
20,15,3,"b_tt_3",-0.19497369175434,NA
20,15,3,"b_tc_1",-30.6157739299341,NA
20,15,3,"b_tc_2",-2.2613139451257,NA
20,15,3,"b_tc_3",-0.404458959180966,NA
20,15,3,"b_hw_1",-28.5858585531528,NA
20,15,3,"b_hw_2",-0.0814561030114501,NA
20,15,3,"b_hw_3",-0.0348395890790333,NA
20,15,3,"b_ch_1",521.265587429751,NA
20,15,3,"b_ch_2",-1.38842055216306,NA
20,15,3,"b_ch_3",-1.23815559300562,NA
20,15,3,"delta_1",0,NA
20,15,3,"delta_2",1.36524794277956,NA
20,15,3,"delta_3",1.62734245999554,NA
20,15,4,"b_tt_1",-16.9217667360893,NA
20,15,4,"b_tt_2",-10.6741956304535,NA
20,15,4,"b_tt_3",-2.72249732525655,NA
20,15,4,"b_tt_4",-0.108266051969632,NA
20,15,4,"b_tc_1",-31.4287985151473,NA
20,15,4,"b_tc_2",-218.208634329729,NA
20,15,4,"b_tc_3",-7.14681277096612,NA
20,15,4,"b_tc_4",-0.28308769502489,NA
20,15,4,"b_hw_1",-28.2102366293582,NA
20,15,4,"b_hw_2",-11.6406518908341,NA
20,15,4,"b_hw_3",-0.277880749522706,NA
20,15,4,"b_hw_4",-0.00652441574629523,NA
20,15,4,"b_ch_1",496.651110809228,NA
20,15,4,"b_ch_2",-78.975636907641,NA
20,15,4,"b_ch_3",-5.0558361427608,NA
20,15,4,"b_ch_4",-0.747616298163811,NA
20,15,4,"delta_1",0,NA
20,15,4,"delta_2",0.722563679029134,NA
20,15,4,"delta_3",1.31157132953769,NA
20,15,4,"delta_4",1.17318841495643,NA
20,16,1,"b_tt_1",-0.198081878150153,0.0527262860769297
20,16,1,"b_tc_1",-0.541670846256379,0.160131370967387
20,16,1,"b_hw_1",-0.037218623005294,0.00883713749356136
20,16,1,"b_ch_1",-1.71056160662442,0.276206030703685
20,16,2,"b_tt_1",-0.235549411590317,0.0813477043575361
20,16,2,"b_tt_2",-0.178919223201794,0.0852413504085713
20,16,2,"b_tc_1",-0.795609135806798,0.264977058218454
20,16,2,"b_tc_2",-0.402538273714521,0.228737259273796
20,16,2,"b_hw_1",-0.0694277588071024,0.0231948281453165
20,16,2,"b_hw_2",-0.00436575217257362,0.0192688143111468
20,16,2,"b_ch_1",-2.44578965466184,0.559676456778364
20,16,2,"b_ch_2",-0.836617028091973,0.523430814805867
20,16,2,"delta_1",0,NA
20,16,2,"delta_2",-1.24780751622699,0.793209134407346
20,16,3,"b_tt_1",-0.892998884205653,NA
20,16,3,"b_tt_2",-0.214209811561852,NA
20,16,3,"b_tt_3",-0.172277271971487,NA
20,16,3,"b_tc_1",-5.77639643399426,NA
20,16,3,"b_tc_2",-0.0695136458845823,NA
20,16,3,"b_tc_3",-0.389536269474149,NA
20,16,3,"b_hw_1",-0.110957342227183,NA
20,16,3,"b_hw_2",-0.273864203804294,NA
20,16,3,"b_hw_3",-0.005337657862614,NA
20,16,3,"b_ch_1",-71.6313772512205,NA
20,16,3,"b_ch_2",-4.99287513420619,NA
20,16,3,"b_ch_3",-0.771245329288218,NA
20,16,3,"delta_1",0,NA
20,16,3,"delta_2",0.270022485549558,NA
20,16,3,"delta_3",-0.397105795694936,NA
20,16,4,"b_tt_1",-13.8909740994014,NA
20,16,4,"b_tt_2",-0.844666819445082,NA
20,16,4,"b_tt_3",-0.541507350874816,NA
20,16,4,"b_tt_4",-0.1642439531158,NA
20,16,4,"b_tc_1",25.7398550756397,NA
20,16,4,"b_tc_2",-5.44296016943912,NA
20,16,4,"b_tc_3",-0.735732809758286,NA
20,16,4,"b_tc_4",-0.437965557067404,NA
20,16,4,"b_hw_1",-5.48266419363619,NA
20,16,4,"b_hw_2",-0.106262497199371,NA
20,16,4,"b_hw_3",-0.625252410721791,NA
20,16,4,"b_hw_4",-0.0108927283181655,NA
20,16,4,"b_ch_1",-210.815372910022,NA
20,16,4,"b_ch_2",-72.2309447575685,NA
20,16,4,"b_ch_3",-10.7721736804168,NA
20,16,4,"b_ch_4",-0.624118615121679,NA
20,16,4,"delta_1",0,NA
20,16,4,"delta_2",1.12903929695305,NA
20,16,4,"delta_3",1.19019910190753,NA
20,16,4,"delta_4",0.403925737848246,NA
20,17,1,"b_tt_1",-0.0849773452030733,0.0247951023154889
20,17,1,"b_tc_1",-0.310248274430357,0.0823262313365724
20,17,1,"b_hw_1",-0.037368197998441,0.00814754178194385
20,17,1,"b_ch_1",-1.08887975792186,0.186436420976243
20,17,2,"b_tt_1",-130.506530028498,NA
20,17,2,"b_tt_2",-0.0760806666728698,NA
20,17,2,"b_tc_1",-286.866431704354,NA
20,17,2,"b_tc_2",-0.285802372128138,NA
20,17,2,"b_hw_1",-53.3583352309703,NA
20,17,2,"b_hw_2",-0.0254123531146215,NA
20,17,2,"b_ch_1",-3026.19621033814,NA
20,17,2,"b_ch_2",-0.401164954706914,NA
20,17,2,"delta_1",0,NA
20,17,2,"delta_2",0.0461225187303506,NA
20,17,3,"b_tt_1",-0.325681957487428,0.128885859841438
20,17,3,"b_tt_2",-0.320710018480476,0.0675739668351126
20,17,3,"b_tt_3",0.0268865332559651,0.173895229993889
20,17,3,"b_tc_1",-0.600378919737291,0.265568969802002
20,17,3,"b_tc_2",-2.28178821137345,0.350329885474114
20,17,3,"b_tc_3",0.550735881037341,0.941424353277277
20,17,3,"b_hw_1",-0.18047550626723,0.0788394134132221
20,17,3,"b_hw_2",-0.0144131169890815,0.0232314550553956
20,17,3,"b_hw_3",-0.0305251835499557,0.0251069202605211
20,17,3,"b_ch_1",-7.39776264777322,2.73810805408003
20,17,3,"b_ch_2",-0.207758615510367,0.421181842055898
20,17,3,"b_ch_3",-0.340660186492013,0.588850400259316
20,17,3,"delta_1",0,NA
20,17,3,"delta_2",-1.01533839854215,0.659325220259667
20,17,3,"delta_3",-1.1083475532853,0.617854634892851
20,17,4,"b_tt_1",-90.591774545235,NA
20,17,4,"b_tt_2",-22.9710413550239,NA
20,17,4,"b_tt_3",-13.8467220075255,NA
20,17,4,"b_tt_4",-0.0304866524744425,NA
20,17,4,"b_tc_1",-199.012144186723,NA
20,17,4,"b_tc_2",-203.437436118872,NA
20,17,4,"b_tc_3",39.7691717447382,NA
20,17,4,"b_tc_4",-0.0589992295719945,NA
20,17,4,"b_hw_1",-33.7634032110277,NA
20,17,4,"b_hw_2",-3.16558523234736,NA
20,17,4,"b_hw_3",-7.94614589669101,NA
20,17,4,"b_hw_4",-0.0208391677203403,NA
20,17,4,"b_ch_1",-1912.91081992513,NA
20,17,4,"b_ch_2",-293.040997253753,NA
20,17,4,"b_ch_3",-112.280331796381,NA
20,17,4,"b_ch_4",-0.480655617730753,NA
20,17,4,"delta_1",0,NA
20,17,4,"delta_2",-0.505661039886948,NA
20,17,4,"delta_3",-1.4033996200814,NA
20,17,4,"delta_4",-0.438065761478663,NA
20,18,1,"b_tt_1",-0.124627820580878,0.0336368200393839
20,18,1,"b_tc_1",-0.492893071899802,0.135092896182424
20,18,1,"b_hw_1",-0.0189522695848757,0.00776265875979512
20,18,1,"b_ch_1",-1.43568119255449,0.222164068365109
20,18,2,"b_tt_1",-1.75175961870147,0.0351288469202165
20,18,2,"b_tt_2",-0.0761217765889865,0.869673441582571
20,18,2,"b_tc_1",-10.5662837486283,0.117495944717951
20,18,2,"b_tc_2",-0.206750824726076,5.12011555964276
20,18,2,"b_hw_1",-0.269558058504352,0.0111822980675471
20,18,2,"b_hw_2",-0.00412803941213355,0.132306488129917
20,18,2,"b_ch_1",-8.58691821174964,0.334221077933599
20,18,2,"b_ch_2",-1.66875091112067,4.03442206550491
20,18,2,"delta_1",0,NA
20,18,2,"delta_2",0.369404769945214,0.502159044891129
20,18,3,"b_tt_1",-1.80939047343029,NA
20,18,3,"b_tt_2",-0.177270755517623,NA
20,18,3,"b_tt_3",-0.110796450061353,NA
20,18,3,"b_tc_1",-10.9134778643723,NA
20,18,3,"b_tc_2",-2.34946089023034,NA
20,18,3,"b_tc_3",-0.320719121938896,NA
20,18,3,"b_hw_1",-0.278443614404708,NA
20,18,3,"b_hw_2",2.86864785344374,NA
20,18,3,"b_hw_3",-0.0148212036349497,NA
20,18,3,"b_ch_1",-8.85471152293711,NA
20,18,3,"b_ch_2",-13.3385492848994,NA
20,18,3,"b_ch_3",-1.87020830520199,NA
20,18,3,"delta_1",0,NA
20,18,3,"delta_2",-2.05356862455328,NA
20,18,3,"delta_3",0.364791707507121,NA
20,18,4,"b_tt_1",-1.79566675963296,NA
20,18,4,"b_tt_2",-0.667857129842746,NA
20,18,4,"b_tt_3",-0.199464377430243,NA
20,18,4,"b_tt_4",-0.125304188216581,NA
20,18,4,"b_tc_1",-10.8303455703033,NA
20,18,4,"b_tc_2",-2.89919630895572,NA
20,18,4,"b_tc_3",-0.458254766542531,NA
20,18,4,"b_tc_4",-0.631163229761379,NA
20,18,4,"b_hw_1",-0.275950769609018,NA
20,18,4,"b_hw_2",2.82513753848003,NA
20,18,4,"b_hw_3",-0.000605882928755739,NA
20,18,4,"b_hw_4",-0.0777119017234486,NA
20,18,4,"b_ch_1",-8.76391265596617,NA
20,18,4,"b_ch_2",-2.82633346636445,NA
20,18,4,"b_ch_3",-1.90329228855707,NA
20,18,4,"b_ch_4",-3.25752320919918,NA
20,18,4,"delta_1",0,NA
20,18,4,"delta_2",-1.99790629157335,NA
20,18,4,"delta_3",0.00362236508223912,NA
20,18,4,"delta_4",-0.55459797171762,NA
20,19,1,"b_tt_1",-0.0848574448744066,0.0247665226182199
20,19,1,"b_tc_1",-0.228290512080134,0.0920050159543163
20,19,1,"b_hw_1",-0.0473087213538248,0.0101644994642451
20,19,1,"b_ch_1",-1.80422176859407,0.260434137102999
20,19,2,"b_tt_1",-1.54156919341606,0.830887532839249
20,19,2,"b_tt_2",-0.0334229532547176,0.0264079254593145
20,19,2,"b_tc_1",-5.13247903199512,2.76812357598788
20,19,2,"b_tc_2",0.128247942111698,0.0961001964979035
20,19,2,"b_hw_1",-0.239090789618122,0.128173452934713
20,19,2,"b_hw_2",-0.0608494567436582,0.0160279432962306
20,19,2,"b_ch_1",-10.1195587779779,5.35172024980081
20,19,2,"b_ch_2",-1.85475321749934,0.380370892520786
20,19,2,"delta_1",0,NA
20,19,2,"delta_2",0.447691686599003,0.511900352309194
20,19,3,"b_tt_1",-1.5590228469966,NA
20,19,3,"b_tt_2",-0.0434819141726383,NA
20,19,3,"b_tt_3",0.0207987618830701,NA
20,19,3,"b_tc_1",-5.18718435989135,NA
20,19,3,"b_tc_2",0.0834194064762022,NA
20,19,3,"b_tc_3",3.77147695273879,NA
20,19,3,"b_hw_1",-0.242893623843374,NA
20,19,3,"b_hw_2",-0.0523663755481806,NA
20,19,3,"b_hw_3",-1.56781832842996,NA
20,19,3,"b_ch_1",-10.2219404364664,NA
20,19,3,"b_ch_2",-1.98103213062385,NA
20,19,3,"b_ch_3",-28.3432003927705,NA
20,19,3,"delta_1",0,NA
20,19,3,"delta_2",0.374309957846383,NA
20,19,3,"delta_3",-1.7846641237972,NA
20,19,4,"b_tt_1",-1.61687190644518,NA
20,19,4,"b_tt_2",-1.49227209175522,NA
20,19,4,"b_tt_3",-0.0306352985373493,NA
20,19,4,"b_tt_4",109817.431780632,NA
20,19,4,"b_tc_1",-6.94484729200922,NA
20,19,4,"b_tc_2",-4.93909152934286,NA
20,19,4,"b_tc_3",0.168127430386748,NA
20,19,4,"b_tc_4",-537769.590624233,NA
20,19,4,"b_hw_1",0.247818957677841,NA
20,19,4,"b_hw_2",-0.244345351152446,NA
20,19,4,"b_hw_3",-0.0670144190082165,NA
20,19,4,"b_hw_4",310512.155345057,NA
20,19,4,"b_ch_1",-551.920067148663,NA
20,19,4,"b_ch_2",-9.90437942034648,NA
20,19,4,"b_ch_3",-1.67420018886417,NA
20,19,4,"b_ch_4",-5059.50615136927,NA
20,19,4,"delta_1",0,NA
20,19,4,"delta_2",1.06524228205556,NA
20,19,4,"delta_3",1.37302489725664,NA
20,19,4,"delta_4",-1684.36458630226,NA
20,20,1,"b_tt_1",-0.0768748890490099,0.0208974868272144
20,20,1,"b_tc_1",-0.0574457720492101,0.0580766393104935
20,20,1,"b_hw_1",-0.0405301935483462,0.00872257860980838
20,20,1,"b_ch_1",-1.04484913076807,0.193294670639229
20,20,2,"b_tt_1",-0.198789353387781,0.0352456646120912
20,20,2,"b_tt_2",-0.06438254840812,0.0901260212499112
20,20,2,"b_tc_1",-0.506906654064085,0.132016459223982
20,20,2,"b_tc_2",0.137097626215588,0.239894457322219
20,20,2,"b_hw_1",-0.160622538506891,0.0131370710352495
20,20,2,"b_hw_2",-0.0168862448648774,0.0804838497928469
20,20,2,"b_ch_1",-3.16007978225541,0.327613428957554
20,20,2,"b_ch_2",-0.978688054125866,1.41092543990761
20,20,2,"delta_1",0,NA
20,20,2,"delta_2",-0.107118655348629,0.582228992599213
20,20,3,"b_tt_1",-0.182720956519855,NA
20,20,3,"b_tt_2",-0.0966786014885096,NA
20,20,3,"b_tt_3",10.9535213273487,NA
20,20,3,"b_tc_1",-0.455980983741027,NA
20,20,3,"b_tc_2",0.149155340837498,NA
20,20,3,"b_tc_3",2.45415289115039,NA
20,20,3,"b_hw_1",-0.128993981678238,NA
20,20,3,"b_hw_2",-0.00889581015145781,NA
20,20,3,"b_hw_3",-13.6668947305508,NA
20,20,3,"b_ch_1",-3.07823675531584,NA
20,20,3,"b_ch_2",-1.31282468334409,NA
20,20,3,"b_ch_3",-43.1427492272127,NA
20,20,3,"delta_1",0,NA
20,20,3,"delta_2",-0.229036314197482,NA
20,20,3,"delta_3",-1.3685370476053,NA
20,20,4,"b_tt_1",-0.327244268588034,NA
20,20,4,"b_tt_2",-0.266519335242433,NA
20,20,4,"b_tt_3",-0.266355957760761,NA
20,20,4,"b_tt_4",10.4783849082843,NA
20,20,4,"b_tc_1",-0.114477401057967,NA
20,20,4,"b_tc_2",-0.681696228312798,NA
20,20,4,"b_tc_3",-0.885917478104576,NA
20,20,4,"b_tc_4",-0.283508282001373,NA
20,20,4,"b_hw_1",0.0135846902765553,NA
20,20,4,"b_hw_2",-0.212004926635859,NA
20,20,4,"b_hw_3",-0.035439204577901,NA
20,20,4,"b_hw_4",-13.1299349358409,NA
20,20,4,"b_ch_1",-1.525881659374,NA
20,20,4,"b_ch_2",-4.56714768811038,NA
20,20,4,"b_ch_3",-2.26278226603777,NA
20,20,4,"b_ch_4",-41.270019158195,NA
20,20,4,"delta_1",0,NA
20,20,4,"delta_2",0.893997927122612,NA
20,20,4,"delta_3",0.707654502983308,NA
20,20,4,"delta_4",-0.276592961059315,NA
15,1,1,"b_tt_1",-0.0189319730653373,0.0225068126831834
15,1,1,"b_tc_1",0.0562983630278431,0.090312864566844
15,1,1,"b_hw_1",-0.0380331922598471,0.0103723730892944
15,1,1,"b_ch_1",-1.44073817371075,0.239478672697235
15,1,2,"b_tt_1",-0.15060361787032,0.0672718327331458
15,1,2,"b_tt_2",-0.0052675307372658,0.0607930311221055
15,1,2,"b_tc_1",0.272099059407165,0.512016259983361
15,1,2,"b_tc_2",-0.655460267535685,0.154268573593377
15,1,2,"b_hw_1",-0.0626797223545255,0.0248177293168831
15,1,2,"b_hw_2",-0.0470357904494493,0.0269121434258288
15,1,2,"b_ch_1",-2.47209925475333,0.597831616879071
15,1,2,"b_ch_2",-2.10605023477242,0.654148162349463
15,1,2,"delta_1",0,NA
15,1,2,"delta_2",-0.186501593627754,0.793548700447627
15,1,3,"b_tt_1",-9.76700173035484,NA
15,1,3,"b_tt_2",-0.91214965957968,NA
15,1,3,"b_tt_3",-0.136538089185654,NA
15,1,3,"b_tc_1",26.3247730315243,NA
15,1,3,"b_tc_2",-3.27170230840991,NA
15,1,3,"b_tc_3",-1.84465642424442,NA
15,1,3,"b_hw_1",6.40498852220835,NA
15,1,3,"b_hw_2",-0.205829057057036,NA
15,1,3,"b_hw_3",-0.0280478221653698,NA
15,1,3,"b_ch_1",-239.747155103011,NA
15,1,3,"b_ch_2",-6.55499274289735,NA
15,1,3,"b_ch_3",-1.49529975637602,NA
15,1,3,"delta_1",0,NA
15,1,3,"delta_2",1.57759183439468,NA
15,1,3,"delta_3",0.511282630652429,NA
15,1,4,"b_tt_1",-25.6220965106618,NA
15,1,4,"b_tt_2",-1.15521521145073,NA
15,1,4,"b_tt_3",-0.509494875831844,NA
15,1,4,"b_tt_4",13.9204309589272,NA
15,1,4,"b_tc_1",69.3582807069664,NA
15,1,4,"b_tc_2",-4.33642160682795,NA
15,1,4,"b_tc_3",-11.0397427307485,NA
15,1,4,"b_tc_4",16.9098282301856,NA
15,1,4,"b_hw_1",17.0651552306405,NA
15,1,4,"b_hw_2",-0.236309106971622,NA
15,1,4,"b_hw_3",-0.0816709444614641,NA
15,1,4,"b_hw_4",-11.1401721799091,NA
15,1,4,"b_ch_1",-631.789388888224,NA
15,1,4,"b_ch_2",-8.0807395447054,NA
15,1,4,"b_ch_3",-12.5407549462857,NA
15,1,4,"b_ch_4",-48.2836017055975,NA
15,1,4,"delta_1",0,NA
15,1,4,"delta_2",1.42228248779227,NA
15,1,4,"delta_3",0.147636937231615,NA
15,1,4,"delta_4",0.178399244197418,NA
15,2,1,"b_tt_1",-0.150793331181979,0.0432515130750473
15,2,1,"b_tc_1",-0.831913516663413,0.211612077022651
15,2,1,"b_hw_1",-0.0450486350993192,0.0102169681650283
15,2,1,"b_ch_1",-0.999983815768354,0.216053652639952
15,2,2,"b_tt_1",-0.403637267748147,0.14751365397758
15,2,2,"b_tt_2",-0.107221516109634,0.0697780980809039
15,2,2,"b_tc_1",-2.13826593551891,0.907383874431866
15,2,2,"b_tc_2",-0.599960841927038,0.276770867573019
15,2,2,"b_hw_1",-0.133221739041397,0.0455638646862327
15,2,2,"b_hw_2",-0.0595450144739284,0.019016601218534
15,2,2,"b_ch_1",-3.81211487840567,1.10091463803334
15,2,2,"b_ch_2",0.344376515429598,0.372982690938431
15,2,2,"delta_1",0,NA
15,2,2,"delta_2",-0.340680020102031,0.54799093011093
15,2,3,"b_tt_1",-0.39265343052717,NA
15,2,3,"b_tt_2",-0.209873089461353,NA
15,2,3,"b_tt_3",60.2956980437563,NA
15,2,3,"b_tc_1",-2.07080713677868,NA
15,2,3,"b_tc_2",-0.983256264357228,NA
15,2,3,"b_tc_3",161.193860712462,NA
15,2,3,"b_hw_1",-0.130542486556883,NA
15,2,3,"b_hw_2",-0.0725877849935593,NA
15,2,3,"b_hw_3",-20.232218880569,NA
15,2,3,"b_ch_1",-3.7093883464077,NA
15,2,3,"b_ch_2",1.05194780063426,NA
15,2,3,"b_ch_3",-9.64854562778675,NA
15,2,3,"delta_1",0,NA
15,2,3,"delta_2",-0.80564794985407,NA
15,2,3,"delta_3",-1.50436326765015,NA
15,2,4,"b_tt_1",-23.9290993128738,NA
15,2,4,"b_tt_2",-0.393022494057773,NA
15,2,4,"b_tt_3",-0.319180354409657,NA
15,2,4,"b_tt_4",61.5826086441169,NA
15,2,4,"b_tc_1",-169.334466672355,NA
15,2,4,"b_tc_2",-2.07285077066304,NA
15,2,4,"b_tc_3",-1.19812536340428,NA
15,2,4,"b_tc_4",164.602567903682,NA
15,2,4,"b_hw_1",-5.70517771595604,NA
15,2,4,"b_hw_2",-0.130649473471564,NA
15,2,4,"b_hw_3",-0.0713481152875393,NA
15,2,4,"b_hw_4",-20.1439387608442,NA
15,2,4,"b_ch_1",135.219585385273,NA
15,2,4,"b_ch_2",-3.71188928186159,NA
15,2,4,"b_ch_3",0.819152058932968,NA
15,2,4,"b_ch_4",-10.1483476202763,NA
15,2,4,"delta_1",0,NA
15,2,4,"delta_2",1.72362093337078,NA
15,2,4,"delta_3",0.407967603429718,NA
15,2,4,"delta_4",0.220658322814278,NA
15,3,1,"b_tt_1",-0.0201958869968692,0.0240752185205257
15,3,1,"b_tc_1",-0.0124942382669934,0.0580030806223137
15,3,1,"b_hw_1",-0.0583049244931669,0.0139857574072913
15,3,1,"b_ch_1",-1.95167996058172,0.331317330496338
15,3,2,"b_tt_1",-0.976173317722137,0.0375121837591261
15,3,2,"b_tt_2",0.00185869555225461,0.659121515733638
15,3,2,"b_tc_1",-0.924082541402616,0.103023492934079
15,3,2,"b_tc_2",-0.117116359663774,0.69091874151735
15,3,2,"b_hw_1",-1.42124921198709,0.0147118717955059
15,3,2,"b_hw_2",-0.0374019098072481,0.918412192686922
15,3,2,"b_ch_1",-29.3091085651887,0.62605651397058
15,3,2,"b_ch_2",-2.54783400360778,18.9732778536493
15,3,2,"delta_1",0,NA
15,3,2,"delta_2",0.623923357090422,0.719455314019312
15,3,3,"b_tt_1",-0.983672400548823,NA
15,3,3,"b_tt_2",-0.106719145477641,NA
15,3,3,"b_tt_3",-0.0374490726384925,NA
15,3,3,"b_tc_1",-0.92934858532765,NA
15,3,3,"b_tc_2",-62.4653061459054,NA
15,3,3,"b_tc_3",-0.133010735388866,NA
15,3,3,"b_hw_1",-1.43380054502785,NA
15,3,3,"b_hw_2",-1.39611021346255,NA
15,3,3,"b_hw_3",-0.0643932994800099,NA
15,3,3,"b_ch_1",-29.5732515882467,NA
15,3,3,"b_ch_2",-199.787639479007,NA
15,3,3,"b_ch_3",-2.16244542584933,NA
15,3,3,"delta_1",0,NA
15,3,3,"delta_2",-0.0267717124418239,NA
15,3,3,"delta_3",-0.0288000096288699,NA
15,3,4,"b_tt_1",-20.4883794225433,NA
15,3,4,"b_tt_2",-1.21815122673287,NA
15,3,4,"b_tt_3",-0.112049994646041,NA
15,3,4,"b_tt_4",-0.0466606361701993,NA
15,3,4,"b_tc_1",-61.0455179052643,NA
15,3,4,"b_tc_2",-1.15837002737714,NA
15,3,4,"b_tc_3",-102.76895432056,NA
15,3,4,"b_tc_4",-0.151509950152164,NA
15,3,4,"b_hw_1",-1.38385786221897,NA
15,3,4,"b_hw_2",-1.75558017000193,NA
15,3,4,"b_hw_3",-2.29134180161096,NA
15,3,4,"b_hw_4",-0.0663664496051809,NA
15,3,4,"b_ch_1",-414.100779823746,NA
15,3,4,"b_ch_2",-36.2355754153248,NA
15,3,4,"b_ch_3",-282.290576072437,NA
15,3,4,"b_ch_4",-1.91027064699703,NA
15,3,4,"delta_1",0,NA
15,3,4,"delta_2",0.63057831913813,NA
15,3,4,"delta_3",0.706075146292754,NA
15,3,4,"delta_4",0.264755399259038,NA
15,4,1,"b_tt_1",-0.164218490403304,0.0386787277360292
15,4,1,"b_tc_1",-0.585021241633519,0.153696192659457
15,4,1,"b_hw_1",-0.0515560411033963,0.011516334733191
15,4,1,"b_ch_1",-1.68863733601405,0.292554009981059
15,4,2,"b_tt_1",-19.9485778200034,NA
15,4,2,"b_tt_2",-0.160899430891107,NA
15,4,2,"b_tc_1",-282.157353486199,NA
15,4,2,"b_tc_2",-0.406927247990833,NA
15,4,2,"b_hw_1",-13.1003142498775,NA
15,4,2,"b_hw_2",-0.065304523127205,NA
15,4,2,"b_ch_1",-495.620753216841,NA
15,4,2,"b_ch_2",-1.54885362852603,NA
15,4,2,"delta_1",0,NA
15,4,2,"delta_2",0.642607129582501,NA
15,4,3,"b_tt_1",-38.7614012219012,NA
15,4,3,"b_tt_2",-20.9531494979905,NA
15,4,3,"b_tt_3",-0.120213227224229,NA
15,4,3,"b_tc_1",-137.194928978771,NA
15,4,3,"b_tc_2",-484.444796540751,NA
15,4,3,"b_tc_3",-0.279585870353602,NA
15,4,3,"b_hw_1",-12.0313198127957,NA
15,4,3,"b_hw_2",-19.9970930252268,NA
15,4,3,"b_hw_3",-0.0506186894246507,NA
15,4,3,"b_ch_1",-478.739674198526,NA
15,4,3,"b_ch_2",-895.55478000945,NA
15,4,3,"b_ch_3",-1.09845040071973,NA
15,4,3,"delta_1",0,NA
15,4,3,"delta_2",-0.132836030021353,NA
15,4,3,"delta_3",0.189678038436948,NA
15,4,4,"b_tt_1",-70.6889913377447,NA
15,4,4,"b_tt_2",-55.1033959119206,NA
15,4,4,"b_tt_3",-0.120211816068636,NA
15,4,4,"b_tt_4",5958.06521021004,NA
15,4,4,"b_tc_1",-1145.20544952101,NA
15,4,4,"b_tc_2",-194.896652255032,NA
15,4,4,"b_tc_3",-0.279582588885748,NA
15,4,4,"b_tc_4",13187.0438397523,NA
15,4,4,"b_hw_1",-53.7648601168123,NA
15,4,4,"b_hw_2",-16.6906052280492,NA
15,4,4,"b_hw_3",-0.0506187432222815,NA
15,4,4,"b_hw_4",7615.15804584014,NA
15,4,4,"b_ch_1",-2102.84625798257,NA
15,4,4,"b_ch_2",-564.682987544001,NA
15,4,4,"b_ch_3",-1.09844860531372,NA
15,4,4,"b_ch_4",117318.117134426,NA
15,4,4,"delta_1",0,NA
15,4,4,"delta_2",0.132838290624046,NA
15,4,4,"delta_3",0.322512903796284,NA
15,4,4,"delta_4",-147708.879237609,NA
15,5,1,"b_tt_1",-0.029605056649793,0.0369893846437864
15,5,1,"b_tc_1",0.0255558664928973,0.219911089200472
15,5,1,"b_hw_1",-0.0857357984410475,0.0178806158079215
15,5,1,"b_ch_1",-1.79647731596487,0.332407517322225
15,5,2,"b_tt_1",-27.9082156498021,NA
15,5,2,"b_tt_2",0.00595299723672867,NA
15,5,2,"b_tc_1",-105.093382945231,NA
15,5,2,"b_tc_2",0.315727510745238,NA
15,5,2,"b_hw_1",-10.1986165353991,NA
15,5,2,"b_hw_2",-0.0864137871132387,NA
15,5,2,"b_ch_1",-278.733973165599,NA
15,5,2,"b_ch_2",-1.22872644081572,NA
15,5,2,"delta_1",0,NA
15,5,2,"delta_2",0.0811991295956437,NA
15,5,3,"b_tt_1",-13.744090608971,NA
15,5,3,"b_tt_2",-13.7203668792079,NA
15,5,3,"b_tt_3",-0.198475906355077,NA
15,5,3,"b_tc_1",-26.1342499879165,NA
15,5,3,"b_tc_2",-111.187383125296,NA
15,5,3,"b_tc_3",-0.641250844963571,NA
15,5,3,"b_hw_1",-1.3827666968706,NA
15,5,3,"b_hw_2",-11.7333122340184,NA
15,5,3,"b_hw_3",-0.0704145180951654,NA
15,5,3,"b_ch_1",-41.8332764508677,NA
15,5,3,"b_ch_2",-126.399468613852,NA
15,5,3,"b_ch_3",-0.96505044932653,NA
15,5,3,"delta_1",0,NA
15,5,3,"delta_2",0.914837390949226,NA
15,5,3,"delta_3",0.0186002014022678,NA
15,5,4,"b_tt_1",-29.9720313449864,NA
15,5,4,"b_tt_2",-14.7788912419987,NA
15,5,4,"b_tt_3",-13.4162806936294,NA
15,5,4,"b_tt_4",-0.196736388236183,NA
15,5,4,"b_tc_1",-111.528660060059,NA
15,5,4,"b_tc_2",-122.598369577144,NA
15,5,4,"b_tc_3",-25.4303559904807,NA
15,5,4,"b_tc_4",-0.633455607388423,NA
15,5,4,"b_hw_1",-11.0064971830914,NA
15,5,4,"b_hw_2",-12.2895904197668,NA
15,5,4,"b_hw_3",-1.34984881151074,NA
15,5,4,"b_hw_4",-0.0702612605497914,NA
15,5,4,"b_ch_1",-299.373304267602,NA
15,5,4,"b_ch_2",-129.52963134027,NA
15,5,4,"b_ch_3",-40.91029789365,NA
15,5,4,"b_ch_4",-0.956719099197332,NA
15,5,4,"delta_1",0,NA
15,5,4,"delta_2",0.975016765023923,NA
15,5,4,"delta_3",-0.224886516530866,NA
15,5,4,"delta_4",0.246822374193735,NA
15,6,1,"b_tt_1",-0.130932693592244,0.0308611950736399
15,6,1,"b_tc_1",-0.50854157436898,0.13269652466227
15,6,1,"b_hw_1",-0.0374486222093919,0.0108861628141719
15,6,1,"b_ch_1",-1.60898053587308,0.316162550358182
15,6,2,"b_tt_1",-103.811029760184,NA
15,6,2,"b_tt_2",-0.141872784837672,NA
15,6,2,"b_tc_1",-579.543851992519,NA
15,6,2,"b_tc_2",-0.405790300076803,NA
15,6,2,"b_hw_1",-11.3072369261941,NA
15,6,2,"b_hw_2",-0.0386392719035048,NA
15,6,2,"b_ch_1",-421.043639603486,NA
15,6,2,"b_ch_2",-2.20134955361114,NA
15,6,2,"delta_1",0,NA
15,6,2,"delta_2",0.330970011563933,NA
15,6,3,"b_tt_1",-78.451718010215,NA
15,6,3,"b_tt_2",-66.7674657446644,NA
15,6,3,"b_tt_3",-17.7817604148659,NA
15,6,3,"b_tc_1",-71.5290019832048,NA
15,6,3,"b_tc_2",-355.207481677904,NA
15,6,3,"b_tc_3",-183.420173731925,NA
15,6,3,"b_hw_1",10.0810284595776,NA
15,6,3,"b_hw_2",-14.6550147966112,NA
15,6,3,"b_hw_3",-4.18194674216419,NA
15,6,3,"b_ch_1",-537.032643672596,NA
15,6,3,"b_ch_2",-243.453553357108,NA
15,6,3,"b_ch_3",-1700.21311199865,NA
15,6,3,"delta_1",0,NA
15,6,3,"delta_2",0.423814246856694,NA
15,6,3,"delta_3",0.200670695502015,NA
15,6,4,"b_tt_1",-497.052408491452,NA
15,6,4,"b_tt_2",-59.579725363855,NA
15,6,4,"b_tt_3",-32.0649943715743,NA
15,6,4,"b_tt_4",-24.640624550049,NA
15,6,4,"b_tc_1",-393.459109501648,NA
15,6,4,"b_tc_2",-324.897418096743,NA
15,6,4,"b_tc_3",-32.8366344278123,NA
15,6,4,"b_tc_4",-251.953434323387,NA
15,6,4,"b_hw_1",-235.462196783146,NA
15,6,4,"b_hw_2",-14.595686256877,NA
15,6,4,"b_hw_3",3.55616001214557,NA
15,6,4,"b_hw_4",-5.59340493427589,NA
15,6,4,"b_ch_1",-31255.1030836303,NA
15,6,4,"b_ch_2",-230.227458713705,NA
15,6,4,"b_ch_3",-218.475359984446,NA
15,6,4,"b_ch_4",-3091.3106428424,NA
15,6,4,"delta_1",0,NA
15,6,4,"delta_2",2015.02521051529,NA
15,6,4,"delta_3",2014.60139626839,NA
15,6,4,"delta_4",2014.80206696384,NA
15,7,1,"b_tt_1",-0.0337932564429455,0.0178193473386693
15,7,1,"b_tc_1",-0.134853089999036,0.1023396430875
15,7,1,"b_hw_1",-0.0387872834026096,0.00949806207225903
15,7,1,"b_ch_1",-1.17174171996794,0.222029031622669
15,7,2,"b_tt_1",-16.0830784419393,NA
15,7,2,"b_tt_2",-0.0291130684871656,NA
15,7,2,"b_tc_1",-124.358599522343,NA
15,7,2,"b_tc_2",-0.0886134680400401,NA
15,7,2,"b_hw_1",-3.1913856392236,NA
15,7,2,"b_hw_2",-0.0382893937419593,NA
15,7,2,"b_ch_1",-26.2872979894337,NA
15,7,2,"b_ch_2",-1.18396795832292,NA
15,7,2,"delta_1",0,NA
15,7,2,"delta_2",1.2308466257792,NA
15,7,3,"b_tt_1",-16.1254320219312,NA
15,7,3,"b_tt_2",-0.158286392194676,NA
15,7,3,"b_tt_3",-0.0103480625268247,NA
15,7,3,"b_tc_1",-68.0848318668609,NA
15,7,3,"b_tc_2",-1.20396374390356,NA
15,7,3,"b_tc_3",0.166476385348175,NA
15,7,3,"b_hw_1",-20.3006272481947,NA
15,7,3,"b_hw_2",-0.0179742700807483,NA
15,7,3,"b_hw_3",-0.0784286743727179,NA
15,7,3,"b_ch_1",-336.60009250752,NA
15,7,3,"b_ch_2",-1.38470196101948,NA
15,7,3,"b_ch_3",-2.16430746144472,NA
15,7,3,"delta_1",0,NA
15,7,3,"delta_2",0.811578133037767,NA
15,7,3,"delta_3",0.52240583950016,NA
15,7,4,"b_tt_1",-15.1926081866795,NA
15,7,4,"b_tt_2",-0.165892471038498,NA
15,7,4,"b_tt_3",-0.0995480829761545,NA
15,7,4,"b_tt_4",-0.0633136862473759,NA
15,7,4,"b_tc_1",-64.0852009694456,NA
15,7,4,"b_tc_2",-1.25901987637079,NA
15,7,4,"b_tc_3",0.322836878089122,NA
15,7,4,"b_tc_4",0.290885065879745,NA
15,7,4,"b_hw_1",-19.0979351659333,NA
15,7,4,"b_hw_2",-0.0184773898525218,NA
15,7,4,"b_hw_3",-0.025562001622167,NA
15,7,4,"b_hw_4",-0.337093402181106,NA
15,7,4,"b_ch_1",-317.999110850799,NA
15,7,4,"b_ch_2",-1.35571964361489,NA
15,7,4,"b_ch_3",-1.36182729822859,NA
15,7,4,"b_ch_4",-7.94665566137901,NA
15,7,4,"delta_1",0,NA
15,7,4,"delta_2",0.852873261479613,NA
15,7,4,"delta_3",-0.491555107400341,NA
15,7,4,"delta_4",0.307686304635575,NA
15,8,1,"b_tt_1",-0.130121290452081,0.0359031578583291
15,8,1,"b_tc_1",-0.504432838055732,0.150481258596089
15,8,1,"b_hw_1",-0.0275490761593746,0.00972708592168276
15,8,1,"b_ch_1",-1.33490428572489,0.257396617905792
15,8,2,"b_tt_1",-73.2724004011157,NA
15,8,2,"b_tt_2",-0.173175815536865,NA
15,8,2,"b_tc_1",-143.889535219278,NA
15,8,2,"b_tc_2",-0.779667658707204,NA
15,8,2,"b_hw_1",-38.7640598781038,NA
15,8,2,"b_hw_2",-0.0130341782787184,NA
15,8,2,"b_ch_1",-1488.68130912388,NA
15,8,2,"b_ch_2",-0.510282342574566,NA
15,8,2,"delta_1",0,NA
15,8,2,"delta_2",-0.0899670093793805,NA
15,8,3,"b_tt_1",-72.1582156795979,NA
15,8,3,"b_tt_2",-0.217189597262991,NA
15,8,3,"b_tt_3",8.45827924390402,NA
15,8,3,"b_tc_1",-141.713030779056,NA
15,8,3,"b_tc_2",-1.03057416253747,NA
15,8,3,"b_tc_3",50.8355833236622,NA
15,8,3,"b_hw_1",-38.1686021130646,NA
15,8,3,"b_hw_2",-0.00529426592567352,NA
15,8,3,"b_hw_3",-12.0758435818791,NA
15,8,3,"b_ch_1",-1466.08833323452,NA
15,8,3,"b_ch_2",-0.512938109476928,NA
15,8,3,"b_ch_3",-47.3076641829487,NA
15,8,3,"delta_1",0,NA
15,8,3,"delta_2",-0.260824073034899,NA
15,8,3,"delta_3",-2.07164682750711,NA
15,8,4,"b_tt_1",-74.4945552837462,NA
15,8,4,"b_tt_2",-0.212231637221118,NA
15,8,4,"b_tt_3",108.974356427048,NA
15,8,4,"b_tt_4",274.887914549778,NA
15,8,4,"b_tc_1",-146.275421358853,NA
15,8,4,"b_tc_2",-0.911265131926845,NA
15,8,4,"b_tc_3",506.409094066381,NA
15,8,4,"b_tc_4",143.365362174113,NA
15,8,4,"b_hw_1",-39.4138443835968,NA
15,8,4,"b_hw_2",0.00396251028815578,NA
15,8,4,"b_hw_3",-94.7713485462403,NA
15,8,4,"b_hw_4",-16.5970033519465,NA
15,8,4,"b_ch_1",-1513.51048456269,NA
15,8,4,"b_ch_2",-0.498762100824569,NA
15,8,4,"b_ch_3",-392.901431525098,NA
15,8,4,"b_ch_4",-218.248032632301,NA
15,8,4,"delta_1",0,NA
15,8,4,"delta_2",-0.558598771027684,NA
15,8,4,"delta_3",-2.04647858549552,NA
15,8,4,"delta_4",-1.41911463399165,NA
15,9,1,"b_tt_1",-0.0753431649192182,0.0313809979017919
15,9,1,"b_tc_1",0.0992396275693716,0.0892954748692743
15,9,1,"b_hw_1",-0.0443427579176584,0.0128141613808536
15,9,1,"b_ch_1",-1.74139404162498,0.318448486665868
15,9,2,"b_tt_1",-0.708632982216197,0.409752649652267
15,9,2,"b_tt_2",-0.0976867845881742,0.0634241540131171
15,9,2,"b_tc_1",-2.38383873947949,1.49191390412429
15,9,2,"b_tc_2",0.136507792604417,0.155346618211444
15,9,2,"b_hw_1",-0.0883799063372634,0.0495523753558397
15,9,2,"b_hw_2",-0.0608504091200234,0.0212327709196852
15,9,2,"b_ch_1",-11.2698939204129,6.55760158005464
15,9,2,"b_ch_2",-0.981091956684171,0.455943508514862
15,9,2,"delta_1",0,NA
15,9,2,"delta_2",-0.301044104442161,0.589670293759831
15,9,3,"b_tt_1",-0.613667799927229,0.12785027671805
15,9,3,"b_tt_2",-0.397733533325965,0.266014512809969
15,9,3,"b_tt_3",0.281899384330124,4.97158892747383
15,9,3,"b_tc_1",2.74716991432238,0.35768128006353
15,9,3,"b_tc_2",-0.998245812795425,1.41294364879249
15,9,3,"b_tc_3",1.82043515587966,11.7082062175398
15,9,3,"b_hw_1",-1.10249007203464,0.0299020127438779
15,9,3,"b_hw_2",-0.0852634755710006,0.0333606478020471
15,9,3,"b_hw_3",0.0148921912676115,5.14461555019735
15,9,3,"b_ch_1",-10.5224306069311,2.08599666091841
15,9,3,"b_ch_2",-6.69507742789231,0.80964888087527
15,9,3,"b_ch_3",-0.0157233748864422,67.1570600618315
15,9,3,"delta_1",0,NA
15,9,3,"delta_2",1.37430665492149,1.03701843530687
15,9,3,"delta_3",-0.811093934997063,0.703341896482156
15,9,4,"b_tt_1",-8.89727820931453,NA
15,9,4,"b_tt_2",-1.66498541432153,NA
15,9,4,"b_tt_3",-0.564058316935234,NA
15,9,4,"b_tt_4",0.29123305244583,NA
15,9,4,"b_tc_1",21.6425558059191,NA
15,9,4,"b_tc_2",-6.31133675357462,NA
15,9,4,"b_tc_3",-0.872667769207455,NA
15,9,4,"b_tc_4",1.82277570062727,NA
15,9,4,"b_hw_1",-4.69720269633018,NA
15,9,4,"b_hw_2",-0.0507994724655515,NA
15,9,4,"b_hw_3",-18.2514648855198,NA
15,9,4,"b_hw_4",0.0153271784489666,NA
15,9,4,"b_ch_1",-212.246399997482,NA
15,9,4,"b_ch_2",-56.1338522514102,NA
15,9,4,"b_ch_3",-137.397685794737,NA
15,9,4,"b_ch_4",-0.0355562810692413,NA
15,9,4,"delta_1",0,NA
15,9,4,"delta_2",0.362390645859638,NA
15,9,4,"delta_3",-0.529383756951925,NA
15,9,4,"delta_4",-1.39369745890085,NA
15,10,1,"b_tt_1",-0.100590329243445,0.0353255990618844
15,10,1,"b_tc_1",-0.535959877518926,0.203502516875493
15,10,1,"b_hw_1",-0.04959342055456,0.0107409016612576
15,10,1,"b_ch_1",-1.08165521876559,0.224655474117198
15,10,2,"b_tt_1",-0.637417401975771,0.0492497592882609
15,10,2,"b_tt_2",-0.163395293413477,0.364266026290754
15,10,2,"b_tc_1",-1.32409106937673,0.387277706913755
15,10,2,"b_tc_2",-1.24715432853284,1.09647096911746
15,10,2,"b_hw_1",-0.0628827746528397,0.0180577356152679
15,10,2,"b_hw_2",-0.0754666688530968,0.030143887040494
15,10,2,"b_ch_1",-0.445491325836787,0.388737863685972
15,10,2,"b_ch_2",-1.84531301938508,0.558784993338565
15,10,2,"delta_1",0,NA
15,10,2,"delta_2",1.3167453419211,0.671148196749464
15,10,3,"b_tt_1",-38.7706225900927,NA
15,10,3,"b_tt_2",-21.8266878231456,NA
15,10,3,"b_tt_3",-0.155918592288909,NA
15,10,3,"b_tc_1",-15.527114327383,NA
15,10,3,"b_tc_2",-43.3312683152239,NA
15,10,3,"b_tc_3",-1.24220887351324,NA
15,10,3,"b_hw_1",6.6165332202498,NA
15,10,3,"b_hw_2",-2.93117475200694,NA
15,10,3,"b_hw_3",-0.0874026994820244,NA
15,10,3,"b_ch_1",-160.554314225567,NA
15,10,3,"b_ch_2",-155.35007052185,NA
15,10,3,"b_ch_3",-1.22288311563871,NA
15,10,3,"delta_1",0,NA
15,10,3,"delta_2",1.55248042902954,NA
15,10,3,"delta_3",2.227519791908,NA
15,10,4,"b_tt_1",-41.1171101404585,NA
15,10,4,"b_tt_2",-20.6931842552539,NA
15,10,4,"b_tt_3",-16.0033214479997,NA
15,10,4,"b_tt_4",-0.23695977639937,NA
15,10,4,"b_tc_1",-0.0205147456966039,NA
15,10,4,"b_tc_2",-41.3107616749495,NA
15,10,4,"b_tc_3",-104.000014348593,NA
15,10,4,"b_tc_4",-1.97088470333656,NA
15,10,4,"b_hw_1",7.72657424253641,NA
15,10,4,"b_hw_2",-2.77527681725051,NA
15,10,4,"b_hw_3",-66.0630672259009,NA
15,10,4,"b_hw_4",-0.0913062588769589,NA
15,10,4,"b_ch_1",-194.734001485575,NA
15,10,4,"b_ch_2",-145.855077295183,NA
15,10,4,"b_ch_3",-260.965706867175,NA
15,10,4,"b_ch_4",-1.33698558831962,NA
15,10,4,"delta_1",0,NA
15,10,4,"delta_2",1.52154962728246,NA
15,10,4,"delta_3",0.822404512876582,NA
15,10,4,"delta_4",1.96637336942314,NA
15,11,1,"b_tt_1",-0.0286042973129706,0.0210273252640688
15,11,1,"b_tc_1",0.0161005834552503,0.0752484219855553
15,11,1,"b_hw_1",-0.046694166417653,0.00942454759933994
15,11,1,"b_ch_1",-0.494710397936258,0.185558303268151
15,11,2,"b_tt_1",-0.127606930830485,0.111654136678493
15,11,2,"b_tt_2",0.0649411918197992,0.0456255611054578
15,11,2,"b_tc_1",-0.554054221721194,0.247716924218947
15,11,2,"b_tc_2",0.440724751105845,0.20858380307029
15,11,2,"b_hw_1",-0.0404853239346027,0.0267992611554559
15,11,2,"b_hw_2",-0.0906401009990474,0.0162021192481254
15,11,2,"b_ch_1",-0.709869431150244,0.391664409361219
15,11,2,"b_ch_2",-0.322558422891877,0.333606592327181
15,11,2,"delta_1",0,NA
15,11,2,"delta_2",0.0411453094642695,0.6763310436551
15,11,3,"b_tt_1",-0.373624863374145,0.177472968367742
15,11,3,"b_tt_2",-0.197316491645485,0.0881985083838138
15,11,3,"b_tt_3",-0.0829298652361253,0.120512768998448
15,11,3,"b_tc_1",-2.93500859363753,1.39108366996269
15,11,3,"b_tc_2",-0.707314833875822,0.33680260568255
15,11,3,"b_tc_3",0.240182795612652,0.224617935143965
15,11,3,"b_hw_1",-0.245874382824812,0.145489460994574
15,11,3,"b_hw_2",-0.0391461206647051,0.024771511893103
15,11,3,"b_hw_3",-0.0568445164142641,0.0283306130721047
15,11,3,"b_ch_1",0.228642263604949,1.29548915235651
15,11,3,"b_ch_2",-0.953207975671812,0.563376236562034
15,11,3,"b_ch_3",-1.20117969963831,0.686358343970547
15,11,3,"delta_1",0,NA
15,11,3,"delta_2",0.0570098561778183,0.886773402419298
15,11,3,"delta_3",0.404879363817569,0.812255608980327
15,11,4,"b_tt_1",-1.40075514122646,NA
15,11,4,"b_tt_2",-0.189900494744295,NA
15,11,4,"b_tt_3",-0.0876226232255697,NA
15,11,4,"b_tt_4",92.9982026981014,NA
15,11,4,"b_tc_1",-9.37908457628109,NA
15,11,4,"b_tc_2",-0.681189009068411,NA
15,11,4,"b_tc_3",0.233741025665438,NA
15,11,4,"b_tc_4",102.840183380332,NA
15,11,4,"b_hw_1",-0.917538331771561,NA
15,11,4,"b_hw_2",-0.0355196134033633,NA
15,11,4,"b_hw_3",-0.0448678349798931,NA
15,11,4,"b_hw_4",-20.9036499989718,NA
15,11,4,"b_ch_1",-1.57134667941865,NA
15,11,4,"b_ch_2",-0.898175707804063,NA
15,11,4,"b_ch_3",-1.18954152273941,NA
15,11,4,"b_ch_4",-102.667087231067,NA
15,11,4,"delta_1",0,NA
15,11,4,"delta_2",0.357184410806965,NA
15,11,4,"delta_3",0.43870439160176,NA
15,11,4,"delta_4",0.0955761772512431,NA
15,12,1,"b_tt_1",-0.023768296638852,0.0148406086543695
15,12,1,"b_tc_1",-0.126107611665642,0.044741647374191
15,12,1,"b_hw_1",-0.0254162673292632,0.00983402027748222
15,12,1,"b_ch_1",-1.47431059813041,0.244245887028275
15,12,2,"b_tt_1",-0.2371534803088,0.0941855659681107
15,12,2,"b_tt_2",-0.0130953897882404,0.0221751137182411
15,12,2,"b_tc_1",-1.38226317067201,0.520181267238342
15,12,2,"b_tc_2",0.0257765536375725,0.0660655642495135
15,12,2,"b_hw_1",-0.0551687571051017,0.0257381247704473
15,12,2,"b_hw_2",-0.0264282778966397,0.016547059346638
15,12,2,"b_ch_1",-1.54686122196276,0.597083364714593
15,12,2,"b_ch_2",-2.59592922480687,0.619491786801797
15,12,2,"delta_1",0,NA
15,12,2,"delta_2",0.281442739665451,0.764503138196101
15,12,3,"b_tt_1",-0.791609220346178,NA
15,12,3,"b_tt_2",-0.268848293476119,NA
15,12,3,"b_tt_3",-0.0884132106568155,NA
15,12,3,"b_tc_1",-0.833085781742251,NA
15,12,3,"b_tc_2",-0.206223447008634,NA
15,12,3,"b_tc_3",-0.837979911409736,NA
15,12,3,"b_hw_1",-0.0866183591707593,NA
15,12,3,"b_hw_2",-0.0503737439679508,NA
15,12,3,"b_hw_3",-0.0369441020277915,NA
15,12,3,"b_ch_1",-76.5086448216999,NA
15,12,3,"b_ch_2",-0.528103191954593,NA
15,12,3,"b_ch_3",-2.32194686914226,NA
15,12,3,"delta_1",0,NA
15,12,3,"delta_2",-0.667651254184098,NA
15,12,3,"delta_3",0.750617781005639,NA
15,12,4,"b_tt_1",-9.99058090769362,NA
15,12,4,"b_tt_2",-5.00573744412982,NA
15,12,4,"b_tt_3",-0.635457442345829,NA
15,12,4,"b_tt_4",-0.0883801044542755,NA
15,12,4,"b_tc_1",-9.1756277175364,NA
15,12,4,"b_tc_2",20.8610298989438,NA
15,12,4,"b_tc_3",-0.614449227125457,NA
15,12,4,"b_tc_4",-0.838943327050979,NA
15,12,4,"b_hw_1",-2.44488139581707,NA
15,12,4,"b_hw_2",-2.85667895374921,NA
15,12,4,"b_hw_3",-0.0697864480164255,NA
15,12,4,"b_hw_4",-0.0366756813171161,NA
15,12,4,"b_ch_1",5.95459268297672,NA
15,12,4,"b_ch_2",-158.973551326984,NA
15,12,4,"b_ch_3",-87.2130393593062,NA
15,12,4,"b_ch_4",-2.32111908928218,NA
15,12,4,"delta_1",0,NA
15,12,4,"delta_2",0.276266028090454,NA
15,12,4,"delta_3",1.05794288467814,NA
15,12,4,"delta_4",1.97710519051986,NA
15,13,1,"b_tt_1",-0.0171155763523335,0.0216466732158807
15,13,1,"b_tc_1",0.0919609440786822,0.0815308574538239
15,13,1,"b_hw_1",-0.0376777716350715,0.00872041731420529
15,13,1,"b_ch_1",-0.847980099438424,0.184633274306862
15,13,2,"b_tt_1",-0.799292884051029,NA
15,13,2,"b_tt_2",-0.0420228816024188,NA
15,13,2,"b_tc_1",-2.74221932719459,NA
15,13,2,"b_tc_2",0.0405417398681041,NA
15,13,2,"b_hw_1",-2.90041851926198,NA
15,13,2,"b_hw_2",-0.017027983820949,NA
15,13,2,"b_ch_1",-45.1320028429529,NA
15,13,2,"b_ch_2",-0.544436843644655,NA
15,13,2,"delta_1",0,NA
15,13,2,"delta_2",0.503839412336594,NA
15,13,3,"b_tt_1",-5.68198210635954,NA
15,13,3,"b_tt_2",-0.730416956633485,NA
15,13,3,"b_tt_3",0.0444105874084742,NA
15,13,3,"b_tc_1",-21.5854707864139,NA
15,13,3,"b_tc_2",-2.49701964508758,NA
15,13,3,"b_tc_3",0.470904022173737,NA
15,13,3,"b_hw_1",-0.0782833697071486,NA
15,13,3,"b_hw_2",-2.81293610132018,NA
15,13,3,"b_hw_3",-0.0271943758530706,NA
15,13,3,"b_ch_1",-28.1848426220184,NA
15,13,3,"b_ch_2",-43.7107985538571,NA
15,13,3,"b_ch_3",-0.37251595961676,NA
15,13,3,"delta_1",0,NA
15,13,3,"delta_2",0.683314813943108,NA
15,13,3,"delta_3",0.720669897076552,NA
15,13,4,"b_tt_1",-4.74677223207987,NA
15,13,4,"b_tt_2",-0.690131502728067,NA
15,13,4,"b_tt_3",0.0189127503558481,NA
15,13,4,"b_tt_4",0.0490507535660813,NA
15,13,4,"b_tc_1",31.3791674693766,NA
15,13,4,"b_tc_2",-2.35658144142121,NA
15,13,4,"b_tc_3",-1.32164092067201,NA
15,13,4,"b_tc_4",0.554125750884475,NA
15,13,4,"b_hw_1",-3.72047078006005,NA
15,13,4,"b_hw_2",-2.73554365832605,NA
15,13,4,"b_hw_3",-0.0409082581980054,NA
15,13,4,"b_hw_4",-0.0150090009193454,NA
15,13,4,"b_ch_1",-132.044008490487,NA
15,13,4,"b_ch_2",-42.4730765787357,NA
15,13,4,"b_ch_3",-1.18209072639938,NA
15,13,4,"b_ch_4",-0.019175346468523,NA
15,13,4,"delta_1",0,NA
15,13,4,"delta_2",0.683199875693555,NA
15,13,4,"delta_3",0.0671581544929378,NA
15,13,4,"delta_4",0.216570940666242,NA
15,14,1,"b_tt_1",-0.0470100433265085,0.0160229750752988
15,14,1,"b_tc_1",-0.106270629215144,0.0512831353865561
15,14,1,"b_hw_1",-0.0440872909063209,0.009566517786407
15,14,1,"b_ch_1",-0.844515333295001,0.19381700297021
15,14,2,"b_tt_1",-0.0875365801293366,0.025877275667349
15,14,2,"b_tt_2",0.027426639670541,0.0561557283462957
15,14,2,"b_tc_1",-0.177777959942965,0.0673639692562121
15,14,2,"b_tc_2",-0.0643764163639704,0.385083775041725
15,14,2,"b_hw_1",-0.0513179771760488,0.013600062495476
15,14,2,"b_hw_2",-0.0823675177495182,0.0424256371444821
15,14,2,"b_ch_1",-0.380720510523623,0.242403627273422
15,14,2,"b_ch_2",-4.49983490488105,1.79351791995047
15,14,2,"delta_1",0,NA
15,14,2,"delta_2",-0.579050633384035,0.585530178081339
15,14,3,"b_tt_1",-30.3248970378298,NA
15,14,3,"b_tt_2",-0.0972203605293232,NA
15,14,3,"b_tt_3",0.0345726394422076,NA
15,14,3,"b_tc_1",-160.965285866483,NA
15,14,3,"b_tc_2",-0.176036964103017,NA
15,14,3,"b_tc_3",0.0185090100469245,NA
15,14,3,"b_hw_1",-7.45913735441203,NA
15,14,3,"b_hw_2",-0.0605282737817505,NA
15,14,3,"b_hw_3",-0.0754913515471849,NA
15,14,3,"b_ch_1",-120.140544294238,NA
15,14,3,"b_ch_2",-0.610718368389946,NA
15,14,3,"b_ch_3",-4.27803987496826,NA
15,14,3,"delta_1",0,NA
15,14,3,"delta_2",0.888067326455486,NA
15,14,3,"delta_3",0.342548786114406,NA
15,14,4,"b_tt_1",-191.885925124439,NA
15,14,4,"b_tt_2",-60.2718109520647,NA
15,14,4,"b_tt_3",-0.12757436975098,NA
15,14,4,"b_tt_4",-0.00858279126707736,NA
15,14,4,"b_tc_1",-1029.67291711648,NA
15,14,4,"b_tc_2",-140.675740643216,NA
15,14,4,"b_tc_3",0.0111378657420022,NA
15,14,4,"b_tc_4",-0.0839018494958404,NA
15,14,4,"b_hw_1",-29.909682399962,NA
15,14,4,"b_hw_2",-28.4419206846691,NA
15,14,4,"b_hw_3",-0.0447859118568969,NA
15,14,4,"b_hw_4",-0.0359580394769206,NA
15,14,4,"b_ch_1",-818.875994445091,NA
15,14,4,"b_ch_2",-147.83243974888,NA
15,14,4,"b_ch_3",-3.00773059770842,NA
15,14,4,"b_ch_4",-0.709105136509669,NA
15,14,4,"delta_1",0,NA
15,14,4,"delta_2",0.0291173215614821,NA
15,14,4,"delta_3",0.389859627995929,NA
15,14,4,"delta_4",0.0338820943766986,NA
15,15,1,"b_tt_1",-0.102974859873605,0.0272362543304379
15,15,1,"b_tc_1",-0.229338069073542,0.0711004321829012
15,15,1,"b_hw_1",-0.0541413427215945,0.0119520532061032
15,15,1,"b_ch_1",-1.28002043731687,0.258158672560192
15,15,2,"b_tt_1",-18.5026247425956,NA
15,15,2,"b_tt_2",-0.102209214828431,NA
15,15,2,"b_tc_1",-320.454653047393,NA
15,15,2,"b_tc_2",-0.212190249391918,NA
15,15,2,"b_hw_1",-29.0299487235084,NA
15,15,2,"b_hw_2",-0.0409263415510168,NA
15,15,2,"b_ch_1",-301.952044755872,NA
15,15,2,"b_ch_2",-1.16240821346067,NA
15,15,2,"delta_1",0,NA
15,15,2,"delta_2",0.629979915862621,NA
15,15,3,"b_tt_1",-19.3587558539158,NA
15,15,3,"b_tt_2",-17.271250279607,NA
15,15,3,"b_tt_3",-0.102008699020108,NA
15,15,3,"b_tc_1",-56.9319708122213,NA
15,15,3,"b_tc_2",-283.630228227959,NA
15,15,3,"b_tc_3",-0.195253822550582,NA
15,15,3,"b_hw_1",-15.8450084356279,NA
15,15,3,"b_hw_2",-25.014124867534,NA
15,15,3,"b_hw_3",-0.0357274707829995,NA
15,15,3,"b_ch_1",-520.888392552962,NA
15,15,3,"b_ch_2",-266.358978730298,NA
15,15,3,"b_ch_3",-0.917003724057862,NA
15,15,3,"delta_1",0,NA
15,15,3,"delta_2",0.469684580612244,NA
15,15,3,"delta_3",0.80589022758587,NA
15,15,4,"b_tt_1",-18.4938560977253,NA
15,15,4,"b_tt_2",-17.593197597456,NA
15,15,4,"b_tt_3",-15.9845717535142,NA
15,15,4,"b_tt_4",-0.0607711851133718,NA
15,15,4,"b_tc_1",-300.279889274972,NA
15,15,4,"b_tc_2",-64.7092139411315,NA
15,15,4,"b_tc_3",-25.3532704885722,NA
15,15,4,"b_tc_4",-0.126425145022756,NA
15,15,4,"b_hw_1",-26.3952311359221,NA
15,15,4,"b_hw_2",-4.58431830357314,NA
15,15,4,"b_hw_3",-2.76262394440655,NA
15,15,4,"b_hw_4",-0.0276595629712513,NA
15,15,4,"b_ch_1",-281.786008529083,NA
15,15,4,"b_ch_2",-258.606361207822,NA
15,15,4,"b_ch_3",-68.198108104608,NA
15,15,4,"b_ch_4",-0.464201350946977,NA
15,15,4,"delta_1",0,NA
15,15,4,"delta_2",-0.755614052427704,NA
15,15,4,"delta_3",-0.347844750391275,NA
15,15,4,"delta_4",-0.138115655473017,NA
15,16,1,"b_tt_1",-0.210521365182881,0.0625408962962112
15,16,1,"b_tc_1",-0.629067567847584,0.205048918802119
15,16,1,"b_hw_1",-0.0354540643891509,0.00999212178626938
15,16,1,"b_ch_1",-1.76757652580315,0.316527757285882
15,16,2,"b_tt_1",-20.7256413299803,NA
15,16,2,"b_tt_2",-0.233481195807914,NA
15,16,2,"b_tc_1",-40.9608597284308,NA
15,16,2,"b_tc_2",-0.828233785308935,NA
15,16,2,"b_hw_1",0.00256410013985493,NA
15,16,2,"b_hw_2",-0.0396181207897623,NA
15,16,2,"b_ch_1",-166.833974969767,NA
15,16,2,"b_ch_2",-1.74865702561238,NA
15,16,2,"delta_1",0,NA
15,16,2,"delta_2",1.40411382156479,NA
15,16,3,"b_tt_1",-1.0023838010286,NA
15,16,3,"b_tt_2",-0.817776105856066,NA
15,16,3,"b_tt_3",-0.210939937867185,NA
15,16,3,"b_tc_1",-1.31317875085227,NA
15,16,3,"b_tc_2",-5.28220674584656,NA
15,16,3,"b_tc_3",-0.404403996997556,NA
15,16,3,"b_hw_1",-1.15986607503032,NA
15,16,3,"b_hw_2",-0.0970040321268463,NA
15,16,3,"b_hw_3",-0.0046902306841945,NA
15,16,3,"b_ch_1",-19.748952629582,NA
15,16,3,"b_ch_2",-69.67134298355,NA
15,16,3,"b_ch_3",-0.953851751245118,NA
15,16,3,"delta_1",0,NA
15,16,3,"delta_2",-0.145396893888135,NA
15,16,3,"delta_3",-0.647585081311628,NA
15,16,4,"b_tt_1",-32.8834968757804,NA
15,16,4,"b_tt_2",-20.7300665935439,NA
15,16,4,"b_tt_3",-1.01947563441178,NA
15,16,4,"b_tt_4",-0.793387637294147,NA
15,16,4,"b_tc_1",-207.59178261432,NA
15,16,4,"b_tc_2",-40.9343101837071,NA
15,16,4,"b_tc_3",-1.24084994283582,NA
15,16,4,"b_tc_4",-5.11671585577754,NA
15,16,4,"b_hw_1",-1.89721641851124,NA
15,16,4,"b_hw_2",0.00525658370332672,NA
15,16,4,"b_hw_3",-1.21808924640979,NA
15,16,4,"b_hw_4",-0.0921928170319504,NA
15,16,4,"b_ch_1",-108.941290839149,NA
15,16,4,"b_ch_2",-166.445184629329,NA
15,16,4,"b_ch_3",-20.7395383410509,NA
15,16,4,"b_ch_4",-111.698204834691,NA
15,16,4,"delta_1",0,NA
15,16,4,"delta_2",-0.0428106357921219,NA
15,16,4,"delta_3",0.825738412380072,NA
15,16,4,"delta_4",0.762508638566154,NA
15,17,1,"b_tt_1",-0.0876132324425853,0.0271992695918875
15,17,1,"b_tc_1",-0.369849206643618,0.105778939573568
15,17,1,"b_hw_1",-0.0253775608014721,0.0082513560560023
15,17,1,"b_ch_1",-0.855462722177695,0.19162642385424
15,17,2,"b_tt_1",-5.89361437381317,NA
15,17,2,"b_tt_2",-0.0103294107909013,NA
15,17,2,"b_tc_1",-31.3735146625666,NA
15,17,2,"b_tc_2",0.071900312664733,NA
15,17,2,"b_hw_1",-2.1953542585163,NA
15,17,2,"b_hw_2",-0.016425587228717,NA
15,17,2,"b_ch_1",-91.0467669595592,NA
15,17,2,"b_ch_2",-0.408348468516502,NA
15,17,2,"delta_1",0,NA
15,17,2,"delta_2",0.15177740437651,NA
15,17,3,"b_tt_1",-45.6173353740825,NA
15,17,3,"b_tt_2",-0.324460552562954,NA
15,17,3,"b_tt_3",0.028565062274307,NA
15,17,3,"b_tc_1",-110.310960168795,NA
15,17,3,"b_tc_2",-2.29690279075793,NA
15,17,3,"b_tc_3",0.550832969379716,NA
15,17,3,"b_hw_1",-15.3100713670838,NA
15,17,3,"b_hw_2",-0.0151056905445939,NA
15,17,3,"b_hw_3",-0.0279166777667614,NA
15,17,3,"b_ch_1",-1074.31441517464,NA
15,17,3,"b_ch_2",-0.223948778478505,NA
15,17,3,"b_ch_3",-0.299554924951485,NA
15,17,3,"delta_1",0,NA
15,17,3,"delta_2",-0.470255874355288,NA
15,17,3,"delta_3",-0.618616589586899,NA
15,17,4,"b_tt_1",-45.2990425514869,NA
15,17,4,"b_tt_2",-0.365039566186256,NA
15,17,4,"b_tt_3",0.0428695752896258,NA
15,17,4,"b_tt_4",0.564954203740947,NA
15,17,4,"b_tc_1",-109.503523902011,NA
15,17,4,"b_tc_2",0.0753609739561654,NA
15,17,4,"b_tc_3",0.362439201747789,NA
15,17,4,"b_tc_4",-2.6306833854953,NA
15,17,4,"b_hw_1",-15.1994183930245,NA
15,17,4,"b_hw_2",-0.0964715668490695,NA
15,17,4,"b_hw_3",0.00810651067727598,NA
15,17,4,"b_hw_4",-0.0878107446492362,NA
15,17,4,"b_ch_1",-1007.40514283465,NA
15,17,4,"b_ch_2",-0.956570998042491,NA
15,17,4,"b_ch_3",0.206177007893378,NA
15,17,4,"b_ch_4",1.26829994206684,NA
15,17,4,"delta_1",0,NA
15,17,4,"delta_2",-0.864346790404021,NA
15,17,4,"delta_3",-1.20961247819904,NA
15,17,4,"delta_4",-0.847880605273174,NA
15,18,1,"b_tt_1",-0.102053483909356,0.0326724848979777
15,18,1,"b_tc_1",-0.389963272731075,0.127203073032006
15,18,1,"b_hw_1",-0.0219933822822973,0.00866618242292471
15,18,1,"b_ch_1",-1.17060991096796,0.222794895638165
15,18,2,"b_tt_1",-1.51469304366851,0.0336715195080025
15,18,2,"b_tt_2",-0.062729549458252,0.984865463740445
15,18,2,"b_tc_1",-9.17357557409726,0.114322096031444
15,18,2,"b_tc_2",-0.180191051944882,5.97379279082073
15,18,2,"b_hw_1",-0.263295882144248,0.0124175976678576
15,18,2,"b_hw_2",-0.00863175601779861,0.173498418660774
15,18,2,"b_ch_1",-7.38029069214427,0.314720676863445
15,18,2,"b_ch_2",-1.38468169257195,5.10298664858196
15,18,2,"delta_1",0,NA
15,18,2,"delta_2",0.59820029857546,0.615362911054152
15,18,3,"b_tt_1",-13.4175589292433,NA
15,18,3,"b_tt_2",-0.987256586310373,NA
15,18,3,"b_tt_3",-0.0938927172221912,NA
15,18,3,"b_tc_1",-86.3048925835048,NA
15,18,3,"b_tc_2",-10.9878887329492,NA
15,18,3,"b_tc_3",-0.292007384435309,NA
15,18,3,"b_hw_1",-2.82269236717854,NA
15,18,3,"b_hw_2",17.2258517390572,NA
15,18,3,"b_hw_3",-0.0254185009188131,NA
15,18,3,"b_ch_1",-55.074573679355,NA
15,18,3,"b_ch_2",97.6030033017463,NA
15,18,3,"b_ch_3",-1.4980151632068,NA
15,18,3,"delta_1",0,NA
15,18,3,"delta_2",-1.4669768932705,NA
15,18,3,"delta_3",0.802701748728436,NA
15,18,4,"b_tt_1",-1.42667502051185,NA
15,18,4,"b_tt_2",-0.174458185228515,NA
15,18,4,"b_tt_3",6.9932040832036,NA
15,18,4,"b_tt_4",46.0588809980569,NA
15,18,4,"b_tc_1",-8.63251685766364,NA
15,18,4,"b_tc_2",-0.428311086861616,NA
15,18,4,"b_tc_3",-5.20288495766826,NA
15,18,4,"b_tc_4",45.7202144619532,NA
15,18,4,"b_hw_1",-0.246106517348934,NA
15,18,4,"b_hw_2",-0.0149703382745551,NA
15,18,4,"b_hw_3",-7.75013942457247,NA
15,18,4,"b_hw_4",103.757069106662,NA
15,18,4,"b_ch_1",-6.91982772657934,NA
15,18,4,"b_ch_2",-1.44481572331444,NA
15,18,4,"b_ch_3",-4441.67131938837,NA
15,18,4,"b_ch_4",-476.643479277593,NA
15,18,4,"delta_1",0,NA
15,18,4,"delta_2",0.355928410127513,NA
15,18,4,"delta_3",-0.735501751770604,NA
15,18,4,"delta_4",-1.57236512351867,NA
15,19,1,"b_tt_1",-0.0766260508762637,0.0317388597562013
15,19,1,"b_tc_1",-0.102008641210499,0.113333497317968
15,19,1,"b_hw_1",-0.0498539228863069,0.0123556552788999
15,19,1,"b_ch_1",-1.87973958600618,0.312910065127711
15,19,2,"b_tt_1",-0.635714078493449,0.0390644738418981
15,19,2,"b_tt_2",-0.0559996253302031,0.394738921583098
15,19,2,"b_tc_1",-2.10502129757745,0.120301690280258
15,19,2,"b_tc_2",0.119235200675658,1.28658798066917
15,19,2,"b_hw_1",-0.148445453513926,0.0187685587479674
15,19,2,"b_hw_2",-0.0597775476179879,0.0703850315062812
15,19,2,"b_ch_1",-10.6862324190904,0.417158292011665
15,19,2,"b_ch_2",-1.32263734900964,6.69133579069056
15,19,2,"delta_1",0,NA
15,19,2,"delta_2",0.0422205732810501,0.595078720582578
15,19,3,"b_tt_1",-1.46551765102633,0.42740358105982
15,19,3,"b_tt_2",-0.583587430278467,0.044423238997209
15,19,3,"b_tt_3",-0.0259274525488431,1.19412137190039
15,19,3,"b_tc_1",-5.0083130314371,1.41544897381478
15,19,3,"b_tc_2",-1.92288822312615,0.146604681278861
15,19,3,"b_tc_3",0.206529369119214,4.12784513968506
15,19,3,"b_hw_1",-0.223605308884592,0.080950103455663
15,19,3,"b_hw_2",-0.140649596343583,0.0196661064235726
15,19,3,"b_hw_3",-0.0551826362686349,0.160291578004169
15,19,3,"b_ch_1",-9.21567493188586,7.06122703005024
15,19,3,"b_ch_2",-10.1406733422596,0.48720107266666
15,19,3,"b_ch_3",-1.40135363706799,7.71679609396929
15,19,3,"delta_1",0,NA
15,19,3,"delta_2",0.450706225095212,0.839360775772049
15,19,3,"delta_3",0.58407925029532,1.22354871370859
15,19,4,"b_tt_1",-1.51917667090941,NA
15,19,4,"b_tt_2",-0.339100994566131,NA
15,19,4,"b_tt_3",-0.0604948631760643,NA
15,19,4,"b_tt_4",0.905823800176003,NA
15,19,4,"b_tc_1",-5.2306116447153,NA
15,19,4,"b_tc_2",-1.05513894975276,NA
15,19,4,"b_tc_3",0.136545214200219,NA
15,19,4,"b_tc_4",8.8810975461807,NA
15,19,4,"b_hw_1",-0.230482894592117,NA
15,19,4,"b_hw_2",-0.0911005587240451,NA
15,19,4,"b_hw_3",-0.0378186761188961,NA
15,19,4,"b_hw_4",-0.309226624731299,NA
15,19,4,"b_ch_1",-9.58965874952669,NA
15,19,4,"b_ch_2",-23.6928898841861,NA
15,19,4,"b_ch_3",-1.89780779578966,NA
15,19,4,"b_ch_4",-5.91564775946277,NA
15,19,4,"delta_1",0,NA
15,19,4,"delta_2",0.0767239752017251,NA
15,19,4,"delta_3",-0.0380269740265829,NA
15,19,4,"delta_4",-0.9591083220341,NA
15,20,1,"b_tt_1",-0.0656780979214425,0.0244883657050012
15,20,1,"b_tc_1",-0.0595105751726181,0.0611835444052184
15,20,1,"b_hw_1",-0.0320620151566298,0.00937887724201376
15,20,1,"b_ch_1",-1.06363029208199,0.219205882576913
15,20,2,"b_tt_1",-0.70345562623193,0.0318836043195016
15,20,2,"b_tt_2",-0.0958864903472156,0.528716248427998
15,20,2,"b_tc_1",-0.516545450948961,0.0875917679827458
15,20,2,"b_tc_2",-0.237595079456211,0.51155336665365
15,20,2,"b_hw_1",0.0944619875124536,0.012585159287324
15,20,2,"b_hw_2",-0.0458254444921954,0.0952570765697862
15,20,2,"b_ch_1",-2.29183626725632,0.313663724200773
15,20,2,"b_ch_2",-1.67309187956913,2.20298648749512
15,20,2,"delta_1",0,NA
15,20,2,"delta_2",1.87079326127837,0.75978827372266
15,20,3,"b_tt_1",-0.702161472188867,NA
15,20,3,"b_tt_2",-0.118432201010696,NA
15,20,3,"b_tt_3",15.5596892596902,NA
15,20,3,"b_tc_1",-0.515414674543875,NA
15,20,3,"b_tc_2",-0.275756606712841,NA
15,20,3,"b_tc_3",13.0099405024985,NA
15,20,3,"b_hw_1",0.0941997767588724,NA
15,20,3,"b_hw_2",-0.0475432354926381,NA
15,20,3,"b_hw_3",-3.29640282609009,NA
15,20,3,"b_ch_1",-2.28759953836292,NA
15,20,3,"b_ch_2",-1.95203978929219,NA
15,20,3,"b_ch_3",-51.891058491347,NA
15,20,3,"delta_1",0,NA
15,20,3,"delta_2",1.71252691841394,NA
15,20,3,"delta_3",-0.053168454720956,NA
15,20,4,"b_tt_1",-0.70866854047837,NA
15,20,4,"b_tt_2",-0.328557443149427,NA
15,20,4,"b_tt_3",-0.279731939738502,NA
15,20,4,"b_tt_4",24.8103466491636,NA
15,20,4,"b_tc_1",-0.521125193138936,NA
15,20,4,"b_tc_2",-0.840708189799347,NA
15,20,4,"b_tc_3",-1.08583697119298,NA
15,20,4,"b_tc_4",0.974565395607271,NA
15,20,4,"b_hw_1",0.095490915607809,NA
15,20,4,"b_hw_2",-0.25671389624073,NA
15,20,4,"b_hw_3",-0.0431029268621642,NA
15,20,4,"b_hw_4",-0.994030654714021,NA
15,20,4,"b_ch_1",-2.30873126653436,NA
15,20,4,"b_ch_2",-5.4448707867111,NA
15,20,4,"b_ch_3",-2.11891965128879,NA
15,20,4,"b_ch_4",-86.3622878027841,NA
15,20,4,"delta_1",0,NA
15,20,4,"delta_2",1.20051022447966,NA
15,20,4,"delta_3",0.785163335349204,NA
15,20,4,"delta_4",-0.0154886030659018,NA
12,1,1,"b_tt_1",0.000973113767308392,0.0234032504304208
12,1,1,"b_tc_1",0.174480112394023,0.100794128617628
12,1,1,"b_hw_1",-0.0431672955296517,0.011677259228661
12,1,1,"b_ch_1",-1.41382311974909,0.263683717459403
12,1,2,"b_tt_1",-0.135088162825298,0.122934825588121
12,1,2,"b_tt_2",-0.131758380341104,0.0594807206422335
12,1,2,"b_tc_1",-1.81411157479061,1.233439528699
12,1,2,"b_tc_2",0.430815071229028,0.17687212411183
12,1,2,"b_hw_1",-0.0259568236214565,0.0235742351583511
12,1,2,"b_hw_2",-0.0867862561619467,0.0281115231277019
12,1,2,"b_ch_1",-1.43821837758784,0.628783326291784
12,1,2,"b_ch_2",-2.85482376941219,0.682203662640224
12,1,2,"delta_1",0,NA
12,1,2,"delta_2",1.01357930867432,0.686453439623092
12,1,3,"b_tt_1",-41.2632516801162,NA
12,1,3,"b_tt_2",-13.6080317199016,NA
12,1,3,"b_tt_3",-0.14169464626352,NA
12,1,3,"b_tc_1",20.0365972271066,NA
12,1,3,"b_tc_2",34.526474955742,NA
12,1,3,"b_tc_3",-1.91712492390001,NA
12,1,3,"b_hw_1",-28.8280321181264,NA
12,1,3,"b_hw_2",8.35059473243686,NA
12,1,3,"b_hw_3",-0.0243148308861483,NA
12,1,3,"b_ch_1",-638.427842632022,NA
12,1,3,"b_ch_2",-327.505943164177,NA
12,1,3,"b_ch_3",-1.46408031340168,NA
12,1,3,"delta_1",0,NA
12,1,3,"delta_2",-1.24450155125985,NA
12,1,3,"delta_3",-0.817583906821416,NA
12,1,4,"b_tt_1",-43.3487089917812,NA
12,1,4,"b_tt_2",-13.9155442646396,NA
12,1,4,"b_tt_3",-0.501210004553196,NA
12,1,4,"b_tt_4",65.2656929620059,NA
12,1,4,"b_tc_1",20.8348629203376,NA
12,1,4,"b_tc_2",36.5876694966747,NA
12,1,4,"b_tc_3",-10.6891904464167,NA
12,1,4,"b_tc_4",139.258510363977,NA
12,1,4,"b_hw_1",-30.2650541941869,NA
12,1,4,"b_hw_2",8.09476153436777,NA
12,1,4,"b_hw_3",-0.077370180720566,NA
12,1,4,"b_hw_4",-60.8462303116055,NA
12,1,4,"b_ch_1",-670.465854521143,NA
12,1,4,"b_ch_2",-342.296026872527,NA
12,1,4,"b_ch_3",-12.0100107392348,NA
12,1,4,"b_ch_4",-139.4421805411,NA
12,1,4,"delta_1",0,NA
12,1,4,"delta_2",-1.20385509054267,NA
12,1,4,"delta_3",-1.20348345538764,NA
12,1,4,"delta_4",-1.60928922012902,NA
12,2,1,"b_tt_1",-0.142549895084696,0.0467766975302908
12,2,1,"b_tc_1",-0.682493353509421,0.219779211364014
12,2,1,"b_hw_1",-0.054017865252369,0.0129139382463014
12,2,1,"b_ch_1",-1.21170263614126,0.265299911504715
12,2,2,"b_tt_1",-25.2956096174299,NA
12,2,2,"b_tt_2",-0.0896373718469488,NA
12,2,2,"b_tc_1",-164.20170039442,NA
12,2,2,"b_tc_2",-0.412987077607405,NA
12,2,2,"b_hw_1",-4.50991344349282,NA
12,2,2,"b_hw_2",-0.0614612313957754,NA
12,2,2,"b_ch_1",-177.200211933089,NA
12,2,2,"b_ch_2",-0.275206695416465,NA
12,2,2,"delta_1",0,NA
12,2,2,"delta_2",0.0229393608700322,NA
12,2,3,"b_tt_1",-0.661490382675408,NA
12,2,3,"b_tt_2",-0.416407549025708,NA
12,2,3,"b_tt_3",64.2640983282576,NA
12,2,3,"b_tc_1",-2.2245431099685,NA
12,2,3,"b_tc_2",-2.25231391161655,NA
12,2,3,"b_tc_3",171.259330262703,NA
12,2,3,"b_hw_1",-0.136834479599144,NA
12,2,3,"b_hw_2",-0.131339321953151,NA
12,2,3,"b_hw_3",-158.07763289342,NA
12,2,3,"b_ch_1",1.95105152021254,NA
12,2,3,"b_ch_2",-3.82338934868439,NA
12,2,3,"b_ch_3",-10.1829727584879,NA
12,2,3,"delta_1",0,NA
12,2,3,"delta_2",1.38626944453858,NA
12,2,3,"delta_3",-2.54784045476119e-05,NA
12,2,4,"b_tt_1",-0.661538289415744,NA
12,2,4,"b_tt_2",-0.58190017357495,NA
12,2,4,"b_tt_3",55.7650783472092,NA
12,2,4,"b_tt_4",189.97856210718,NA
12,2,4,"b_tc_1",-2.22471243667672,NA
12,2,4,"b_tc_2",-3.35295754021815,NA
12,2,4,"b_tc_3",149.443375730755,NA
12,2,4,"b_tc_4",310.139044095645,NA
12,2,4,"b_hw_1",-0.136847466582735,NA
12,2,4,"b_hw_2",-0.160356677660921,NA
12,2,4,"b_hw_3",-25.8831722648999,NA
12,2,4,"b_hw_4",-61.6727111521288,NA
12,2,4,"b_ch_1",1.95146950240811,NA
12,2,4,"b_ch_2",-4.81945036586179,NA
12,2,4,"b_ch_3",-9.18771309187797,NA
12,2,4,"b_ch_4",-469.247780509159,NA
12,2,4,"delta_1",0,NA
12,2,4,"delta_2",1.22891067767915,NA
12,2,4,"delta_3",-0.313411605203494,NA
12,2,4,"delta_4",-0.160763528340847,NA
12,3,1,"b_tt_1",-0.0180498477356159,0.0237991343340288
12,3,1,"b_tc_1",-0.00720390931827349,0.0569918204124786
12,3,1,"b_hw_1",-0.0618495222275357,0.0154484223486244
12,3,1,"b_ch_1",-1.84338300279135,0.357702120392054
12,3,2,"b_tt_1",-0.101418411407556,NA
12,3,2,"b_tt_2",-0.0797981550445175,NA
12,3,2,"b_tc_1",-65.5213419873192,NA
12,3,2,"b_tc_2",-0.0743401595499376,NA
12,3,2,"b_hw_1",-1.47298167127615,NA
12,3,2,"b_hw_2",-0.108865324910243,NA
12,3,2,"b_ch_1",-170.47021742735,NA
12,3,2,"b_ch_2",-2.3661562653724,NA
12,3,2,"delta_1",0,NA
12,3,2,"delta_2",0.881913854521805,NA
12,3,3,"b_tt_1",-0.590962515370675,NA
12,3,3,"b_tt_2",-0.0951993472520225,NA
12,3,3,"b_tt_3",-0.0322598371847593,NA
12,3,3,"b_tc_1",-0.515127364360735,NA
12,3,3,"b_tc_2",-63.7764110162867,NA
12,3,3,"b_tc_3",-0.123501991839417,NA
12,3,3,"b_hw_1",-1.01966765956233,NA
12,3,3,"b_hw_2",-1.4342960266104,NA
12,3,3,"b_hw_3",-0.0648895072617426,NA
12,3,3,"b_ch_1",-18.6757732917947,NA
12,3,3,"b_ch_2",-149.765345658056,NA
12,3,3,"b_ch_3",-2.12158635546354,NA
12,3,3,"delta_1",0,NA
12,3,3,"delta_2",-0.158760821747713,NA
12,3,3,"delta_3",0.165712163662027,NA
12,3,4,"b_tt_1",-1.47375410117656,NA
12,3,4,"b_tt_2",-0.614126489421491,NA
12,3,4,"b_tt_3",-0.0999396502429586,NA
12,3,4,"b_tt_4",-0.0451539906536831,NA
12,3,4,"b_tc_1",-3.24811714855996,NA
12,3,4,"b_tc_2",-0.534276871141132,NA
12,3,4,"b_tc_3",-60.5894527349962,NA
12,3,4,"b_tc_4",-0.149711544279993,NA
12,3,4,"b_hw_1",-0.176242730620817,NA
12,3,4,"b_hw_2",-1.06086908945797,NA
12,3,4,"b_hw_3",-1.36340475632314,NA
12,3,4,"b_hw_4",-0.0677562061667386,NA
12,3,4,"b_ch_1",-268.463912716985,NA
12,3,4,"b_ch_2",-19.4267791116159,NA
12,3,4,"b_ch_3",-551.636444706577,NA
12,3,4,"b_ch_4",-1.90919806241992,NA
12,3,4,"delta_1",0,NA
12,3,4,"delta_2",0.67354650893321,NA
12,3,4,"delta_3",0.636310903543029,NA
12,3,4,"delta_4",0.543544787069778,NA
12,4,1,"b_tt_1",-0.168854560081241,0.0414070291762579
12,4,1,"b_tc_1",-0.622244537852375,0.168900255089728
12,4,1,"b_hw_1",-0.0468604120922585,0.012604745627948
12,4,1,"b_ch_1",-1.82796408154197,0.356520411120617
12,4,2,"b_tt_1",-19.8309161999802,NA
12,4,2,"b_tt_2",-0.15563156907714,NA
12,4,2,"b_tc_1",-273.204437094097,NA
12,4,2,"b_tc_2",-0.417123818097336,NA
12,4,2,"b_hw_1",-12.8726795962666,NA
12,4,2,"b_hw_2",-0.0586063778536883,NA
12,4,2,"b_ch_1",-480.91950982216,NA
12,4,2,"b_ch_2",-1.43997342904617,NA
12,4,2,"delta_1",0,NA
12,4,2,"delta_2",0.177022588259877,NA
12,4,3,"b_tt_1",-20.2945446744446,NA
12,4,3,"b_tt_2",-0.986627617477501,NA
12,4,3,"b_tt_3",-0.0899147457083729,NA
12,4,3,"b_tc_1",-278.089227750996,NA
12,4,3,"b_tc_2",-3.57969759196103,NA
12,4,3,"b_tc_3",-0.237771660316644,NA
12,4,3,"b_hw_1",-13.0536955074288,NA
12,4,3,"b_hw_2",-0.318438287336397,NA
12,4,3,"b_hw_3",-0.0299033299222805,NA
12,4,3,"b_ch_1",-486.717828939945,NA
12,4,3,"b_ch_2",-13.8969085437076,NA
12,4,3,"b_ch_3",-0.499121892838439,NA
12,4,3,"delta_1",0,NA
12,4,3,"delta_2",0.169484410840344,NA
12,4,3,"delta_3",-0.683674632971027,NA
12,4,4,"b_tt_1",-12675.1679087469,NA
12,4,4,"b_tt_2",-22.8330874393215,NA
12,4,4,"b_tt_3",-0.986683161202342,NA
12,4,4,"b_tt_4",-0.0899153404622372,NA
12,4,4,"b_tc_1",-198527.389193202,NA
12,4,4,"b_tc_2",-310.124047508166,NA
12,4,4,"b_tc_3",-3.57987329593708,NA
12,4,4,"b_tc_4",-0.23777300097854,NA
12,4,4,"b_hw_1",27406.3561339334,NA
12,4,4,"b_hw_2",-14.5595307641879,NA
12,4,4,"b_hw_3",-0.318449775344127,NA
12,4,4,"b_hw_4",-0.0299035684216985,NA
12,4,4,"b_ch_1",8204.34567258123,NA
12,4,4,"b_ch_2",-541.618949844313,NA
12,4,4,"b_ch_3",-13.8980121824959,NA
12,4,4,"b_ch_4",-0.499120173949993,NA
12,4,4,"delta_1",0,NA
12,4,4,"delta_2",644.23301700215,NA
12,4,4,"delta_3",644.40250397992,NA
12,4,4,"delta_4",643.549346692267,NA
12,5,1,"b_tt_1",-0.0138360278185416,0.0383291739960119
12,5,1,"b_tc_1",0.122098522560025,0.246097640643951
12,5,1,"b_hw_1",-0.0907300511924046,0.0214972440011467
12,5,1,"b_ch_1",-1.96665917870598,0.405748618059336
12,5,2,"b_tt_1",-10.963035870541,NA
12,5,2,"b_tt_2",-0.0949609300762564,NA
12,5,2,"b_tc_1",-20.8382919575699,NA
12,5,2,"b_tc_2",-0.800502868446342,NA
12,5,2,"b_hw_1",-1.10081938768415,NA
12,5,2,"b_hw_2",-0.137573470549131,NA
12,5,2,"b_ch_1",-33.5684026698257,NA
12,5,2,"b_ch_2",-1.87787052293128,NA
12,5,2,"delta_1",0,NA
12,5,2,"delta_2",0.795933538685897,NA
12,5,3,"b_tt_1",-13.2698127150699,NA
12,5,3,"b_tt_2",-13.0132725563733,NA
12,5,3,"b_tt_3",0.29334357794416,NA
12,5,3,"b_tc_1",-114.874037952419,NA
12,5,3,"b_tc_2",-24.7435901288553,NA
12,5,3,"b_tc_3",0.302350282446434,NA
12,5,3,"b_hw_1",-11.954111822788,NA
12,5,3,"b_hw_2",-1.30869307866679,NA
12,5,3,"b_hw_3",-0.0597335708438098,NA
12,5,3,"b_ch_1",-123.807435732401,NA
12,5,3,"b_ch_2",-39.6589021800866,NA
12,5,3,"b_ch_3",-0.893537649647994,NA
12,5,3,"delta_1",0,NA
12,5,3,"delta_2",-0.631153699810916,NA
12,5,3,"delta_3",-1.10031292735285,NA
12,5,4,"b_tt_1",-20.2913140575329,NA
12,5,4,"b_tt_2",-13.104897008608,NA
12,5,4,"b_tt_3",-0.618814405794198,NA
12,5,4,"b_tt_4",1.04616352316767,NA
12,5,4,"b_tc_1",-202.290842792592,NA
12,5,4,"b_tc_2",-101.707896318126,NA
12,5,4,"b_tc_3",-0.762795187294328,NA
12,5,4,"b_tc_4",2.45199339031459,NA
12,5,4,"b_hw_1",-8.35757714739615,NA
12,5,4,"b_hw_2",-13.1381750714753,NA
12,5,4,"b_hw_3",-0.0942140950418153,NA
12,5,4,"b_hw_4",-0.0326717612758404,NA
12,5,4,"b_ch_1",-291.395527295337,NA
12,5,4,"b_ch_2",-154.228200397723,NA
12,5,4,"b_ch_3",-2.55081542994821,NA
12,5,4,"b_ch_4",-0.338155923996306,NA
12,5,4,"delta_1",0,NA
12,5,4,"delta_2",0.471522814018915,NA
12,5,4,"delta_3",-0.381186070470889,NA
12,5,4,"delta_4",-1.17609579653268,NA
12,6,1,"b_tt_1",-0.121128660565073,0.0361829807290425
12,6,1,"b_tc_1",-0.584056005268543,0.165188363725114
12,6,1,"b_hw_1",-0.0331755913987535,0.01121012285588
12,6,1,"b_ch_1",-1.67442530048329,0.352682824785429
12,6,2,"b_tt_1",-19.4784329198875,NA
12,6,2,"b_tt_2",-0.384349188430052,NA
12,6,2,"b_tc_1",-76.4239325623715,NA
12,6,2,"b_tc_2",-2.10660123630401,NA
12,6,2,"b_hw_1",-1.26440182448077,NA
12,6,2,"b_hw_2",-0.0752319500317235,NA
12,6,2,"b_ch_1",-1050.49131361737,NA
12,6,2,"b_ch_2",-1.67402610465215,NA
12,6,2,"delta_1",0,NA
12,6,2,"delta_2",0.709773029103536,NA
12,6,3,"b_tt_1",-71.6027771558137,NA
12,6,3,"b_tt_2",-27.5157242558605,NA
12,6,3,"b_tt_3",-17.8888621298838,NA
12,6,3,"b_tc_1",-375.263844235809,NA
12,6,3,"b_tc_2",36.7287505273939,NA
12,6,3,"b_tc_3",-186.698217815921,NA
12,6,3,"b_hw_1",-14.6347054109164,NA
12,6,3,"b_hw_2",5.45942227127367,NA
12,6,3,"b_hw_3",-4.2599738140527,NA
12,6,3,"b_ch_1",-252.073548505329,NA
12,6,3,"b_ch_2",-265.391098689877,NA
12,6,3,"b_ch_3",-2649.7001765348,NA
12,6,3,"delta_1",0,NA
12,6,3,"delta_2",-1.02165124760475,NA
12,6,3,"delta_3",-0.223143551361519,NA
12,6,4,"b_tt_1",-53321.7205630406,NA
12,6,4,"b_tt_2",-2728.45566199701,NA
12,6,4,"b_tt_3",-2415.60523001569,NA
12,6,4,"b_tt_4",-1236.35369950332,NA
12,6,4,"b_tc_1",-280777.403992065,NA
12,6,4,"b_tc_2",-14915.7366484116,NA
12,6,4,"b_tc_3",-3681.27027973279,NA
12,6,4,"b_tc_4",-13215.4396105049,NA
12,6,4,"b_hw_1",-3765.73966913127,NA
12,6,4,"b_hw_2",-676.082041495844,NA
12,6,4,"b_hw_3",224.132178444477,NA
12,6,4,"b_hw_4",-302.988962233198,NA
12,6,4,"b_ch_1",-10555.3096141998,NA
12,6,4,"b_ch_2",-10594.738875459,NA
12,6,4,"b_ch_3",-15216.7934049051,NA
12,6,4,"b_ch_4",-150582.383206285,NA
12,6,4,"delta_1",0,NA
12,6,4,"delta_2",75.5856250663577,NA
12,6,4,"delta_3",74.5639738188263,NA
12,6,4,"delta_4",75.3624815150438,NA
12,7,1,"b_tt_1",-0.0290664597280125,0.0249756978158013
12,7,1,"b_tc_1",-0.0527802073911613,0.127745542496544
12,7,1,"b_hw_1",-0.0498524037792363,0.0125084600678192
12,7,1,"b_ch_1",-1.35821765170946,0.280670509905716
12,7,2,"b_tt_1",-0.490838483489843,0.0290175895201995
12,7,2,"b_tt_2",-0.0151724908846816,0.26344436116405
12,7,2,"b_tc_1",-3.9004373730135,0.158874114443773
12,7,2,"b_tc_2",0.113078579177408,1.87288750210088
12,7,2,"b_hw_1",-0.134570198097104,0.0182128544865356
12,7,2,"b_hw_2",-0.0541727285983488,0.0598074708154238
12,7,2,"b_ch_1",-0.413432728678424,0.449380114845679
12,7,2,"b_ch_2",-1.93999736401374,1.01858028612726
12,7,2,"delta_1",0,NA
12,7,2,"delta_2",0.807163295602349,0.699662625234361
12,7,3,"b_tt_1",-52.4061981254348,NA
12,7,3,"b_tt_2",-23.5878570700175,NA
12,7,3,"b_tt_3",-0.0163665315633854,NA
12,7,3,"b_tc_1",-382.654688516703,NA
12,7,3,"b_tc_2",-88.9365299450148,NA
12,7,3,"b_tc_3",0.101654889351369,NA
12,7,3,"b_hw_1",-9.3311199329908,NA
12,7,3,"b_hw_2",-28.8955541897566,NA
12,7,3,"b_hw_3",-0.0443348310165989,NA
12,7,3,"b_ch_1",-76.8814772450602,NA
12,7,3,"b_ch_2",-503.817573104906,NA
12,7,3,"b_ch_3",-1.80219296843975,NA
12,7,3,"delta_1",0,NA
12,7,3,"delta_2",-0.0739814948316884,NA
12,7,3,"delta_3",0.826252601740815,NA
12,7,4,"b_tt_1",-17.0121633811353,NA
12,7,4,"b_tt_2",-3.49334280960298,NA
12,7,4,"b_tt_3",-0.0711674002733669,NA
12,7,4,"b_tt_4",-0.0652831302968493,NA
12,7,4,"b_tc_1",-131.611647708429,NA
12,7,4,"b_tc_2",-49.5910894664106,NA
12,7,4,"b_tc_3",0.222931780361954,NA
12,7,4,"b_tc_4",0.304679778230177,NA
12,7,4,"b_hw_1",-3.37227975860085,NA
12,7,4,"b_hw_2",-18.4432616412764,NA
12,7,4,"b_hw_3",-0.0171523304436838,NA
12,7,4,"b_hw_4",-0.349901362337105,NA
12,7,4,"b_ch_1",-27.5410676124418,NA
12,7,4,"b_ch_2",-101.924627685697,NA
12,7,4,"b_ch_3",-1.40962092433468,NA
12,7,4,"b_ch_4",-8.19629124423208,NA
12,7,4,"delta_1",0,NA
12,7,4,"delta_2",-0.414080379994904,NA
12,7,4,"delta_3",0.0472199248850591,NA
12,7,4,"delta_4",0.297140957094882,NA
12,8,1,"b_tt_1",-0.139845329751808,0.0438057434703573
12,8,1,"b_tc_1",-0.542309176576026,0.184749628852538
12,8,1,"b_hw_1",-0.0275213075965488,0.0110119505402143
12,8,1,"b_ch_1",-1.3603420525082,0.287415913482611
12,8,2,"b_tt_1",-123.240337631621,NA
12,8,2,"b_tt_2",-0.0942042215389989,NA
12,8,2,"b_tc_1",-242.119894511291,NA
12,8,2,"b_tc_2",-0.686555576347465,NA
12,8,2,"b_hw_1",-65.2024333152659,NA
12,8,2,"b_hw_2",-0.0177364480408307,NA
12,8,2,"b_ch_1",-2503.64413816528,NA
12,8,2,"b_ch_2",-0.362830177780472,NA
12,8,2,"delta_1",0,NA
12,8,2,"delta_2",-0.315125297118705,NA
12,8,3,"b_tt_1",-75.1951874864341,NA
12,8,3,"b_tt_2",-0.206019620152788,NA
12,8,3,"b_tt_3",49.9749513026113,NA
12,8,3,"b_tc_1",-147.606233389207,NA
12,8,3,"b_tc_2",-1.56367204289386,NA
12,8,3,"b_tc_3",198.000416504307,NA
12,8,3,"b_hw_1",-39.7950445365865,NA
12,8,3,"b_hw_2",-0.00754164707818272,NA
12,8,3,"b_hw_3",-31.9862900489835,NA
12,8,3,"b_ch_1",-1527.97577991347,NA
12,8,3,"b_ch_2",-0.251492410844315,NA
12,8,3,"b_ch_3",-55.0311192931335,NA
12,8,3,"delta_1",0,NA
12,8,3,"delta_2",-0.55380758592006,NA
12,8,3,"delta_3",-1.94383132551227,NA
12,8,4,"b_tt_1",-72.3283275170741,NA
12,8,4,"b_tt_2",-0.504865933092088,NA
12,8,4,"b_tt_3",-0.292439169513512,NA
12,8,4,"b_tt_4",27.5820888913446,NA
12,8,4,"b_tc_1",-142.008300269776,NA
12,8,4,"b_tc_2",-3.23725588947072,NA
12,8,4,"b_tc_3",-2.33266819661253,NA
12,8,4,"b_tc_4",89.0512014219643,NA
12,8,4,"b_hw_1",-38.2593890119848,NA
12,8,4,"b_hw_2",-0.0599448195902046,NA
12,8,4,"b_hw_3",0.0445059473035734,NA
12,8,4,"b_hw_4",-58.1351066713522,NA
12,8,4,"b_ch_1",-1469.39340258209,NA
12,8,4,"b_ch_2",-1.26564539194069,NA
12,8,4,"b_ch_3",0.346757485899831,NA
12,8,4,"b_ch_4",-0.758778277458186,NA
12,8,4,"delta_1",0,NA
12,8,4,"delta_2",-0.963053406910939,NA
12,8,4,"delta_3",-1.54903716425877,NA
12,8,4,"delta_4",-1.93153740901553,NA
12,9,1,"b_tt_1",-0.0833446537718341,0.0346645717068523
12,9,1,"b_tc_1",0.0702556270763632,0.0932431690338064
12,9,1,"b_hw_1",-0.0365985148240167,0.0128718430286794
12,9,1,"b_ch_1",-1.48782184190452,0.315646021521555
12,9,2,"b_tt_1",-0.608484372140214,0.0721718471632238
12,9,2,"b_tt_2",-0.0904521020868773,0.265264808154282
12,9,2,"b_tc_1",-1.80723133639089,0.18441294421816
12,9,2,"b_tc_2",0.154066189132889,0.839100869441114
12,9,2,"b_hw_1",-0.0534287713854876,0.0209124602948477
12,9,2,"b_hw_2",-0.0562048951097393,0.0345069600050089
12,9,2,"b_ch_1",-8.71596359479943,0.479795746456877
12,9,2,"b_ch_2",-0.858508316102674,3.91947491963067
12,9,2,"delta_1",0,NA
12,9,2,"delta_2",-0.121904421078215,0.6691229008736
12,9,3,"b_tt_1",-49.0334658079345,NA
12,9,3,"b_tt_2",-0.641013942206043,NA
12,9,3,"b_tt_3",0.259439446837869,NA
12,9,3,"b_tc_1",-161.814012406703,NA
12,9,3,"b_tc_2",-0.0587888976515643,NA
12,9,3,"b_tc_3",1.88147912391593,NA
12,9,3,"b_hw_1",-0.32696916040451,NA
12,9,3,"b_hw_2",-0.361322406445551,NA
12,9,3,"b_hw_3",0.0136775263690493,NA
12,9,3,"b_ch_1",-896.266545771377,NA
12,9,3,"b_ch_2",-6.30906274778156,NA
12,9,3,"b_ch_3",0.0596773239369841,NA
12,9,3,"delta_1",0,NA
12,9,3,"delta_2",0.00331449716029999,NA
12,9,3,"delta_3",-0.91461429224309,NA
12,9,4,"b_tt_1",-47.8235655269536,NA
12,9,4,"b_tt_2",-11.6232837008092,NA
12,9,4,"b_tt_3",-0.766847484302047,NA
12,9,4,"b_tt_4",0.288673647527508,NA
12,9,4,"b_tc_1",-157.32049403088,NA
12,9,4,"b_tc_2",26.6171527634617,NA
12,9,4,"b_tc_3",-1.10017951466839,NA
12,9,4,"b_tc_4",1.82251111260364,NA
12,9,4,"b_hw_1",-0.30777379770028,NA
12,9,4,"b_hw_2",-5.95910351511997,NA
12,9,4,"b_hw_3",-0.61632418874435,NA
12,9,4,"b_hw_4",0.0152283323353009,NA
12,9,4,"b_ch_1",-880.048370395392,NA
12,9,4,"b_ch_2",-265.614310704537,NA
12,9,4,"b_ch_3",-2.54038634683146,NA
12,9,4,"b_ch_4",-0.0288536463239576,NA
12,9,4,"delta_1",0,NA
12,9,4,"delta_2",-0.126001415781341,NA
12,9,4,"delta_3",-0.62157293936093,NA
12,9,4,"delta_4",-1.35065401374371,NA
12,10,1,"b_tt_1",-0.107510987228987,0.0367591195477318
12,10,1,"b_tc_1",-0.59847375656856,0.218701585694269
12,10,1,"b_hw_1",-0.0410946070482046,0.0110059015217788
12,10,1,"b_ch_1",-1.01416556908718,0.247232075138902
12,10,2,"b_tt_1",-40.1613530586519,NA
12,10,2,"b_tt_2",-0.171033040940613,NA
12,10,2,"b_tc_1",-14.2246410747327,NA
12,10,2,"b_tc_2",-1.16908105852299,NA
12,10,2,"b_hw_1",6.92603364435824,NA
12,10,2,"b_hw_2",-0.0640459491340826,NA
12,10,2,"b_ch_1",-168.922821464487,NA
12,10,2,"b_ch_2",-1.63992469776,NA
12,10,2,"delta_1",0,NA
12,10,2,"delta_2",2.39789531128348,NA
12,10,3,"b_tt_1",-92.7485374372447,NA
12,10,3,"b_tt_2",-23.3460547578556,NA
12,10,3,"b_tt_3",-0.169850640376471,NA
12,10,3,"b_tc_1",-70.426237464393,NA
12,10,3,"b_tc_2",-83.1076111234894,NA
12,10,3,"b_tc_3",-1.38943736283457,NA
12,10,3,"b_hw_1",14.5804754192419,NA
12,10,3,"b_hw_2",-3.62275234193499,NA
12,10,3,"b_hw_3",-0.0801982837666313,NA
12,10,3,"b_ch_1",-339.387101811308,NA
12,10,3,"b_ch_2",-128.265645568799,NA
12,10,3,"b_ch_3",-1.36515496216982,NA
12,10,3,"delta_1",0,NA
12,10,3,"delta_2",1.28166089267838,NA
12,10,3,"delta_3",2.00112611008806,NA
12,10,4,"b_tt_1",-138.744482589895,NA
12,10,4,"b_tt_2",-76.8070379812469,NA
12,10,4,"b_tt_3",-53.6664685620387,NA
12,10,4,"b_tt_4",-0.343683425131149,NA
12,10,4,"b_tc_1",-505.232149642949,NA
12,10,4,"b_tc_2",-220.57628619036,NA
12,10,4,"b_tc_3",-251.993850437036,NA
12,10,4,"b_tc_4",-2.32366953124226,NA
12,10,4,"b_hw_1",-22.8992144347476,NA
12,10,4,"b_hw_2",5.06082279208214,NA
12,10,4,"b_hw_3",-88.785160773332,NA
12,10,4,"b_hw_4",-0.0466011195231245,NA
12,10,4,"b_ch_1",-788.019921081873,NA
12,10,4,"b_ch_2",-42.201597078448,NA
12,10,4,"b_ch_3",-1325.06287581115,NA
12,10,4,"b_ch_4",-0.980309058427482,NA
12,10,4,"delta_1",0,NA
12,10,4,"delta_2",-1.37566909302108,NA
12,10,4,"delta_3",-0.00688112941533023,NA
12,10,4,"delta_4",-0.240502435496677,NA
12,11,1,"b_tt_1",0.000290083045331856,0.0227004947286685
12,11,1,"b_tc_1",0.126932393861383,0.0874020077973472
12,11,1,"b_hw_1",-0.0516150071027872,0.0112136775425525
12,11,1,"b_ch_1",-0.397336115244424,0.207625076725837
12,11,2,"b_tt_1",-0.401287324638625,0.0537655607310907
12,11,2,"b_tt_2",-0.0354341306096519,0.207420607512054
12,11,2,"b_tc_1",-3.08213361386845,0.14830563411801
12,11,2,"b_tc_2",0.23051956026407,1.50633584034395
12,11,2,"b_hw_1",-0.292643793718136,0.0155253565438282
12,11,2,"b_hw_2",-0.0390304144171636,0.170452601836817
12,11,2,"b_ch_1",-0.402000069712688,0.345002016302342
12,11,2,"b_ch_2",-0.796512218323886,0.718129120002124
12,11,2,"delta_1",0,NA
12,11,2,"delta_2",0.294516634712227,0.679979772105871
12,11,3,"b_tt_1",-1.43062125912735,NA
12,11,3,"b_tt_2",-0.043103227141016,NA
12,11,3,"b_tt_3",19.7112399565078,NA
12,11,3,"b_tc_1",-7.99689545870388,NA
12,11,3,"b_tc_2",0.218183664767327,NA
12,11,3,"b_tc_3",-0.427912002760474,NA
12,11,3,"b_hw_1",-1.32203309020623,NA
12,11,3,"b_hw_2",-0.0374891601709976,NA
12,11,3,"b_hw_3",-5.31118269120108,NA
12,11,3,"b_ch_1",-2.99310140431032,NA
12,11,3,"b_ch_2",-0.796189576205424,NA
12,11,3,"b_ch_3",-60.2803633231182,NA
12,11,3,"delta_1",0,NA
12,11,3,"delta_2",0.597679693957065,NA
12,11,3,"delta_3",-0.586263236826558,NA
12,11,4,"b_tt_1",-1.29159750198045,NA
12,11,4,"b_tt_2",-0.44048992716414,NA
12,11,4,"b_tt_3",-0.0825773875141419,NA
12,11,4,"b_tt_4",78.0539733730921,NA
12,11,4,"b_tc_1",-7.37758341205206,NA
12,11,4,"b_tc_2",-3.0495797409841,NA
12,11,4,"b_tc_3",0.278508300056879,NA
12,11,4,"b_tc_4",74.9478464284878,NA
12,11,4,"b_hw_1",-1.2347351551004,NA
12,11,4,"b_hw_2",0.0175999218948938,NA
12,11,4,"b_hw_3",-0.0478659209993019,NA
12,11,4,"b_hw_4",-18.6034260614603,NA
12,11,4,"b_ch_1",-2.57776443000018,NA
12,11,4,"b_ch_2",0.395158386415465,NA
12,11,4,"b_ch_3",-1.29897691408013,NA
12,11,4,"b_ch_4",-100.447373138104,NA
12,11,4,"delta_1",0,NA
12,11,4,"delta_2",-0.499511858437641,NA
12,11,4,"delta_3",0.359121715316283,NA
12,11,4,"delta_4",-0.247467923018108,NA
12,12,1,"b_tt_1",-0.0162305797942043,0.0156585342203652
12,12,1,"b_tc_1",-0.128894109633115,0.047419836157009
12,12,1,"b_hw_1",-0.0278980878964008,0.0118981626198135
12,12,1,"b_ch_1",-1.46899183499976,0.270542077258929
12,12,2,"b_tt_1",-0.192715058386232,NA
12,12,2,"b_tt_2",-0.0757822975541545,NA
12,12,2,"b_tc_1",0.0518948421746195,NA
12,12,2,"b_tc_2",-0.662681821216488,NA
12,12,2,"b_hw_1",1.4383759408243,NA
12,12,2,"b_hw_2",-0.0353231133479118,NA
12,12,2,"b_ch_1",-84.7844526996487,NA
12,12,2,"b_ch_2",-1.47398665404944,NA
12,12,2,"delta_1",0,NA
12,12,2,"delta_2",0.72359885930145,NA
12,12,3,"b_tt_1",-5.5102132555991,NA
12,12,3,"b_tt_2",-0.280223457289753,NA
12,12,3,"b_tt_3",-0.0903545211437809,NA
12,12,3,"b_tc_1",12.8056937441341,NA
12,12,3,"b_tc_2",-0.0531179120616504,NA
12,12,3,"b_tc_3",-0.901544356332633,NA
12,12,3,"b_hw_1",-1.79169671764355,NA
12,12,3,"b_hw_2",1.44835203076965,NA
12,12,3,"b_hw_3",-0.0421103384767991,NA
12,12,3,"b_ch_1",12.6628801997911,NA
12,12,3,"b_ch_2",-85.2208507899579,NA
12,12,3,"b_ch_3",-2.35618161736026,NA
12,12,3,"delta_1",0,NA
12,12,3,"delta_2",1.2682261336878,NA
12,12,3,"delta_3",2.00762092473538,NA
12,12,4,"b_tt_1",-18.7764094960944,NA
12,12,4,"b_tt_2",-4.89115539104846,NA
12,12,4,"b_tt_3",-0.448077117827236,NA
12,12,4,"b_tt_4",-0.0426301406713203,NA
12,12,4,"b_tc_1",-91.2912665958544,NA
12,12,4,"b_tc_2",-53.29905194519,NA
12,12,4,"b_tc_3",-0.256241319119907,NA
12,12,4,"b_tc_4",-0.424032218542491,NA
12,12,4,"b_hw_1",-1.76724734966556,NA
12,12,4,"b_hw_2",-0.691813788728476,NA
12,12,4,"b_hw_3",1.75566376250246,NA
12,12,4,"b_hw_4",-0.0575599600923971,NA
12,12,4,"b_ch_1",28.7434814758314,NA
12,12,4,"b_ch_2",-108.694393355377,NA
12,12,4,"b_ch_3",-106.052130344975,NA
12,12,4,"b_ch_4",-1.99851132143015,NA
12,12,4,"delta_1",0,NA
12,12,4,"delta_2",1.44465390502996,NA
12,12,4,"delta_3",1.04330417125441,NA
12,12,4,"delta_4",0.892563466579317,NA
12,13,1,"b_tt_1",-0.0405895715165284,0.0302870445172788
12,13,1,"b_tc_1",0.0360653797204449,0.0923449574276417
12,13,1,"b_hw_1",-0.0279950846963711,0.00904497453695488
12,13,1,"b_ch_1",-0.765561734937424,0.196706208524487
12,13,2,"b_tt_1",-7.0196628593026,NA
12,13,2,"b_tt_2",-0.0508658554223855,NA
12,13,2,"b_tc_1",-25.079322216191,NA
12,13,2,"b_tc_2",0.00696665391048366,NA
12,13,2,"b_hw_1",-3.70176487881929,NA
12,13,2,"b_hw_2",-0.0109977700431835,NA
12,13,2,"b_ch_1",-66.9924416537546,NA
12,13,2,"b_ch_2",-0.383628702721279,NA
12,13,2,"delta_1",0,NA
12,13,2,"delta_2",0.715268392901916,NA
12,13,3,"b_tt_1",-7.06370081614262,NA
12,13,3,"b_tt_2",-0.0157723428341184,NA
12,13,3,"b_tt_3",0.0159431563568116,NA
12,13,3,"b_tc_1",-24.5563575406255,NA
12,13,3,"b_tc_2",0.313896308747445,NA
12,13,3,"b_tc_3",-1.34347681816126,NA
12,13,3,"b_hw_1",-3.74907502401208,NA
12,13,3,"b_hw_2",-0.0173439733586302,NA
12,13,3,"b_hw_3",-0.0416507349647016,NA
12,13,3,"b_ch_1",-68.2804264623525,NA
12,13,3,"b_ch_2",-0.289486199508111,NA
12,13,3,"b_ch_3",-1.20081454316237,NA
12,13,3,"delta_1",0,NA
12,13,3,"delta_2",0.244227325975422,NA
12,13,3,"delta_3",-0.265346950740199,NA
12,13,4,"b_tt_1",-7.19638287199932,NA
12,13,4,"b_tt_2",-0.354412135915251,NA
12,13,4,"b_tt_3",0.0173700405310475,NA
12,13,4,"b_tt_4",0.174671513789608,NA
12,13,4,"b_tc_1",-23.7695653789193,NA
12,13,4,"b_tc_2",-0.326295058652665,NA
12,13,4,"b_tc_3",-1.34596763873648,NA
12,13,4,"b_tc_4",1.18336204330542,NA
12,13,4,"b_hw_1",-3.78509073968366,NA
12,13,4,"b_hw_2",-0.0411882269942352,NA
12,13,4,"b_hw_3",-0.041774140115225,NA
12,13,4,"b_hw_4",0.0295448349912504,NA
12,13,4,"b_ch_1",-69.7237423278032,NA
12,13,4,"b_ch_2",-0.528194461602282,NA
12,13,4,"b_ch_3",-1.20096697095211,NA
12,13,4,"b_ch_4",0.738913745971998,NA
12,13,4,"delta_1",0,NA
12,13,4,"delta_2",-0.0857275171689357,NA
12,13,4,"delta_3",-0.266834196072471,NA
12,13,4,"delta_4",-1.05474796025864,NA
12,14,1,"b_tt_1",-0.0431814741409996,0.0164517881245501
12,14,1,"b_tc_1",-0.102351351345245,0.0516811792230705
12,14,1,"b_hw_1",-0.0448768555397002,0.0107629880478559
12,14,1,"b_ch_1",-0.705977418195755,0.206613009800456
12,14,2,"b_tt_1",-2.35127204466819,1.25824988294566
12,14,2,"b_tt_2",-0.0147965341615079,0.0149248544310189
12,14,2,"b_tc_1",-5.65333919600318,3.09085736305315
12,14,2,"b_tc_2",-0.0701532117965644,0.0480565605309973
12,14,2,"b_hw_1",-1.05292636144904,0.562817142954091
12,14,2,"b_hw_2",-0.0231016374465182,0.0127051313426824
12,14,2,"b_ch_1",-4.97858199681977,2.9347255419768
12,14,2,"b_ch_2",-0.514670647449286,0.274881898664688
12,14,2,"delta_1",0,NA
12,14,2,"delta_2",0.123010541318445,0.622793483616832
12,14,3,"b_tt_1",-65.3637237675018,NA
12,14,3,"b_tt_2",-0.015708992846164,NA
12,14,3,"b_tt_3",0.475263028256482,NA
12,14,3,"b_tc_1",-152.294957716247,NA
12,14,3,"b_tc_2",-0.0550354420298087,NA
12,14,3,"b_tc_3",-103.828606561541,NA
12,14,3,"b_hw_1",-30.8092240986511,NA
12,14,3,"b_hw_2",-0.0283729746912833,NA
12,14,3,"b_hw_3",-4.17183488407938,NA
12,14,3,"b_ch_1",-159.041523082111,NA
12,14,3,"b_ch_2",-0.420042291643409,NA
12,14,3,"b_ch_3",-208.784574419051,NA
12,14,3,"delta_1",0,NA
12,14,3,"delta_2",0.201736087464418,NA
12,14,3,"delta_3",0.273273938218654,NA
12,14,4,"b_tt_1",-62.2165701088231,NA
12,14,4,"b_tt_2",-6.13454391079811,NA
12,14,4,"b_tt_3",-0.0443043618021274,NA
12,14,4,"b_tt_4",0.0163706521886565,NA
12,14,4,"b_tc_1",-145.257663909836,NA
12,14,4,"b_tc_2",-147.597951815093,NA
12,14,4,"b_tc_3",-0.0946738848829102,NA
12,14,4,"b_tc_4",-0.0182483239542336,NA
12,14,4,"b_hw_1",-29.3926287060722,NA
12,14,4,"b_hw_2",-7.02729361404377,NA
12,14,4,"b_hw_3",-0.0398335545978334,NA
12,14,4,"b_hw_4",-0.0539203572435045,NA
12,14,4,"b_ch_1",-153.472886851854,NA
12,14,4,"b_ch_2",-232.796904206683,NA
12,14,4,"b_ch_3",-0.174829778224232,NA
12,14,4,"b_ch_4",-3.04102946351792,NA
12,14,4,"delta_1",0,NA
12,14,4,"delta_2",-0.120831992654684,NA
12,14,4,"delta_3",-0.0801861594492837,NA
12,14,4,"delta_4",-0.3554818040416,NA
12,15,1,"b_tt_1",-0.100625108266875,0.0275568195551646
12,15,1,"b_tc_1",-0.215534936218464,0.0709563809635686
12,15,1,"b_hw_1",-0.048948647293502,0.012709384935492
12,15,1,"b_ch_1",-1.16985353758197,0.266409325792566
12,15,2,"b_tt_1",-40.6681953979446,NA
12,15,2,"b_tt_2",-0.0584080822247543,NA
12,15,2,"b_tc_1",-122.055643931536,NA
12,15,2,"b_tc_2",-0.140384876198229,NA
12,15,2,"b_hw_1",-4.06421786669211,NA
12,15,2,"b_hw_2",-0.0332178398579837,NA
12,15,2,"b_ch_1",-81.3874618273863,NA
12,15,2,"b_ch_2",-0.641098419637581,NA
12,15,2,"delta_1",0,NA
12,15,2,"delta_2",0.167320405384036,NA
12,15,3,"b_tt_1",-38.3505345737606,NA
12,15,3,"b_tt_2",-9.57899225608993,NA
12,15,3,"b_tt_3",-0.0580078293182262,NA
12,15,3,"b_tc_1",-115.415067673382,NA
12,15,3,"b_tc_2",-27.8712196929692,NA
12,15,3,"b_tc_3",-0.126436291202959,NA
12,15,3,"b_hw_1",-3.83408158697885,NA
12,15,3,"b_hw_2",-6.33334275930213,NA
12,15,3,"b_hw_3",-0.0375475219277882,NA
12,15,3,"b_ch_1",-77.0645378800423,NA
12,15,3,"b_ch_2",-188.030154168949,NA
12,15,3,"b_ch_3",-0.459347343635944,NA
12,15,3,"delta_1",0,NA
12,15,3,"delta_2",-1.07568478059763,NA
12,15,3,"delta_3",0.0778116253336145,NA
12,15,4,"b_tt_1",-78.5728144285156,NA
12,15,4,"b_tt_2",-12.9173954891055,NA
12,15,4,"b_tt_3",-0.102740481545783,NA
12,15,4,"b_tt_4",141.404055836349,NA
12,15,4,"b_tc_1",-235.835261931222,NA
12,15,4,"b_tc_2",-21.0273657326573,NA
12,15,4,"b_tc_3",-0.25295710419931,NA
12,15,4,"b_tc_4",-166.328258733369,NA
12,15,4,"b_hw_1",-7.4475308288681,NA
12,15,4,"b_hw_2",-17.0651943509733,NA
12,15,4,"b_hw_3",-0.00842507708243701,NA
12,15,4,"b_hw_4",-113.755641240518,NA
12,15,4,"b_ch_1",-157.262441963038,NA
12,15,4,"b_ch_2",155.12599656099,NA
12,15,4,"b_ch_3",-0.873950893957839,NA
12,15,4,"b_ch_4",-1252.00517298581,NA
12,15,4,"delta_1",0,NA
12,15,4,"delta_2",-1.04842066971105,NA
12,15,4,"delta_3",-0.109080743378161,NA
12,15,4,"delta_4",-1.27535431102687,NA
12,16,1,"b_tt_1",-0.204933433428307,0.0957569969359948
12,16,1,"b_tc_1",-0.785786795932056,0.301678300295499
12,16,1,"b_hw_1",-0.0424644812839028,0.0120742430869548
12,16,1,"b_ch_1",-1.76723643836235,0.350341579590169
12,16,2,"b_tt_1",-1.06426796503417,0.200763291194282
12,16,2,"b_tt_2",-0.224782057944409,0.48679373148694
12,16,2,"b_tc_1",-6.07240201994568,0.572729278707902
12,16,2,"b_tc_2",-0.886145443271523,2.7132310675933
12,16,2,"b_hw_1",-0.0682831163409775,0.0512191935442541
12,16,2,"b_hw_2",-0.134881787742263,0.0432833144249198
12,16,2,"b_ch_1",-4.17010469828089,0.935203400257957
12,16,2,"b_ch_2",-2.54635483720264,1.64422677984257
12,16,2,"delta_1",0,NA
12,16,2,"delta_2",0.23769283608092,0.633588946156997
12,16,3,"b_tt_1",-29.9673228916204,NA
12,16,3,"b_tt_2",-1.175098301935,NA
12,16,3,"b_tt_3",-0.807844444406102,NA
12,16,3,"b_tc_1",-187.976216336343,NA
12,16,3,"b_tc_2",-1.37186157273428,NA
12,16,3,"b_tc_3",-5.25936885221057,NA
12,16,3,"b_hw_1",-1.70207090195384,NA
12,16,3,"b_hw_2",-2.93530096187993,NA
12,16,3,"b_hw_3",-0.0976916599967751,NA
12,16,3,"b_ch_1",-98.0742478148237,NA
12,16,3,"b_ch_2",-46.8638507860464,NA
12,16,3,"b_ch_3",-74.0688656817904,NA
12,16,3,"delta_1",0,NA
12,16,3,"delta_2",0.618341374752751,NA
12,16,3,"delta_3",0.830170825356171,NA
12,16,4,"b_tt_1",-29.2488963776903,NA
12,16,4,"b_tt_2",-1.30432359797061,NA
12,16,4,"b_tt_3",-1.29093207076977,NA
12,16,4,"b_tt_4",28.6986694505002,NA
12,16,4,"b_tc_1",-181.824512550437,NA
12,16,4,"b_tc_2",-5.84155355995968,NA
12,16,4,"b_tc_3",-1.4521370358129,NA
12,16,4,"b_tc_4",-66.4154885594086,NA
12,16,4,"b_hw_1",-1.64282974146386,NA
12,16,4,"b_hw_2",-0.568791271581682,NA
12,16,4,"b_hw_3",-2.27058871720048,NA
12,16,4,"b_hw_4",-2.72990919621467,NA
12,16,4,"b_ch_1",-94.0778231565962,NA
12,16,4,"b_ch_2",-796.054312602377,NA
12,16,4,"b_ch_3",-37.1784153131314,NA
12,16,4,"b_ch_4",-558.220340906956,NA
12,16,4,"delta_1",0,NA
12,16,4,"delta_2",0.337809938220051,NA
12,16,4,"delta_3",0.505681500563913,NA
12,16,4,"delta_4",0.156464259419195,NA
12,17,1,"b_tt_1",-0.0707893927811625,0.0506935498691666
12,17,1,"b_tc_1",-0.525537817930748,0.204585660044849
12,17,1,"b_hw_1",-0.0358019718215141,0.0106284359247022
12,17,1,"b_ch_1",-1.21739028276594,0.260049652030738
12,17,2,"b_tt_1",-62.1808540316943,NA
12,17,2,"b_tt_2",-0.0884197768868961,NA
12,17,2,"b_tc_1",-150.611607757381,NA
12,17,2,"b_tc_2",-0.70144087463851,NA
12,17,2,"b_hw_1",-20.8182048379683,NA
12,17,2,"b_hw_2",-0.0219381870057891,NA
12,17,2,"b_ch_1",-1292.10086366449,NA
12,17,2,"b_ch_2",-0.51527240942155,NA
12,17,2,"delta_1",0,NA
12,17,2,"delta_2",0.0605079812833597,NA
12,17,3,"b_tt_1",-46.5864417347916,NA
12,17,3,"b_tt_2",-0.12814125504045,NA
12,17,3,"b_tt_3",0.577956565840952,NA
12,17,3,"b_tc_1",-112.894711530207,NA
12,17,3,"b_tc_2",-0.510204341420144,NA
12,17,3,"b_tc_3",-2.61766724453847,NA
12,17,3,"b_hw_1",-15.5261417243171,NA
12,17,3,"b_hw_2",-0.0379588869147393,NA
12,17,3,"b_hw_3",-0.0879170663591812,NA
12,17,3,"b_ch_1",-933.018266104963,NA
12,17,3,"b_ch_2",-0.609408099402033,NA
12,17,3,"b_ch_3",1.27378889137554,NA
12,17,3,"delta_1",0,NA
12,17,3,"delta_2",-0.44971223041227,NA
12,17,3,"delta_3",-0.897344175016377,NA
12,17,4,"b_tt_1",-44.0627587495173,NA
12,17,4,"b_tt_2",-0.311352404412728,NA
12,17,4,"b_tt_3",-0.283174287512726,NA
12,17,4,"b_tt_4",48.2144369200339,NA
12,17,4,"b_tc_1",-106.46921997374,NA
12,17,4,"b_tc_2",-2.27213464600922,NA
12,17,4,"b_tc_3",-0.0084033408742331,NA
12,17,4,"b_tc_4",-56.5187879557816,NA
12,17,4,"b_hw_1",-14.843741851012,NA
12,17,4,"b_hw_2",-0.00780564137536007,NA
12,17,4,"b_hw_3",-0.0855952636358707,NA
12,17,4,"b_hw_4",-15.5397424331131,NA
12,17,4,"b_ch_1",-883.634029548767,NA
12,17,4,"b_ch_2",-0.0551517037720116,NA
12,17,4,"b_ch_3",-0.958394169086598,NA
12,17,4,"b_ch_4",-847.626604036531,NA
12,17,4,"delta_1",0,NA
12,17,4,"delta_2",-0.269499872863492,NA
12,17,4,"delta_3",-0.935509117597303,NA
12,17,4,"delta_4",-1.44008384835281,NA
12,18,1,"b_tt_1",-0.0905423065170242,0.0319837577632786
12,18,1,"b_tc_1",-0.302684633337568,0.119035080112913
12,18,1,"b_hw_1",-0.0189643646990209,0.00933188662348561
12,18,1,"b_ch_1",-1.20210839331924,0.255289311678155
12,18,2,"b_tt_1",-0.157333401618173,0.0614211223075551
12,18,2,"b_tt_2",-0.123024813488474,0.0608152743212616
12,18,2,"b_tc_1",-0.708339355169235,0.342806304051101
12,18,2,"b_tc_2",-0.294770059879905,0.168079104218185
12,18,2,"b_hw_1",-0.052656620304756,0.0193278946487221
12,18,2,"b_hw_2",0.0278711583587479,0.0225723253356074
12,18,2,"b_ch_1",-1.84247616656634,0.510003300457563
12,18,2,"b_ch_2",-1.04148392210373,0.495202080694707
12,18,2,"delta_1",0,NA
12,18,2,"delta_2",-0.604924537724738,0.768296695796994
12,18,3,"b_tt_1",-0.877234282939393,NA
12,18,3,"b_tt_2",-0.193083515649765,NA
12,18,3,"b_tt_3",-0.128269865366024,NA
12,18,3,"b_tc_1",-4.19019217836537,NA
12,18,3,"b_tc_2",-0.590511861547538,NA
12,18,3,"b_tc_3",-2.75452990987893,NA
12,18,3,"b_hw_1",-0.91097110880937,NA
12,18,3,"b_hw_2",-0.0284358686070257,NA
12,18,3,"b_hw_3",3.20470129107818,NA
12,18,3,"b_ch_1",-33.4738589924592,NA
12,18,3,"b_ch_2",-1.26645503143117,NA
12,18,3,"b_ch_3",3.36995825166101,NA
12,18,3,"delta_1",0,NA
12,18,3,"delta_2",1.90711026477531,NA
12,18,3,"delta_3",-0.352388174105653,NA
12,18,4,"b_tt_1",-1.21347073491495,NA
12,18,4,"b_tt_2",-0.724569403123783,NA
12,18,4,"b_tt_3",-0.199616393603765,NA
12,18,4,"b_tt_4",-0.171734332323853,NA
12,18,4,"b_tc_1",-7.19279811134485,NA
12,18,4,"b_tc_2",0.475622585470658,NA
12,18,4,"b_tc_3",-2.50023494061035,NA
12,18,4,"b_tc_4",-0.42847461742548,NA
12,18,4,"b_hw_1",-0.210986116254584,NA
12,18,4,"b_hw_2",-1.32293847727399,NA
12,18,4,"b_hw_3",2.93166354171149,NA
12,18,4,"b_hw_4",-0.0146207479229793,NA
12,18,4,"b_ch_1",-5.99777839787614,NA
12,18,4,"b_ch_2",-55.4866461189013,NA
12,18,4,"b_ch_3",-8.77943358247786,NA
12,18,4,"b_ch_4",-1.36881426830498,NA
12,18,4,"delta_1",0,NA
12,18,4,"delta_2",-0.926976812488901,NA
12,18,4,"delta_3",-1.13762393272026,NA
12,18,4,"delta_4",0.757078956728741,NA
12,19,1,"b_tt_1",-0.0604801339114346,0.0319144129642754
12,19,1,"b_tc_1",-0.0532527933791854,0.112904374005575
12,19,1,"b_hw_1",-0.0498199367406063,0.0135239863524499
12,19,1,"b_ch_1",-1.88553723458949,0.341931920347752
12,19,2,"b_tt_1",-0.622154338772712,0.0423758182473763
12,19,2,"b_tt_2",-0.0399878348175546,1.07331776975055
12,19,2,"b_tc_1",-2.2599509449626,0.131645204730237
12,19,2,"b_tc_2",0.182534403179921,3.57588112042405
12,19,2,"b_hw_1",-0.160541683280977,0.0190571686728183
12,19,2,"b_hw_2",-0.0530166744159707,0.13859135760999
12,19,2,"b_ch_1",-9.60244795757685,0.476665600966448
12,19,2,"b_ch_2",-1.40430962481549,17.7117598737942
12,19,2,"delta_1",0,NA
12,19,2,"delta_2",0.0577896463049806,0.662005327672519
12,19,3,"b_tt_1",-0.608289954896278,NA
12,19,3,"b_tt_2",-0.0850810615452164,NA
12,19,3,"b_tt_3",0.0613828063001845,NA
12,19,3,"b_tc_1",-2.22270359231757,NA
12,19,3,"b_tc_2",0.105886495856047,NA
12,19,3,"b_tc_3",3.12791045403512,NA
12,19,3,"b_hw_1",-0.162012657744153,NA
12,19,3,"b_hw_2",-0.045619128362827,NA
12,19,3,"b_hw_3",-1.18722208245341,NA
12,19,3,"b_ch_1",-9.35627193056061,NA
12,19,3,"b_ch_2",-1.7807531466703,NA
12,19,3,"b_ch_3",-21.2655546341453,NA
12,19,3,"delta_1",0,NA
12,19,3,"delta_2",-0.0490879497084799,NA
12,19,3,"delta_3",-1.69497666822737,NA
12,19,4,"b_tt_1",-523.671171465615,NA
12,19,4,"b_tt_2",-0.553633426658366,NA
12,19,4,"b_tt_3",-0.0837321213549189,NA
12,19,4,"b_tt_4",0.935158529347469,NA
12,19,4,"b_tc_1",-82522.4787226109,NA
12,19,4,"b_tc_2",-2.03583870714109,NA
12,19,4,"b_tc_3",0.111368016220276,NA
12,19,4,"b_tc_4",9.1711125950236,NA
12,19,4,"b_hw_1",7701.72969750271,NA
12,19,4,"b_hw_2",-0.155581966135647,NA
12,19,4,"b_hw_3",-0.041958891630472,NA
12,19,4,"b_hw_4",-0.322878777897329,NA
12,19,4,"b_ch_1",5766.10795461779,NA
12,19,4,"b_ch_2",-8.48503296487555,NA
12,19,4,"b_ch_3",-1.92050140272209,NA
12,19,4,"b_ch_4",-6.15610213659963,NA
12,19,4,"delta_1",0,NA
12,19,4,"delta_2",111288.292436943,NA
12,19,4,"delta_3",111288.130856441,NA
12,19,4,"delta_4",111287.034995753,NA
12,20,1,"b_tt_1",-0.0589587824618145,0.0267641801103976
12,20,1,"b_tc_1",-0.0520796190423545,0.0615893956230097
12,20,1,"b_hw_1",-0.0338751712086327,0.0111046937490419
12,20,1,"b_ch_1",-0.915519418653462,0.234517702896994
12,20,2,"b_tt_1",-0.700031633721912,0.036607628537541
12,20,2,"b_tt_2",-0.0879751721269557,0.535213310852307
12,20,2,"b_tc_1",-0.513537077570714,0.0920735596744793
12,20,2,"b_tc_2",-0.222273311065886,0.517093515487919
12,20,2,"b_hw_1",0.0937811044176676,0.0156664665420104
12,20,2,"b_hw_2",-0.0489496794373063,0.0968569838955275
12,20,2,"b_ch_1",-2.28077830704623,0.348628136788985
12,20,2,"b_ch_2",-1.58989343565108,2.21607985144494
12,20,2,"delta_1",0,NA
12,20,2,"delta_2",1.60765580700599,0.775025615665491
12,20,3,"b_tt_1",-0.706443050902304,NA
12,20,3,"b_tt_2",-0.165594261257055,NA
12,20,3,"b_tt_3",21.2747996718799,NA
12,20,3,"b_tc_1",-0.519202413487181,NA
12,20,3,"b_tc_2",-0.372784318401855,NA
12,20,3,"b_tc_3",-16.7974356244604,NA
12,20,3,"b_hw_1",0.0950890759167762,NA
12,20,3,"b_hw_2",-0.0876031130594473,NA
12,20,3,"b_hw_3",-1.30638990199166,NA
12,20,3,"b_ch_1",-2.30140338187176,NA
12,20,3,"b_ch_2",-2.34570701661518,NA
12,20,3,"b_ch_3",-91.5706069121274,NA
12,20,3,"delta_1",0,NA
12,20,3,"delta_2",1.38593536543706,NA
12,20,3,"delta_3",-0.00115593172113609,NA
12,20,4,"b_tt_1",-0.872821148494343,NA
12,20,4,"b_tt_2",-0.708843669697301,NA
12,20,4,"b_tt_3",-0.304794821945066,NA
12,20,4,"b_tt_4",21.7617191961152,NA
12,20,4,"b_tc_1",-3.2845915988413,NA
12,20,4,"b_tc_2",-0.521283312707657,NA
12,20,4,"b_tc_3",-0.767190734965262,NA
12,20,4,"b_tc_4",-23.2971695925467,NA
12,20,4,"b_hw_1",-0.173947847470046,NA
12,20,4,"b_hw_2",0.0955205176502703,NA
12,20,4,"b_hw_3",-0.240986671074003,NA
12,20,4,"b_hw_4",-1.46344051765937,NA
12,20,4,"b_ch_1",-4.70366462812583,NA
12,20,4,"b_ch_2",-2.30929636879635,NA
12,20,4,"b_ch_3",-4.81673608067286,NA
12,20,4,"b_ch_4",-87.7682500236036,NA
12,20,4,"delta_1",0,NA
12,20,4,"delta_2",-0.431259630152082,NA
12,20,4,"delta_3",0.469073913079752,NA
12,20,4,"delta_4",-0.431375117724299,NA
10,1,1,"b_tt_1",-0.00896936478836601,0.0242107097090962
10,1,1,"b_tc_1",0.272502551960896,0.114308034560467
10,1,1,"b_hw_1",-0.0458183223090318,0.0133692543726308
10,1,1,"b_ch_1",-1.38317531348918,0.296829963666032
10,1,2,"b_tt_1",-0.164331958998153,0.0596078167093687
10,1,2,"b_tt_2",-0.132652084266305,0.128272167335377
10,1,2,"b_tc_1",-2.34885608176253,0.178882739970215
10,1,2,"b_tc_2",0.430994750288185,1.4205281219707
10,1,2,"b_hw_1",-0.039251789525594,0.0279191604585824
10,1,2,"b_hw_2",-0.0774342053248118,0.0357392031985053
10,1,2,"b_ch_1",-1.13360342722583,0.746177039998174
10,1,2,"b_ch_2",-2.87786618914468,0.704468071868235
10,1,2,"delta_1",0,NA
10,1,2,"delta_2",1.32907275816189,0.802011814626425
10,1,3,"b_tt_1",-44.0217725973795,NA
10,1,3,"b_tt_2",-10.9130882093761,NA
10,1,3,"b_tt_3",-0.16446764650544,NA
10,1,3,"b_tc_1",21.5666991418415,NA
10,1,3,"b_tc_2",31.4152241874521,NA
10,1,3,"b_tc_3",-2.37143951506066,NA
10,1,3,"b_hw_1",-30.7734600595654,NA
10,1,3,"b_hw_2",7.47938296357315,NA
10,1,3,"b_hw_3",-0.0373209596720367,NA
10,1,3,"b_ch_1",-681.379652623613,NA
10,1,3,"b_ch_2",-273.739939599972,NA
10,1,3,"b_ch_3",-1.13464889315214,NA
10,1,3,"delta_1",0,NA
10,1,3,"delta_2",-1.09454206554369,NA
10,1,3,"delta_3",-1.0821069726653,NA
10,1,4,"b_tt_1",-43.2039670984958,NA
10,1,4,"b_tt_2",-30.6984313601626,NA
10,1,4,"b_tt_3",-11.6542885301449,NA
10,1,4,"b_tt_4",16.6538402744105,NA
10,1,4,"b_tc_1",20.8482240103706,NA
10,1,4,"b_tc_2",-361.267154362481,NA
10,1,4,"b_tc_3",30.1277028009026,NA
10,1,4,"b_tc_4",24.8905494945237,NA
10,1,4,"b_hw_1",-30.1764762932445,NA
10,1,4,"b_hw_2",-3.50843514502389,NA
10,1,4,"b_hw_3",7.39915221655587,NA
10,1,4,"b_hw_4",-783.404769500972,NA
10,1,4,"b_ch_1",-668.417927840005,NA
10,1,4,"b_ch_2",-140.7484615982,NA
10,1,4,"b_ch_3",-281.870614093012,NA
10,1,4,"b_ch_4",-49.3697581564635,NA
10,1,4,"delta_1",0,NA
10,1,4,"delta_2",-1.5228215811111,NA
10,1,4,"delta_3",-0.994380379231041,NA
10,1,4,"delta_4",-1.34050002424562,NA
10,2,1,"b_tt_1",-0.144524923136995,0.0476697147705726
10,2,1,"b_tc_1",-0.656435224117736,0.224707755383612
10,2,1,"b_hw_1",-0.0547810095410306,0.013970543083756
10,2,1,"b_ch_1",-0.944353970808199,0.263347973273595
10,2,2,"b_tt_1",-0.222585707601123,NA
10,2,2,"b_tt_2",0.596610860969103,NA
10,2,2,"b_tc_1",-0.950339206882843,NA
10,2,2,"b_tc_2",1.6856916315263,NA
10,2,2,"b_hw_1",-0.0587088486550469,NA
10,2,2,"b_hw_2",-1.56404589976831,NA
10,2,2,"b_ch_1",-1.94412945126572,NA
10,2,2,"b_ch_2",0.0199124447928562,NA
10,2,2,"delta_1",0,NA
10,2,2,"delta_2",-0.805093738451068,NA
10,2,3,"b_tt_1",-0.661494861211883,NA
10,2,3,"b_tt_2",-0.39243225018202,NA
10,2,3,"b_tt_3",62.8243871412986,NA
10,2,3,"b_tc_1",-2.22455691439319,NA
10,2,3,"b_tc_2",-2.1214887461655,NA
10,2,3,"b_tc_3",167.967856080122,NA
10,2,3,"b_hw_1",-0.136835618954853,NA
10,2,3,"b_hw_2",-0.113224908252594,NA
10,2,3,"b_hw_3",-20.3682463758034,NA
10,2,3,"b_ch_1",1.95111135728825,NA
10,2,3,"b_ch_2",-3.18077740370947,NA
10,2,3,"b_ch_3",-10.6048086549706,NA
10,2,3,"delta_1",0,NA
10,2,3,"delta_2",1.09861773962927,NA
10,2,3,"delta_3",-1.54512365645526e-05,NA
10,2,4,"b_tt_1",-50.2726582186161,NA
10,2,4,"b_tt_2",-0.661479618305522,NA
10,2,4,"b_tt_3",-0.324284355338275,NA
10,2,4,"b_tt_4",58.9260477063558,NA
10,2,4,"b_tc_1",-236.499445883496,NA
10,2,4,"b_tc_2",-2.22450575924138,NA
10,2,4,"b_tc_3",-1.89950930414814,NA
10,2,4,"b_tc_4",157.441303668773,NA
10,2,4,"b_hw_1",-11.7310118839566,NA
10,2,4,"b_hw_2",-0.136832647443171,NA
10,2,4,"b_hw_3",-0.123466672712409,NA
10,2,4,"b_hw_4",-263.55360363637,NA
10,2,4,"b_ch_1",-569.46449542559,NA
10,2,4,"b_ch_2",1.95107281869642,NA
10,2,4,"b_ch_3",-2.36125819989206,NA
10,2,4,"b_ch_4",-9.7289378279585,NA
10,2,4,"delta_1",0,NA
10,2,4,"delta_2",-0.379598194616943,NA
10,2,4,"delta_3",0.0514094631308849,NA
10,2,4,"delta_4",-0.379596057041533,NA
10,3,1,"b_tt_1",0.00257151865678135,0.0355223772570382
10,3,1,"b_tc_1",-0.110469590406559,0.104818002163614
10,3,1,"b_hw_1",-0.0587151712579993,0.0156021196332715
10,3,1,"b_ch_1",-2.07881978945453,0.442954725682247
10,3,2,"b_tt_1",-0.0965933470067992,NA
10,3,2,"b_tt_2",-0.0393257901652711,NA
10,3,2,"b_tc_1",-64.7430138695649,NA
10,3,2,"b_tc_2",-0.153739075832456,NA
10,3,2,"b_hw_1",-1.45575549062289,NA
10,3,2,"b_hw_2",-0.0911848658302625,NA
10,3,2,"b_ch_1",-196.470123102259,NA
10,3,2,"b_ch_2",-2.20811734893679,NA
10,3,2,"delta_1",0,NA
10,3,2,"delta_2",0.637396525715028,NA
10,3,3,"b_tt_1",-20.3595997315849,NA
10,3,3,"b_tt_2",-0.1018470321056,NA
10,3,3,"b_tt_3",-0.0772695208569282,NA
10,3,3,"b_tc_1",-60.6591660939367,NA
10,3,3,"b_tc_2",-75.1272468449671,NA
10,3,3,"b_tc_3",-0.22819638324917,NA
10,3,3,"b_hw_1",-1.38478737315259,NA
10,3,3,"b_hw_2",-1.68643868270765,NA
10,3,3,"b_hw_3",-0.0970707774335253,NA
10,3,3,"b_ch_1",-429.862585534253,NA
10,3,3,"b_ch_2",-240.133973736627,NA
10,3,3,"b_ch_3",-2.14033218587152,NA
10,3,3,"delta_1",0,NA
10,3,3,"delta_2",0.383230114967225,NA
10,3,3,"delta_3",0.586001581459398,NA
10,3,4,"b_tt_1",-95.2165082828535,NA
10,3,4,"b_tt_2",-0.106538813309529,NA
10,3,4,"b_tt_3",0.300038033340625,NA
10,3,4,"b_tt_4",195.858005550449,NA
10,3,4,"b_tc_1",-211.386807614284,NA
10,3,4,"b_tc_2",-71.293922092413,NA
10,3,4,"b_tc_3",1.59481834579034,NA
10,3,4,"b_tc_4",60865.1043267049,NA
10,3,4,"b_hw_1",-358031.922552531,NA
10,3,4,"b_hw_2",-1.60118637148763,NA
10,3,4,"b_hw_3",-0.117822158402514,NA
10,3,4,"b_hw_4",-62885.0705927268,NA
10,3,4,"b_ch_1",-621.878620798407,NA
10,3,4,"b_ch_2",-14996.6245777541,NA
10,3,4,"b_ch_3",-2.46125606866873,NA
10,3,4,"b_ch_4",50281.9608964407,NA
10,3,4,"delta_1",0,NA
10,3,4,"delta_2",0.526969828813781,NA
10,3,4,"delta_3",0.700982350141396,NA
10,3,4,"delta_4",-36.6799158881225,NA
10,4,1,"b_tt_1",-0.186936483156197,0.0485184563237824
10,4,1,"b_tc_1",-0.842664770915687,0.224411832561044
10,4,1,"b_hw_1",-0.0543617852145952,0.0154684011105464
10,4,1,"b_ch_1",-2.01215650728715,0.437994731034147
10,4,2,"b_tt_1",-0.204714661144392,NA
10,4,2,"b_tt_2",2.08904860766313,NA
10,4,2,"b_tc_1",-0.62290338227809,NA
10,4,2,"b_tc_2",-51.2920559471867,NA
10,4,2,"b_hw_1",-0.0732030166524452,NA
10,4,2,"b_hw_2",-3.22121884321287,NA
10,4,2,"b_ch_1",-1.73995126455976,NA
10,4,2,"b_ch_2",-122.447240782829,NA
10,4,2,"delta_1",0,NA
10,4,2,"delta_2",-0.230836697165926,NA
10,4,3,"b_tt_1",-1.01475104741452,NA
10,4,3,"b_tt_2",-0.0292607258906861,NA
10,4,3,"b_tt_3",0.860337419673224,NA
10,4,3,"b_tc_1",-3.62835284774308,NA
10,4,3,"b_tc_2",0.664920125241981,NA
10,4,3,"b_tc_3",-52.428498858315,NA
10,4,3,"b_hw_1",-0.385939216653313,NA
10,4,3,"b_hw_2",-0.0166089534711002,NA
10,4,3,"b_hw_3",-2.99888422892432,NA
10,4,3,"b_ch_1",-9.5963318451838,NA
10,4,3,"b_ch_2",-0.0260269648326189,NA
10,4,3,"b_ch_3",-119.362116918738,NA
10,4,3,"delta_1",0,NA
10,4,3,"delta_2",-1.61160887316146,NA
10,4,3,"delta_3",-0.260201560770741,NA
10,4,4,"b_tt_1",-6.41982730272986,NA
10,4,4,"b_tt_2",-1.01475257129383,NA
10,4,4,"b_tt_3",-0.0292580171758352,NA
10,4,4,"b_tt_4",0.317624714702041,NA
10,4,4,"b_tc_1",-66.0780100529196,NA
10,4,4,"b_tc_2",-3.62836013800334,NA
10,4,4,"b_tc_3",0.664935766904302,NA
10,4,4,"b_tc_4",-52.8492537426254,NA
10,4,4,"b_hw_1",-0.468539437316846,NA
10,4,4,"b_hw_2",-0.38593515301372,NA
10,4,4,"b_hw_3",-0.016608703497996,NA
10,4,4,"b_hw_4",-2.89504264568369,NA
10,4,4,"b_ch_1",0.383127039434829,NA
10,4,4,"b_ch_2",-9.59636260480901,NA
10,4,4,"b_ch_3",-0.0260264253660272,NA
10,4,4,"b_ch_4",-118.900400551891,NA
10,4,4,"delta_1",0,NA
10,4,4,"delta_2",29.9387373354109,NA
10,4,4,"delta_3",28.3271291897616,NA
10,4,4,"delta_4",29.6785388082658,NA
10,5,1,"b_tt_1",-0.166427463093678,0.13582575379216
10,5,1,"b_tc_1",-0.158072925979286,0.410538067239953
10,5,1,"b_hw_1",-0.0833819224569346,0.025450522912498
10,5,1,"b_ch_1",-2.28730250091983,0.514159771623824
10,5,2,"b_tt_1",-22.1864225195604,NA
10,5,2,"b_tt_2",0.125233086628126,NA
10,5,2,"b_tc_1",-67.1319183862704,NA
10,5,2,"b_tc_2",0.899241084255694,NA
10,5,2,"b_hw_1",-5.90206063521161,NA
10,5,2,"b_hw_2",-0.0734745304298351,NA
10,5,2,"b_ch_1",-155.866561058661,NA
10,5,2,"b_ch_2",-1.06915643937456,NA
10,5,2,"delta_1",0,NA
10,5,2,"delta_2",-1.22415672832399,NA
10,5,3,"b_tt_1",-90.7993656792188,NA
10,5,3,"b_tt_2",1.11304639548945,NA
10,5,3,"b_tt_3",3.42554268761509,NA
10,5,3,"b_tc_1",-293.689484666873,NA
10,5,3,"b_tc_2",2.66518191406471,NA
10,5,3,"b_tc_3",53.847912296386,NA
10,5,3,"b_hw_1",-15.2307106328869,NA
10,5,3,"b_hw_2",-0.0312566817303352,NA
10,5,3,"b_hw_3",-7.07754414800527,NA
10,5,3,"b_ch_1",-456.17523956391,NA
10,5,3,"b_ch_2",-0.297650910888868,NA
10,5,3,"b_ch_3",-102.205933712751,NA
10,5,3,"delta_1",0,NA
10,5,3,"delta_2",-1.90796599009014,NA
10,5,3,"delta_3",-1.09838420867138,NA
10,5,4,"b_tt_1",-60.9456777941477,NA
10,5,4,"b_tt_2",-18.8393069793179,NA
10,5,4,"b_tt_3",-12.0557099753953,NA
10,5,4,"b_tt_4",1.11390847246578,NA
10,5,4,"b_tc_1",-205.81381680781,NA
10,5,4,"b_tc_2",-91.5894555755043,NA
10,5,4,"b_tc_3",-22.8050819984152,NA
10,5,4,"b_tc_4",2.66801828742894,NA
10,5,4,"b_hw_1",-15.3527151871318,NA
10,5,4,"b_hw_2",-8.49381583592768,NA
10,5,4,"b_hw_3",-1.21157265314047,NA
10,5,4,"b_hw_4",-0.0312294371180584,NA
10,5,4,"b_ch_1",-429.260706962123,NA
10,5,4,"b_ch_2",-125.962607413948,NA
10,5,4,"b_ch_3",-36.9316019674415,NA
10,5,4,"b_ch_4",-0.297061701645893,NA
10,5,4,"delta_1",0,NA
10,5,4,"delta_2",-0.317257590288601,NA
10,5,4,"delta_3",-0.778230620461589,NA
10,5,4,"delta_4",-1.41333844897421,NA
10,6,1,"b_tt_1",-0.107953515793195,0.0344788994831055
10,6,1,"b_tc_1",-0.518544007000136,0.157918941604502
10,6,1,"b_hw_1",-0.0281808389032225,0.011835279274247
10,6,1,"b_ch_1",-1.51865302613929,0.348677043697144
10,6,2,"b_tt_1",-68.4518091485058,NA
10,6,2,"b_tt_2",-0.0899170733421718,NA
10,6,2,"b_tc_1",-358.177632935511,NA
10,6,2,"b_tc_2",-0.351176488547259,NA
10,6,2,"b_hw_1",-13.8755439010929,NA
10,6,2,"b_hw_2",-0.00267233118392216,NA
10,6,2,"b_ch_1",-239.990849054351,NA
10,6,2,"b_ch_2",-3.02807113933355,NA
10,6,2,"delta_1",0,NA
10,6,2,"delta_2",0.0082585648534002,NA
10,6,3,"b_tt_1",-99.8245350489043,NA
10,6,3,"b_tt_2",-66.3408829940783,NA
10,6,3,"b_tt_3",-14.5046135029421,NA
10,6,3,"b_tc_1",5.57269879511099,NA
10,6,3,"b_tc_2",-353.10421817038,NA
10,6,3,"b_tc_3",-148.641183866259,NA
10,6,3,"b_hw_1",17.7461435643927,NA
10,6,3,"b_hw_2",-14.602632979184,NA
10,6,3,"b_hw_3",-13.0313193513877,NA
10,6,3,"b_ch_1",-806.713950912733,NA
10,6,3,"b_ch_2",-242.350765740464,NA
10,6,3,"b_ch_3",-1606.65332613913,NA
10,6,3,"delta_1",0,NA
10,6,3,"delta_2",0.916290731978839,NA
10,6,3,"delta_3",0.405465108110039,NA
10,6,4,"b_tt_1",-226.117066263834,NA
10,6,4,"b_tt_2",-71.8470252251784,NA
10,6,4,"b_tt_3",-16.3720634875964,NA
10,6,4,"b_tt_4",-15.4910785570396,NA
10,6,4,"b_tc_1",-79.6011791236818,NA
10,6,4,"b_tc_2",-375.620372640672,NA
10,6,4,"b_tc_3",-150.353159184811,NA
10,6,4,"b_tc_4",31.6849798608774,NA
10,6,4,"b_hw_1",40.1381015895868,NA
10,6,4,"b_hw_2",-14.5197914598388,NA
10,6,4,"b_hw_3",-3.82219932784171,NA
10,6,4,"b_hw_4",-69.2676589635161,NA
10,6,4,"b_ch_1",-1576.98742762949,NA
10,6,4,"b_ch_2",-251.381617204708,NA
10,6,4,"b_ch_3",-1328.28712799202,NA
10,6,4,"b_ch_4",-5823.15864373608,NA
10,6,4,"delta_1",0,NA
10,6,4,"delta_2",0.916290731969007,NA
10,6,4,"delta_3",0.405465108108248,NA
10,6,4,"delta_4",-5035.93146171224,NA
10,7,1,"b_tt_1",-0.0285742712740976,0.0260576765719339
10,7,1,"b_tc_1",-0.0640800381384284,0.138618052286343
10,7,1,"b_hw_1",-0.0501335950433814,0.0136278436676271
10,7,1,"b_ch_1",-1.32363693714464,0.302847834394835
10,7,2,"b_tt_1",-0.492870910094939,0.0306757818582448
10,7,2,"b_tt_2",-0.0113902071147958,0.258590608959471
10,7,2,"b_tc_1",-3.9211538573761,0.173055280452795
10,7,2,"b_tc_2",0.144068514434028,1.82668483203509
10,7,2,"b_hw_1",-0.135679748630188,0.0233893078809569
10,7,2,"b_hw_2",-0.061943600482625,0.0583998389009778
10,7,2,"b_ch_1",-0.479396655744681,0.559269920592925
10,7,2,"b_ch_2",-2.07063803296798,1.02614815288131
10,7,2,"delta_1",0,NA
10,7,2,"delta_2",0.479585522572091,0.743261354334808
10,7,3,"b_tt_1",-23.9647589022883,NA
10,7,3,"b_tt_2",-16.5562553684936,NA
10,7,3,"b_tt_3",-0.0113320785286926,NA
10,7,3,"b_tc_1",-171.363038050932,NA
10,7,3,"b_tc_2",-69.4193916181217,NA
10,7,3,"b_tc_3",0.128478923199683,NA
10,7,3,"b_hw_1",-4.0043223135678,NA
10,7,3,"b_hw_2",-20.8903200698392,NA
10,7,3,"b_hw_3",-0.0475384487434212,NA
10,7,3,"b_ch_1",-29.7140671112934,NA
10,7,3,"b_ch_2",-349.55585529101,NA
10,7,3,"b_ch_3",-1.83041655965828,NA
10,7,3,"delta_1",0,NA
10,7,3,"delta_2",-0.0548336528926596,NA
10,7,3,"delta_3",0.413234140514543,NA
10,7,4,"b_tt_1",-81.6431995676396,NA
10,7,4,"b_tt_2",-12.7929947114135,NA
10,7,4,"b_tt_3",-3.18632957052817,NA
10,7,4,"b_tt_4",-0.0434309802150738,NA
10,7,4,"b_tc_1",-594.545307202249,NA
10,7,4,"b_tc_2",-120.625429130106,NA
10,7,4,"b_tc_3",30.4270391333244,NA
10,7,4,"b_tc_4",0.318762377250808,NA
10,7,4,"b_hw_1",-14.3393508012423,NA
10,7,4,"b_hw_2",-30.9283727674209,NA
10,7,4,"b_hw_3",-20.7683178103038,NA
10,7,4,"b_hw_4",-0.0158258558831495,NA
10,7,4,"b_ch_1",-105.741353806516,NA
10,7,4,"b_ch_2",-187.134767126589,NA
10,7,4,"b_ch_3",-453.192467804664,NA
10,7,4,"b_ch_4",-1.18389547125847,NA
10,7,4,"delta_1",0,NA
10,7,4,"delta_2",-0.611022339530142,NA
10,7,4,"delta_3",-0.000244216704962719,NA
10,7,4,"delta_4",-0.427057837258652,NA
10,8,1,"b_tt_1",-0.168062095964691,0.0513833081989159
10,8,1,"b_tc_1",-0.649168719861531,0.206887365909653
10,8,1,"b_hw_1",-0.043186429519122,0.0153052219982439
10,8,1,"b_ch_1",-1.71424678617648,0.39394934621191
10,8,2,"b_tt_1",-72.203005345591,NA
10,8,2,"b_tt_2",-0.138225394250408,NA
10,8,2,"b_tc_1",-141.770513024854,NA
10,8,2,"b_tc_2",-0.897653531267773,NA
10,8,2,"b_hw_1",-38.2044875925762,NA
10,8,2,"b_hw_2",-0.0386308832556293,NA
10,8,2,"b_ch_1",-1467.00303399239,NA
10,8,2,"b_ch_2",-0.798587698212633,NA
10,8,2,"delta_1",0,NA
10,8,2,"delta_2",-0.310503914265509,NA
10,8,3,"b_tt_1",-0.246952257046883,NA
10,8,3,"b_tt_2",127.098013877482,NA
10,8,3,"b_tt_3",469.363486110709,NA
10,8,3,"b_tc_1",-0.43103518476235,NA
10,8,3,"b_tc_2",42.026689373272,NA
10,8,3,"b_tc_3",1937.28610153422,NA
10,8,3,"b_hw_1",-0.225155858319624,NA
10,8,3,"b_hw_2",-10.7975117753685,NA
10,8,3,"b_hw_3",-341.313031995262,NA
10,8,3,"b_ch_1",-5.81448156694767,NA
10,8,3,"b_ch_2",-159.013672098546,NA
10,8,3,"b_ch_3",-1055.08014056477,NA
10,8,3,"delta_1",0,NA
10,8,3,"delta_2",-0.879119558299902,NA
10,8,3,"delta_3",-1.85002007576318,NA
10,8,4,"b_tt_1",-27.9462127568584,NA
10,8,4,"b_tt_2",-0.508576510068455,NA
10,8,4,"b_tt_3",19.7891210899019,NA
10,8,4,"b_tt_4",122.277952893941,NA
10,8,4,"b_tc_1",-48.989560054437,NA
10,8,4,"b_tc_2",-1.52795160627266,NA
10,8,4,"b_tc_3",88.8483517126403,NA
10,8,4,"b_tc_4",40.1584954991331,NA
10,8,4,"b_hw_1",-10.6366824705699,NA
10,8,4,"b_hw_2",-0.272476613345219,NA
10,8,4,"b_hw_3",-20.0388519842267,NA
10,8,4,"b_hw_4",-10.4663935478624,NA
10,8,4,"b_ch_1",-587.104571374219,NA
10,8,4,"b_ch_2",-5.81687022586591,NA
10,8,4,"b_ch_3",-67.2597481631706,NA
10,8,4,"b_ch_4",-153.440142736235,NA
10,8,4,"delta_1",0,NA
10,8,4,"delta_2",-0.0195476705282228,NA
10,8,4,"delta_3",-1.17250809848042,NA
10,8,4,"delta_4",-0.216069053039507,NA
10,9,1,"b_tt_1",-0.104936299445829,0.0410933376331642
10,9,1,"b_tc_1",0.126352641050525,0.106460126279396
10,9,1,"b_hw_1",-0.0328319390676012,0.0150212052515775
10,9,1,"b_ch_1",-2.01912042104708,0.465887880875286
10,9,2,"b_tt_1",-0.252421256519083,NA
10,9,2,"b_tt_2",0.2592169712656,NA
10,9,2,"b_tc_1",-0.138441377735051,NA
10,9,2,"b_tc_2",1.87952549157521,NA
10,9,2,"b_hw_1",-0.0472528953042787,NA
10,9,2,"b_hw_2",0.0138225330534847,NA
10,9,2,"b_ch_1",-4.72697233621772,NA
10,9,2,"b_ch_2",0.059528178922548,NA
10,9,2,"delta_1",0,NA
10,9,2,"delta_2",-1.38579893814809,NA
10,9,3,"b_tt_1",-48.013175434881,NA
10,9,3,"b_tt_2",-0.494312105234937,NA
10,9,3,"b_tt_3",0.259465004484698,NA
10,9,3,"b_tc_1",-158.493734781793,NA
10,9,3,"b_tc_2",-0.0644954283140415,NA
10,9,3,"b_tc_3",1.88088641526716,NA
10,9,3,"b_hw_1",-0.321204392587854,NA
10,9,3,"b_hw_2",-0.177650090575713,NA
10,9,3,"b_hw_3",0.0138518244423733,NA
10,9,3,"b_ch_1",-881.130903978728,NA
10,9,3,"b_ch_2",-7.95940381991572,NA
10,9,3,"b_ch_3",0.0606436161659942,NA
10,9,3,"delta_1",0,NA
10,9,3,"delta_2",0.184691389164709,NA
10,9,3,"delta_3",-0.596264516828687,NA
10,9,4,"b_tt_1",-46.8767403504877,NA
10,9,4,"b_tt_2",-13.3116651966726,NA
10,9,4,"b_tt_3",-0.524962445928676,NA
10,9,4,"b_tt_4",0.288662180155588,NA
10,9,4,"b_tc_1",-154.794675737644,NA
10,9,4,"b_tc_2",30.1229001926088,NA
10,9,4,"b_tc_3",-0.811400161123408,NA
10,9,4,"b_tc_4",1.82246497125892,NA
10,9,4,"b_hw_1",-0.314765586973985,NA
10,9,4,"b_hw_2",-6.85185240533844,NA
10,9,4,"b_hw_3",-0.155743934604622,NA
10,9,4,"b_hw_4",0.0152574179701202,NA
10,9,4,"b_ch_1",-866.715113769475,NA
10,9,4,"b_ch_2",-301.339544814372,NA
10,9,4,"b_ch_3",-7.42081450003639,NA
10,9,4,"b_ch_4",-0.0287701145755131,NA
10,9,4,"delta_1",0,NA
10,9,4,"delta_2",0.18903427059813,NA
10,9,4,"delta_3",-0.673487979708045,NA
10,9,4,"delta_4",-1.02952353619798,NA
10,10,1,"b_tt_1",-0.0902529576545736,0.0359369236256033
10,10,1,"b_tc_1",-0.482908666826349,0.208102793731098
10,10,1,"b_hw_1",-0.0369099510374001,0.0110750477297645
10,10,1,"b_ch_1",-1.01109879470754,0.262178893771999
10,10,2,"b_tt_1",-38.1727822575694,NA
10,10,2,"b_tt_2",-0.151932103218111,NA
10,10,2,"b_tc_1",-1.260242366967,NA
10,10,2,"b_tc_2",-1.03944867671767,NA
10,10,2,"b_hw_1",7.1036371742973,NA
10,10,2,"b_hw_2",-0.0583334415067563,NA
10,10,2,"b_ch_1",-178.413163281513,NA
10,10,2,"b_ch_2",-1.69730716700434,NA
10,10,2,"delta_1",0,NA
10,10,2,"delta_2",2.19722463453735,NA
10,10,3,"b_tt_1",-20.3698472176711,NA
10,10,3,"b_tt_2",-0.696187343547731,NA
10,10,3,"b_tt_3",-0.216856418860186,NA
10,10,3,"b_tc_1",-142.790210681915,NA
10,10,3,"b_tc_2",-1.62615386430678,NA
10,10,3,"b_tc_3",-1.63563004610779,NA
10,10,3,"b_hw_1",-6.70676985147358,NA
10,10,3,"b_hw_2",-0.0137623340395205,NA
10,10,3,"b_hw_3",-0.0900319953130892,NA
10,10,3,"b_ch_1",148.437920971738,NA
10,10,3,"b_ch_2",-0.782987064242754,NA
10,10,3,"b_ch_3",-3.09319003076546,NA
10,10,3,"delta_1",0,NA
10,10,3,"delta_2",-0.253658839108885,NA
10,10,3,"delta_3",0.626920038958544,NA
10,10,4,"b_tt_1",-48.0986625122336,NA
10,10,4,"b_tt_2",-31.4894438194577,NA
10,10,4,"b_tt_3",-13.9281146246911,NA
10,10,4,"b_tt_4",-0.906391166636529,NA
10,10,4,"b_tc_1",-5.1741746309446,NA
10,10,4,"b_tc_2",-221.147494796425,NA
10,10,4,"b_tc_3",-93.3663213593064,NA
10,10,4,"b_tc_4",-3.63778460984896,NA
10,10,4,"b_hw_1",8.87240780144028,NA
10,10,4,"b_hw_2",-11.7490523051334,NA
10,10,4,"b_hw_3",-15.499351010846,NA
10,10,4,"b_hw_4",-0.0714476237347755,NA
10,10,4,"b_ch_1",-219.619861836253,NA
10,10,4,"b_ch_2",213.768019474988,NA
10,10,4,"b_ch_3",-224.859944571409,NA
10,10,4,"b_ch_4",-5.38231519676768,NA
10,10,4,"delta_1",0,NA
10,10,4,"delta_2",0.905996476951775,NA
10,10,4,"delta_3",0.917388642269279,NA
10,10,4,"delta_4",1.39199243335334,NA
10,11,1,"b_tt_1",-0.0330580903079424,0.048562047616731
10,11,1,"b_tc_1",0.190795679885233,0.132014072787002
10,11,1,"b_hw_1",-0.0523107017031353,0.0126107274290791
10,11,1,"b_ch_1",-0.575222945772315,0.246302490340872
10,11,2,"b_tt_1",-0.0413920361769544,NA
10,11,2,"b_tt_2",13.8848252351856,NA
10,11,2,"b_tc_1",0.234121812096265,NA
10,11,2,"b_tc_2",-76.6952694332967,NA
10,11,2,"b_hw_1",-0.0413873733683293,NA
10,11,2,"b_hw_2",-16.7001188246899,NA
10,11,2,"b_ch_1",-0.841708742223212,NA
10,11,2,"b_ch_2",-69.3424109679616,NA
10,11,2,"delta_1",0,NA
10,11,2,"delta_2",-0.906323275328019,NA
10,11,3,"b_tt_1",-0.443514734894339,NA
10,11,3,"b_tt_2",-0.0686095236803499,NA
10,11,3,"b_tt_3",28.011324690115,NA
10,11,3,"b_tc_1",-3.06662672467122,NA
10,11,3,"b_tc_2",0.321986440283107,NA
10,11,3,"b_tc_3",62.8836026996874,NA
10,11,3,"b_hw_1",0.0179030801897359,NA
10,11,3,"b_hw_2",-0.0644986433309296,NA
10,11,3,"b_hw_3",-6.1562426243895,NA
10,11,3,"b_ch_1",0.402474120817021,NA
10,11,3,"b_ch_2",-1.28370525861093,NA
10,11,3,"b_ch_3",78.5359971982062,NA
10,11,3,"delta_1",0,NA
10,11,3,"delta_2",1.05814760760233,NA
10,11,3,"delta_3",0.362801630869617,NA
10,11,4,"b_tt_1",-76.1697680125728,NA
10,11,4,"b_tt_2",-0.66886187596909,NA
10,11,4,"b_tt_3",-0.44318932952704,NA
10,11,4,"b_tt_4",-0.0566164413689743,NA
10,11,4,"b_tc_1",-430.006996310306,NA
10,11,4,"b_tc_2",23.2259504902409,NA
10,11,4,"b_tc_3",-3.06486048522682,NA
10,11,4,"b_tc_4",0.278337100756472,NA
10,11,4,"b_hw_1",-136.224636602485,NA
10,11,4,"b_hw_2",-4.46713022525318,NA
10,11,4,"b_hw_3",0.0178712641206806,NA
10,11,4,"b_hw_4",-0.0494639863689803,NA
10,11,4,"b_ch_1",1932.9289954567,NA
10,11,4,"b_ch_2",-28.5851395025914,NA
10,11,4,"b_ch_3",0.401934074917627,NA
10,11,4,"b_ch_4",-1.09422170287235,NA
10,11,4,"delta_1",0,NA
10,11,4,"delta_2",0.126144613420169,NA
10,11,4,"delta_3",-0.0659088080237792,NA
10,11,4,"delta_4",0.667881713796236,NA
10,12,1,"b_tt_1",0.0050363624734223,0.0206917884993171
10,12,1,"b_tc_1",-0.120648318520968,0.0522514863934847
10,12,1,"b_hw_1",-0.0231526423566478,0.0153493312918679
10,12,1,"b_ch_1",-1.89829434556883,0.380985898493267
10,12,2,"b_tt_1",-0.339687550921057,NA
10,12,2,"b_tt_2",-0.0912764133773138,NA
10,12,2,"b_tc_1",-0.12075305895885,NA
10,12,2,"b_tc_2",-0.910892346052796,NA
10,12,2,"b_hw_1",1.16115829236609,NA
10,12,2,"b_hw_2",-0.0430246801533838,NA
10,12,2,"b_ch_1",-81.3432195388545,NA
10,12,2,"b_ch_2",-2.39257979055124,NA
10,12,2,"delta_1",0,NA
10,12,2,"delta_2",1.18129018456794,NA
10,12,3,"b_tt_1",-4.55916214147452,NA
10,12,3,"b_tt_2",-0.553173028433319,NA
10,12,3,"b_tt_3",-0.0433929251373018,NA
10,12,3,"b_tc_1",-50.1106719767404,NA
10,12,3,"b_tc_2",-0.381056095099028,NA
10,12,3,"b_tc_3",-0.431505808592763,NA
10,12,3,"b_hw_1",-0.783582082167105,NA
10,12,3,"b_hw_2",1.92598480968285,NA
10,12,3,"b_hw_3",-0.0576772445721294,NA
10,12,3,"b_ch_1",-103.17642817053,NA
10,12,3,"b_ch_2",-116.332856247678,NA
10,12,3,"b_ch_3",-2.00359457153501,NA
10,12,3,"delta_1",0,NA
10,12,3,"delta_2",-0.858681023967313,NA
10,12,3,"delta_3",-0.570459584914973,NA
10,12,4,"b_tt_1",-6.03762151369875,NA
10,12,4,"b_tt_2",-1.05320761909003,NA
10,12,4,"b_tt_3",-0.553168322988459,NA
10,12,4,"b_tt_4",-0.0433934720223042,NA
10,12,4,"b_tc_1",-58.0342680825085,NA
10,12,4,"b_tc_2",10.4058686187456,NA
10,12,4,"b_tc_3",-0.381042121215515,NA
10,12,4,"b_tc_4",-0.431508759048774,NA
10,12,4,"b_hw_1",-0.513107816421804,NA
10,12,4,"b_hw_2",5.34219644760305,NA
10,12,4,"b_hw_3",3.29320245610881,NA
10,12,4,"b_hw_4",-0.0576774028207072,NA
10,12,4,"b_ch_1",-112.974347611373,NA
10,12,4,"b_ch_2",-462.027382306068,NA
10,12,4,"b_ch_3",-176.672341186907,NA
10,12,4,"b_ch_4",-2.00360258409738,NA
10,12,4,"delta_1",0,NA
10,12,4,"delta_2",-20.1443485686729,NA
10,12,4,"delta_3",-0.858680050257426,NA
10,12,4,"delta_4",-0.570456636392958,NA
10,13,1,"b_tt_1",-0.0418408012086458,0.0322482102873626
10,13,1,"b_tc_1",0.0726329541995853,0.0991372691169786
10,13,1,"b_hw_1",-0.0340224747461237,0.0108320481381086
10,13,1,"b_ch_1",-0.830084847349004,0.227884236149712
10,13,2,"b_tt_1",-7.17908640988132,NA
10,13,2,"b_tt_2",-0.0479945659558097,NA
10,13,2,"b_tc_1",-24.6507003956061,NA
10,13,2,"b_tc_2",0.0507833568284622,NA
10,13,2,"b_hw_1",-3.79522574675934,NA
10,13,2,"b_hw_2",-0.0115734647942649,NA
10,13,2,"b_ch_1",-69.4059540097361,NA
10,13,2,"b_ch_2",-0.315818711845339,NA
10,13,2,"delta_1",0,NA
10,13,2,"delta_2",0.419527509110491,NA
10,13,3,"b_tt_1",-770.150926651893,NA
10,13,3,"b_tt_2",-0.487478776075684,NA
10,13,3,"b_tt_3",0.0511577161717577,NA
10,13,3,"b_tc_1",-5371.3913245499,NA
10,13,3,"b_tc_2",-1.10968690211986,NA
10,13,3,"b_tc_3",0.579903071325624,NA
10,13,3,"b_hw_1",-186.474550946924,NA
10,13,3,"b_hw_2",-0.103467085512235,NA
10,13,3,"b_hw_3",-0.0163369032206725,NA
10,13,3,"b_ch_1",-5715.27657839135,NA
10,13,3,"b_ch_2",-4.58895154200925,NA
10,13,3,"b_ch_3",-0.0599203828863822,NA
10,13,3,"delta_1",0,NA
10,13,3,"delta_2",0.0470649221840591,NA
10,13,3,"delta_3",0.339807415597202,NA
10,13,4,"b_tt_1",-859.171815623886,NA
10,13,4,"b_tt_2",-734.090448633241,NA
10,13,4,"b_tt_3",-0.355070022530098,NA
10,13,4,"b_tt_4",0.174662509887295,NA
10,13,4,"b_tc_1",-2908.80371177571,NA
10,13,4,"b_tc_2",-5120.05217268516,NA
10,13,4,"b_tc_3",-0.326494755744721,NA
10,13,4,"b_tc_4",1.18331392554733,NA
10,13,4,"b_hw_1",-751.073351488498,NA
10,13,4,"b_hw_2",-177.732211874766,NA
10,13,4,"b_hw_3",-0.0414283336470318,NA
10,13,4,"b_hw_4",0.0295378553617626,NA
10,13,4,"b_ch_1",-13348.554433507,NA
10,13,4,"b_ch_2",-5447.58958888877,NA
10,13,4,"b_ch_3",-0.527833453697549,NA
10,13,4,"b_ch_4",0.738742493489975,NA
10,13,4,"delta_1",0,NA
10,13,4,"delta_2",-0.693116835952828,NA
10,13,4,"delta_3",0.0858495736896339,NA
10,13,4,"delta_4",-0.882268317807011,NA
10,14,1,"b_tt_1",-0.0243585209357072,0.0170604777187696
10,14,1,"b_tc_1",-0.134787463468299,0.0569080601692375
10,14,1,"b_hw_1",-0.0534938258423971,0.0131617461706156
10,14,1,"b_ch_1",-0.885184850826154,0.251154627597514
10,14,2,"b_tt_1",-0.024078510732109,NA
10,14,2,"b_tt_2",0.44552235701684,NA
10,14,2,"b_tc_1",-0.0997680979518208,NA
10,14,2,"b_tc_2",-103.851931799859,NA
10,14,2,"b_hw_1",-0.0536832403667796,NA
10,14,2,"b_hw_2",-4.16476323953076,NA
10,14,2,"b_ch_1",-0.624552788937603,NA
10,14,2,"b_ch_2",-208.558174132918,NA
10,14,2,"delta_1",0,NA
10,14,2,"delta_2",-0.15628808733478,NA
10,14,3,"b_tt_1",-3.61628977626908,NA
10,14,3,"b_tt_2",-0.00741986561575014,NA
10,14,3,"b_tt_3",0.401552572562532,NA
10,14,3,"b_tc_1",-9.22687680584815,NA
10,14,3,"b_tc_2",-0.0832945095395886,NA
10,14,3,"b_tc_3",-97.3071808347453,NA
10,14,3,"b_hw_1",-1.64925866212558,NA
10,14,3,"b_hw_2",-0.0352935903850087,NA
10,14,3,"b_hw_3",-3.90047575172864,NA
10,14,3,"b_ch_1",-7.60422601797237,NA
10,14,3,"b_ch_2",-0.685809909961549,NA
10,14,3,"b_ch_3",-195.028611896036,NA
10,14,3,"delta_1",0,NA
10,14,3,"delta_2",0.177639475462304,NA
10,14,3,"delta_3",0.413172470022942,NA
10,14,4,"b_tt_1",-49.2512175177502,NA
10,14,4,"b_tt_2",-4.07715533025387,NA
10,14,4,"b_tt_3",-0.0254438817474956,NA
10,14,4,"b_tt_4",0.198535420988593,NA
10,14,4,"b_tc_1",-116.257561776617,NA
10,14,4,"b_tc_2",-10.5180004711235,NA
10,14,4,"b_tc_3",-0.449126559337832,NA
10,14,4,"b_tc_4",-0.740030975767734,NA
10,14,4,"b_hw_1",-87.7088672667433,NA
10,14,4,"b_hw_2",-1.81394663516642,NA
10,14,4,"b_hw_3",-0.0856581331453817,NA
10,14,4,"b_hw_4",-0.0292629910339446,NA
10,14,4,"b_ch_1",1277.05229087203,NA
10,14,4,"b_ch_2",-7.89391384367912,NA
10,14,4,"b_ch_3",-3.83232254385653,NA
10,14,4,"b_ch_4",-0.172165047149571,NA
10,14,4,"delta_1",0,NA
10,14,4,"delta_2",0.82675350969894,NA
10,14,4,"delta_3",1.13830911766026,NA
10,14,4,"delta_4",0.478837461045209,NA
10,15,1,"b_tt_1",-0.103016494935054,0.0288751796329892
10,15,1,"b_tc_1",-0.214600347036818,0.0745525839740149
10,15,1,"b_hw_1",-0.0405537497369453,0.0125792117061571
10,15,1,"b_ch_1",-1.14754206972571,0.28983987491348
10,15,2,"b_tt_1",-12.9207880616247,NA
10,15,2,"b_tt_2",-0.137442387578974,NA
10,15,2,"b_tc_1",-19.4903556363424,NA
10,15,2,"b_tc_2",-0.308112847943383,NA
10,15,2,"b_hw_1",-14.0728434935735,NA
10,15,2,"b_hw_2",-0.0311914195342246,NA
10,15,2,"b_ch_1",71.6991296697841,NA
10,15,2,"b_ch_2",-1.28112028943387,NA
10,15,2,"delta_1",0,NA
10,15,2,"delta_2",1.18051931730049,NA
10,15,3,"b_tt_1",-19.1457251676874,NA
10,15,3,"b_tt_2",-14.0398107435657,NA
10,15,3,"b_tt_3",-0.163926061843981,NA
10,15,3,"b_tc_1",-123.456480847013,NA
10,15,3,"b_tc_2",-20.0485962589917,NA
10,15,3,"b_tc_3",-0.320093636240693,NA
10,15,3,"b_hw_1",-0.454513956088448,NA
10,15,3,"b_hw_2",-16.0027076029901,NA
10,15,3,"b_hw_3",-0.0347540181914728,NA
10,15,3,"b_ch_1",-104.310751995941,NA
10,15,3,"b_ch_2",134.016599427778,NA
10,15,3,"b_ch_3",-1.2308874977475,NA
10,15,3,"delta_1",0,NA
10,15,3,"delta_2",0.419179325941109,NA
10,15,3,"delta_3",1.35704318457706,NA
10,15,4,"b_tt_1",-105.120018346116,NA
10,15,4,"b_tt_2",-54.9137988111967,NA
10,15,4,"b_tt_3",-46.9770580822735,NA
10,15,4,"b_tt_4",-0.106355825821608,NA
10,15,4,"b_tc_1",-293.368376885137,NA
10,15,4,"b_tc_2",-88.4920467893348,NA
10,15,4,"b_tc_3",-123.766660970279,NA
10,15,4,"b_tc_4",-0.220292458678625,NA
10,15,4,"b_hw_1",-10.7509184738572,NA
10,15,4,"b_hw_2",-81.5930340941079,NA
10,15,4,"b_hw_3",-34.5093085361718,NA
10,15,4,"b_hw_4",-0.0116377818297632,NA
10,15,4,"b_ch_1",-188.248354308813,NA
10,15,4,"b_ch_2",857.565367337008,NA
10,15,4,"b_ch_3",-1140.52295044891,NA
10,15,4,"b_ch_4",-0.753799611702923,NA
10,15,4,"delta_1",0,NA
10,15,4,"delta_2",-1.05098803664266,NA
10,15,4,"delta_3",-1.07174833893429,NA
10,15,4,"delta_4",-0.227008377548385,NA
10,16,1,"b_tt_1",-0.183174596508966,0.0931066915589508
10,16,1,"b_tc_1",-0.714096027719566,0.295322896178582
10,16,1,"b_hw_1",-0.034320174303547,0.0123165520584863
10,16,1,"b_ch_1",-1.71654224516051,0.367569911093168
10,16,2,"b_tt_1",-1.04366942705278,NA
10,16,2,"b_tt_2",-0.173443577845849,NA
10,16,2,"b_tc_1",-5.9798285707189,NA
10,16,2,"b_tc_2",-0.723347068049812,NA
10,16,2,"b_hw_1",-0.0634378239735005,NA
10,16,2,"b_hw_2",-0.116091285816333,NA
10,16,2,"b_ch_1",-4.11272281219114,NA
10,16,2,"b_ch_2",-2.45962926818745,NA
10,16,2,"delta_1",0,NA
10,16,2,"delta_2",-0.0684165810303221,NA
10,16,3,"b_tt_1",-30.5856645544274,NA
10,16,3,"b_tt_2",-1.55064664398679,NA
10,16,3,"b_tt_3",-0.735373355693724,NA
10,16,3,"b_tc_1",-192.558119036844,NA
10,16,3,"b_tc_2",-1.71327454031688,NA
10,16,3,"b_tc_3",-4.63924791420108,NA
10,16,3,"b_hw_1",-1.73328877412384,NA
10,16,3,"b_hw_2",-4.94741125801022,NA
10,16,3,"b_hw_3",-0.0664345859149326,NA
10,16,3,"b_ch_1",-100.801125383211,NA
10,16,3,"b_ch_2",-79.4011785981307,NA
10,16,3,"b_ch_3",-69.7371996232648,NA
10,16,3,"delta_1",0,NA
10,16,3,"delta_2",0.256632987901381,NA
10,16,3,"delta_3",0.629628761486418,NA
10,16,4,"b_tt_1",-30.524052825417,NA
10,16,4,"b_tt_2",-10.3895454538761,NA
10,16,4,"b_tt_3",-1.47166302790426,NA
10,16,4,"b_tt_4",25.0360839717715,NA
10,16,4,"b_tc_1",-191.51556434921,NA
10,16,4,"b_tc_2",-65.1542473691312,NA
10,16,4,"b_tc_3",-1.66108500238631,NA
10,16,4,"b_tc_4",-67.9661109017989,NA
10,16,4,"b_hw_1",-1.73586754710683,NA
10,16,4,"b_hw_2",-0.544040359614928,NA
10,16,4,"b_hw_3",-2.97179076996431,NA
10,16,4,"b_hw_4",-2.64641174343923,NA
10,16,4,"b_ch_1",-99.9434058737166,NA
10,16,4,"b_ch_2",-748.337507247341,NA
10,16,4,"b_ch_3",-49.4576894131896,NA
10,16,4,"b_ch_4",-154.420193315226,NA
10,16,4,"delta_1",0,NA
10,16,4,"delta_2",0.211732752904704,NA
10,16,4,"delta_3",0.337067907370064,NA
10,16,4,"delta_4",-0.481414425761358,NA
10,17,1,"b_tt_1",-0.0619283972181674,0.0538064475119394
10,17,1,"b_tc_1",-0.500995838394522,0.207667746215563
10,17,1,"b_hw_1",-0.0321528000221698,0.0121622603437746
10,17,1,"b_ch_1",-1.49251425137416,0.330076924102021
10,17,2,"b_tt_1",-47.5434176052316,NA
10,17,2,"b_tt_2",-0.0149535397856496,NA
10,17,2,"b_tc_1",-115.063959304708,NA
10,17,2,"b_tc_2",-0.459193449619093,NA
10,17,2,"b_hw_1",-15.9358305764824,NA
10,17,2,"b_hw_2",-0.00439987486307928,NA
10,17,2,"b_ch_1",-1007.35078913435,NA
10,17,2,"b_ch_2",-0.496956932713996,NA
10,17,2,"delta_1",0,NA
10,17,2,"delta_2",-0.370787599370186,NA
10,17,3,"b_tt_1",-47.751413715367,NA
10,17,3,"b_tt_2",-0.764449641841892,NA
10,17,3,"b_tt_3",0.502720698314577,NA
10,17,3,"b_tc_1",-115.598892162715,NA
10,17,3,"b_tc_2",-4.96086336307366,NA
10,17,3,"b_tc_3",0.0915378777759247,NA
10,17,3,"b_hw_1",-16.0245851626432,NA
10,17,3,"b_hw_2",0.0312136178583242,NA
10,17,3,"b_hw_3",-0.00942218616353331,NA
10,17,3,"b_ch_1",-957.468349405968,NA
10,17,3,"b_ch_2",0.900085994938928,NA
10,17,3,"b_ch_3",-0.967413066119827,NA
10,17,3,"delta_1",0,NA
10,17,3,"delta_2",-1.4500083222624,NA
10,17,3,"delta_3",-0.838688376608945,NA
10,17,4,"b_tt_1",-5194.42998099622,NA
10,17,4,"b_tt_2",-49.0517736872023,NA
10,17,4,"b_tt_3",-8.68416612509315,NA
10,17,4,"b_tt_4",-0.0776972357475357,NA
10,17,4,"b_tc_1",-8.68846837327521,NA
10,17,4,"b_tc_2",-118.718881995132,NA
10,17,4,"b_tc_3",-70.1292602371007,NA
10,17,4,"b_tc_4",-0.132394814178754,NA
10,17,4,"b_hw_1",-515.033715851939,NA
10,17,4,"b_hw_2",-16.4298441484133,NA
10,17,4,"b_hw_3",-0.80823446824611,NA
10,17,4,"b_hw_4",-0.0205688963527433,NA
10,17,4,"b_ch_1",27734.3880252972,NA
10,17,4,"b_ch_2",-1003.90165179413,NA
10,17,4,"b_ch_3",-94.9699535294393,NA
10,17,4,"b_ch_4",-0.400271482262174,NA
10,17,4,"delta_1",0,NA
10,17,4,"delta_2",94662.5336952456,NA
10,17,4,"delta_3",94662.1337405396,NA
10,17,4,"delta_4",94661.6752358712,NA
10,18,1,"b_tt_1",-0.059870289030499,0.0321560609809346
10,18,1,"b_tc_1",-0.189634998254841,0.114253724695954
10,18,1,"b_hw_1",-0.0132271105096236,0.00956788714570153
10,18,1,"b_ch_1",-1.17542002894617,0.271065650047904
10,18,2,"b_tt_1",-0.869682205884606,NA
10,18,2,"b_tt_2",-0.0861482724166869,NA
10,18,2,"b_tc_1",-3.20156828946805,NA
10,18,2,"b_tc_2",-0.282949563618459,NA
10,18,2,"b_hw_1",2.7125141230334,NA
10,18,2,"b_hw_2",-0.0233812357091942,NA
10,18,2,"b_ch_1",1.24060029007169,NA
10,18,2,"b_ch_2",-1.28266612876032,NA
10,18,2,"delta_1",0,NA
10,18,2,"delta_2",2.19861755409675,NA
10,18,3,"b_tt_1",-15.900054718104,NA
10,18,3,"b_tt_2",-0.521108510346208,NA
10,18,3,"b_tt_3",-0.0811207987316564,NA
10,18,3,"b_tc_1",-23.5035106436459,NA
10,18,3,"b_tc_2",-2.86614567883897,NA
10,18,3,"b_tc_3",-0.281689925271703,NA
10,18,3,"b_hw_1",-0.348181023816324,NA
10,18,3,"b_hw_2",2.8300471626693,NA
10,18,3,"b_hw_3",-0.0271548679267717,NA
10,18,3,"b_ch_1",-55.4007657644591,NA
10,18,3,"b_ch_2",-8.04001030674227,NA
10,18,3,"b_ch_3",-1.34583024618351,NA
10,18,3,"delta_1",0,NA
10,18,3,"delta_2",0.037131045566144,NA
10,18,3,"delta_3",2.12210011994888,NA
10,18,4,"b_tt_1",-2.05607164054274,NA
10,18,4,"b_tt_2",-0.168157272671119,NA
10,18,4,"b_tt_3",-0.0617321250183931,NA
10,18,4,"b_tt_4",0.529448105091729,NA
10,18,4,"b_tc_1",-36.3872892001442,NA
10,18,4,"b_tc_2",-0.405195116860057,NA
10,18,4,"b_tc_3",-0.239896938556813,NA
10,18,4,"b_tc_4",-4.79923599451627,NA
10,18,4,"b_hw_1",-1.87197620706781,NA
10,18,4,"b_hw_2",-0.00219978157625243,NA
10,18,4,"b_hw_3",-0.0522756654588579,NA
10,18,4,"b_hw_4",7.20798716814085,NA
10,18,4,"b_ch_1",-44.4265201164346,NA
10,18,4,"b_ch_2",-1.35050198624889,NA
10,18,4,"b_ch_3",-2.00177631358571,NA
10,18,4,"b_ch_4",-35.5081011477513,NA
10,18,4,"delta_1",0,NA
10,18,4,"delta_2",1.60502915497082,NA
10,18,4,"delta_3",1.28588256440195,NA
10,18,4,"delta_4",0.0631039501138063,NA
10,19,1,"b_tt_1",-0.0576649736766727,0.0316578274778607
10,19,1,"b_tc_1",-0.0588805996698322,0.111304929589126
10,19,1,"b_hw_1",-0.0473826467967482,0.0148182498021006
10,19,1,"b_ch_1",-1.79158201851391,0.370232693523613
10,19,2,"b_tt_1",-0.511474628711761,0.0425959151371109
10,19,2,"b_tt_2",-0.0370039096046646,0.731409236565821
10,19,2,"b_tc_1",-1.88575470360706,0.131790136370296
10,19,2,"b_tc_2",0.164786133687228,2.45098260985011
10,19,2,"b_hw_1",-0.144070614980669,0.0241637011910627
10,19,2,"b_hw_2",-0.0578209321414732,0.113955595479244
10,19,2,"b_ch_1",-7.79717353639593,0.556287068195471
10,19,2,"b_ch_2",-1.17714066644851,12.1488769622717
10,19,2,"delta_1",0,NA
10,19,2,"delta_2",-0.0513746362130449,0.753385741711173
10,19,3,"b_tt_1",-0.505720169995888,NA
10,19,3,"b_tt_2",-0.0820619510087932,NA
10,19,3,"b_tt_3",1.95577569495726,NA
10,19,3,"b_tc_1",-1.88073047610336,NA
10,19,3,"b_tc_2",0.128081386233069,NA
10,19,3,"b_tc_3",21.7440201095297,NA
10,19,3,"b_hw_1",-0.15058763460756,NA
10,19,3,"b_hw_2",-0.0326760110349459,NA
10,19,3,"b_hw_3",-2.06022461849203,NA
10,19,3,"b_ch_1",-7.68863403070486,NA
10,19,3,"b_ch_2",-2.21612193064116,NA
10,19,3,"b_ch_3",-34.503041410972,NA
10,19,3,"delta_1",0,NA
10,19,3,"delta_2",-0.137459375538072,NA
10,19,3,"delta_3",-1.57260694377196,NA
10,19,4,"b_tt_1",-23.039997131692,NA
10,19,4,"b_tt_2",-4.71317122102544,NA
10,19,4,"b_tt_3",-0.0855152395523972,NA
10,19,4,"b_tt_4",2.98145355766215,NA
10,19,4,"b_tc_1",-97.6483782112643,NA
10,19,4,"b_tc_2",-20.2303319037493,NA
10,19,4,"b_tc_3",0.130203883830015,NA
10,19,4,"b_tc_4",36.1148579672463,NA
10,19,4,"b_hw_1",1.97828858427502,NA
10,19,4,"b_hw_2",-1.81498790641749,NA
10,19,4,"b_hw_3",-0.03655605772033,NA
10,19,4,"b_hw_4",-3.80033884941403,NA
10,19,4,"b_ch_1",-715.85980852224,NA
10,19,4,"b_ch_2",-64.0105052669104,NA
10,19,4,"b_ch_3",-2.22952199675296,NA
10,19,4,"b_ch_4",-67.9283256922969,NA
10,19,4,"delta_1",0,NA
10,19,4,"delta_2",0.642369673127781,NA
10,19,4,"delta_3",1.0338114379055,NA
10,19,4,"delta_4",-0.457186323088816,NA
10,20,1,"b_tt_1",-0.0568473643037565,0.0287137603783842
10,20,1,"b_tc_1",-0.0402874578943353,0.0635549335235015
10,20,1,"b_hw_1",-0.0346764625693089,0.0118200325399909
10,20,1,"b_ch_1",-1.00976344602356,0.265684676344672
10,20,2,"b_tt_1",-0.42116229763672,0.071864508058388
10,20,2,"b_tt_2",-0.171845072879589,0.211998376469877
10,20,2,"b_tc_1",-0.230806448214357,0.173929056200852
10,20,2,"b_tc_2",-0.437704356400686,0.275877926281311
10,20,2,"b_hw_1",0.0237367953918873,0.0477265239747912
10,20,2,"b_hw_2",-0.123695828201566,0.0257141595965872
10,20,2,"b_ch_1",-1.63523096058218,0.929712516783169
10,20,2,"b_ch_2",-3.04608673545995,0.995503221160373
10,20,2,"delta_1",0,NA
10,20,2,"delta_2",0.850327115470953,0.695666238173311
10,20,3,"b_tt_1",-0.877700716985653,NA
10,20,3,"b_tt_2",-0.706954604745125,NA
10,20,3,"b_tt_3",-0.3219099496779,NA
10,20,3,"b_tc_1",-4.15121622324203,NA
10,20,3,"b_tc_2",-0.519616610268527,NA
10,20,3,"b_tc_3",-0.807632750240789,NA
10,20,3,"b_hw_1",-0.0525995327959669,NA
10,20,3,"b_hw_2",0.0951356659600537,NA
10,20,3,"b_hw_3",-0.251148127484587,NA
10,20,3,"b_ch_1",-4.2423657372651,NA
10,20,3,"b_ch_2",-2.30322078647222,NA
10,20,3,"b_ch_3",-5.0466846607188,NA
10,20,3,"delta_1",0,NA
10,20,3,"delta_2",-0.115484347784119,NA
10,20,3,"delta_3",0.940746309397875,NA
10,20,4,"b_tt_1",-43.3158866542241,NA
10,20,4,"b_tt_2",-0.709070435143681,NA
10,20,4,"b_tt_3",-0.287407813203743,NA
10,20,4,"b_tt_4",573.620007974773,NA
10,20,4,"b_tc_1",-153.563792245137,NA
10,20,4,"b_tc_2",-0.521476810312522,NA
10,20,4,"b_tc_3",-0.73593191028512,NA
10,20,4,"b_tc_4",0.943578078310675,NA
10,20,4,"b_hw_1",-8.38874052213728,NA
10,20,4,"b_hw_2",0.0955586321897514,NA
10,20,4,"b_hw_3",-0.232514565987111,NA
10,20,4,"b_hw_4",-19.7773669511846,NA
10,20,4,"b_ch_1",-308.165940182432,NA
10,20,4,"b_ch_2",-2.31006067110604,NA
10,20,4,"b_ch_3",-4.68738762112473,NA
10,20,4,"b_ch_4",-10861.2535041079,NA
10,20,4,"delta_1",0,NA
10,20,4,"delta_2",-0.116044823094228,NA
10,20,4,"delta_3",0.749692936319227,NA
10,20,4,"delta_4",-0.809331423465933,NA
8,1,1,"b_tt_1",-0.00550634302126198,0.0245447418365022
8,1,1,"b_tc_1",0.251746675543982,0.112747243864458
8,1,1,"b_hw_1",-0.0361870441311249,0.0136438289517016
8,1,1,"b_ch_1",-1.24679403023135,0.30156807396939
8,1,2,"b_tt_1",-41.9607595707855,NA
8,1,2,"b_tt_2",-0.172467227456288,NA
8,1,2,"b_tc_1",111.319502660014,NA
8,1,2,"b_tc_2",-1.94618639064018,NA
8,1,2,"b_hw_1",19.7914218018636,NA
8,1,2,"b_hw_2",-0.0431412218267946,NA
8,1,2,"b_ch_1",-1061.6177294943,NA
8,1,2,"b_ch_2",-1.61820956973839,NA
8,1,2,"delta_1",0,NA
8,1,2,"delta_2",0.519493048801188,NA
8,1,3,"b_tt_1",-14.3198398099741,NA
8,1,3,"b_tt_2",-9.6903965782906,NA
8,1,3,"b_tt_3",-0.165972368309927,NA
8,1,3,"b_tc_1",52.5264327257806,NA
8,1,3,"b_tc_2",25.5142033906264,NA
8,1,3,"b_tc_3",-2.3818443603356,NA
8,1,3,"b_hw_1",-11.6830351533583,NA
8,1,3,"b_hw_2",6.11292118510741,NA
8,1,3,"b_hw_3",-0.0374118493994354,NA
8,1,3,"b_ch_1",-277.235812077163,NA
8,1,3,"b_ch_2",-235.555865330494,NA
8,1,3,"b_ch_3",-1.13762406694093,NA
8,1,3,"delta_1",0,NA
8,1,3,"delta_2",-0.683631963336457,NA
8,1,3,"delta_3",-0.664613684186826,NA
8,1,4,"b_tt_1",-22.4310298569685,NA
8,1,4,"b_tt_2",-15.8844998670051,NA
8,1,4,"b_tt_3",-10.4747090813433,NA
8,1,4,"b_tt_4",28.5412191698824,NA
8,1,4,"b_tc_1",-265.770150062003,NA
8,1,4,"b_tc_2",58.3172435912332,NA
8,1,4,"b_tc_3",27.2647811866888,NA
8,1,4,"b_tc_4",37.4458387284023,NA
8,1,4,"b_hw_1",-2.902730803528,NA
8,1,4,"b_hw_2",-12.9971803546674,NA
8,1,4,"b_hw_3",6.55193678590135,NA
8,1,4,"b_hw_4",-23.8140779406848,NA
8,1,4,"b_ch_1",-105.358701827026,NA
8,1,4,"b_ch_2",-308.08253105978,NA
8,1,4,"b_ch_3",-253.363555592821,NA
8,1,4,"b_ch_4",-78.8657610497217,NA
8,1,4,"delta_1",0,NA
8,1,4,"delta_2",1.00505253849604,NA
8,1,4,"delta_3",0.455746394227217,NA
8,1,4,"delta_4",-2.35517522094786e-10,NA
8,2,1,"b_tt_1",-0.137195686968367,0.0491063963422784
8,2,1,"b_tc_1",-0.600838178982269,0.235749524226105
8,2,1,"b_hw_1",-0.0428332558717976,0.0149054509665226
8,2,1,"b_ch_1",-1.2202923128211,0.326986322742934
8,2,2,"b_tt_1",-10.1745292860292,NA
8,2,2,"b_tt_2",-0.0733277858723075,NA
8,2,2,"b_tc_1",-39.8257671575143,NA
8,2,2,"b_tc_2",-0.308158647383455,NA
8,2,2,"b_hw_1",-2.7023382910111,NA
8,2,2,"b_hw_2",-0.0410844120550657,NA
8,2,2,"b_ch_1",-169.571119221196,NA
8,2,2,"b_ch_2",-0.373719347912455,NA
8,2,2,"delta_1",0,NA
8,2,2,"delta_2",0.0444789672619045,NA
8,2,3,"b_tt_1",-12.3798415053561,NA
8,2,3,"b_tt_2",-0.118515486255816,NA
8,2,3,"b_tt_3",60.418153114527,NA
8,2,3,"b_tc_1",-68.5420779251704,NA
8,2,3,"b_tc_2",-0.412732212594184,NA
8,2,3,"b_tc_3",-62.0979738515249,NA
8,2,3,"b_hw_1",-2.24734994724525,NA
8,2,3,"b_hw_2",-0.0339192840054994,NA
8,2,3,"b_hw_3",-14.2218448835626,NA
8,2,3,"b_ch_1",-80.2871944037238,NA
8,2,3,"b_ch_2",-0.464650178225956,NA
8,2,3,"b_ch_3",-259.452326252245,NA
8,2,3,"delta_1",0,NA
8,2,3,"delta_2",-0.0294527271578813,NA
8,2,3,"delta_3",-0.659046634158109,NA
8,2,4,"b_tt_1",-11.2615629939519,NA
8,2,4,"b_tt_2",-0.495576209933694,NA
8,2,4,"b_tt_3",-0.434204307736306,NA
8,2,4,"b_tt_4",64.0613673971857,NA
8,2,4,"b_tc_1",-46.6016553968944,NA
8,2,4,"b_tc_2",-1.66015757528875,NA
8,2,4,"b_tc_3",-3.04251179860244,NA
8,2,4,"b_tc_4",171.146069904635,NA
8,2,4,"b_hw_1",-2.88250539917843,NA
8,2,4,"b_hw_2",-0.0997922688146198,NA
8,2,4,"b_hw_3",-0.123471254958702,NA
8,2,4,"b_hw_4",-43.5703623885424,NA
8,2,4,"b_ch_1",-131.907628297321,NA
8,2,4,"b_ch_2",1.26647172986877,NA
8,2,4,"b_ch_3",-2.40014091901786,NA
8,2,4,"b_ch_4",-10.9238606767677,NA
8,2,4,"delta_1",0,NA
8,2,4,"delta_2",-1.16195072552218,NA
8,2,4,"delta_3",-0.572328507835655,NA
8,2,4,"delta_4",-0.468979606110429,NA
8,3,1,"b_tt_1",0.00481795898761667,0.0399211019209923
8,3,1,"b_tc_1",-0.122741527493575,0.110754978887514
8,3,1,"b_hw_1",-0.0649884327324868,0.0191594833051107
8,3,1,"b_ch_1",-2.10049136881185,0.490688191077763
8,3,2,"b_tt_1",-0.11708351226056,NA
8,3,2,"b_tt_2",20.9142557800196,NA
8,3,2,"b_tc_1",-0.301563968397147,NA
8,3,2,"b_tc_2",-22.2498040128419,NA
8,3,2,"b_hw_1",-0.110423541159597,NA
8,3,2,"b_hw_2",-1.4140119095277,NA
8,3,2,"b_ch_1",-2.36359631543507,NA
8,3,2,"b_ch_2",-786.866544916299,NA
8,3,2,"delta_1",0,NA
8,3,2,"delta_2",-0.76342200727636,NA
8,3,3,"b_tt_1",-0.336821920521134,NA
8,3,3,"b_tt_2",28.9116179056223,NA
8,3,3,"b_tt_3",72.2360123908696,NA
8,3,3,"b_tc_1",-0.911988928369835,NA
8,3,3,"b_tc_2",171.672274313633,NA
8,3,3,"b_tc_3",-612.739638828787,NA
8,3,3,"b_hw_1",-0.309574761576988,NA
8,3,3,"b_hw_2",-3.00919969541437,NA
8,3,3,"b_hw_3",-15.7640289295036,NA
8,3,3,"b_ch_1",-5.38289623153491,NA
8,3,3,"b_ch_2",-54.7062412221742,NA
8,3,3,"b_ch_3",-3399.75330763615,NA
8,3,3,"delta_1",0,NA
8,3,3,"delta_2",-1.503854986852,NA
8,3,3,"delta_3",-0.587126389055668,NA
8,3,4,"b_tt_1",-16.8678514862287,NA
8,3,4,"b_tt_2",-0.295217567646649,NA
8,3,4,"b_tt_3",38.0366614238559,NA
8,3,4,"b_tt_4",63.5141168921543,NA
8,3,4,"b_tc_1",-50.9653502728862,NA
8,3,4,"b_tc_2",-0.818739533176933,NA
8,3,4,"b_tc_3",-82.0478503739884,NA
8,3,4,"b_tc_4",401.575897703503,NA
8,3,4,"b_hw_1",-25.9113624684662,NA
8,3,4,"b_hw_2",-0.285678120574872,NA
8,3,4,"b_hw_3",-3.32672373231811,NA
8,3,4,"b_hw_4",-8.20335417203025,NA
8,3,4,"b_ch_1",-1063.52872933999,NA
8,3,4,"b_ch_2",-4.99356234648742,NA
8,3,4,"b_ch_3",-1613.26313721019,NA
8,3,4,"b_ch_4",-139.747763352512,NA
8,3,4,"delta_1",0,NA
8,3,4,"delta_2",0.880125322807699,NA
8,3,4,"delta_3",0.2773576274222,NA
8,3,4,"delta_4",-0.39180855214613,NA
8,4,1,"b_tt_1",-0.236292878534993,0.0713069674943848
8,4,1,"b_tc_1",-1.21649673364487,0.386953898984506
8,4,1,"b_hw_1",-0.0510178461379107,0.0172990121430107
8,4,1,"b_ch_1",-1.83060598297012,0.503780440221993
8,4,2,"b_tt_1",-29.8717210161625,NA
8,4,2,"b_tt_2",-0.191645409997367,NA
8,4,2,"b_tc_1",-192.672181847891,NA
8,4,2,"b_tc_2",-0.343542585135381,NA
8,4,2,"b_hw_1",-5.08997111545227,NA
8,4,2,"b_hw_2",-0.0503485186607465,NA
8,4,2,"b_ch_1",-458.498753876436,NA
8,4,2,"b_ch_2",-0.731560225530414,NA
8,4,2,"delta_1",0,NA
8,4,2,"delta_2",-0.974108333728496,NA
8,4,3,"b_tt_1",-21.0548347622104,NA
8,4,3,"b_tt_2",-14.5152698042214,NA
8,4,3,"b_tt_3",-0.0270920886579845,NA
8,4,3,"b_tc_1",-62.7448859436991,NA
8,4,3,"b_tc_2",-131.929121633013,NA
8,4,3,"b_tc_3",0.680662054375801,NA
8,4,3,"b_hw_1",-7.47905976170567,NA
8,4,3,"b_hw_2",-4.29006720652726,NA
8,4,3,"b_hw_3",-0.0163401709899203,NA
8,4,3,"b_ch_1",-302.736760989743,NA
8,4,3,"b_ch_2",-224.602290255418,NA
8,4,3,"b_ch_3",-0.0190248798934267,NA
8,4,3,"delta_1",0,NA
8,4,3,"delta_2",0.00349652576751243,NA
8,4,3,"delta_3",-1.24025124233207,NA
8,4,4,"b_tt_1",-19.8664702411815,NA
8,4,4,"b_tt_2",-10.2340231060839,NA
8,4,4,"b_tt_3",-9.45609737186624,NA
8,4,4,"b_tt_4",-0.0275433714912047,NA
8,4,4,"b_tc_1",-59.1797999102424,NA
8,4,4,"b_tc_2",-108.088386457743,NA
8,4,4,"b_tc_3",-483.881456492202,NA
8,4,4,"b_tc_4",0.678316055274405,NA
8,4,4,"b_hw_1",-4.70436767260012,NA
8,4,4,"b_hw_2",-3.87320608051279,NA
8,4,4,"b_hw_3",-25.0430172028045,NA
8,4,4,"b_hw_4",-0.0162849174007206,NA
8,4,4,"b_ch_1",-252.563512764631,NA
8,4,4,"b_ch_2",-291.351215409475,NA
8,4,4,"b_ch_3",-1530.88578366339,NA
8,4,4,"b_ch_4",-0.0181702426199931,NA
8,4,4,"delta_1",0,NA
8,4,4,"delta_2",-0.402617675093673,NA
8,4,4,"delta_3",-10.5299785431097,NA
8,4,4,"delta_4",-1.42320639859902,NA
8,5,1,"b_tt_1",-0.17434100960668,0.177588082590053
8,5,1,"b_tc_1",-0.130840157175922,0.49808446155445
8,5,1,"b_hw_1",-0.0782828386575875,0.0251629045235775
8,5,1,"b_ch_1",-2.01308031580292,0.496254358197167
8,5,2,"b_tt_1",-45.3281574126255,NA
8,5,2,"b_tt_2",0.0991733115845321,NA
8,5,2,"b_tc_1",-157.645000162457,NA
8,5,2,"b_tc_2",0.802830071458733,NA
8,5,2,"b_hw_1",-9.16774647021166,NA
8,5,2,"b_hw_2",-0.0687767504829099,NA
8,5,2,"b_ch_1",-228.26769129098,NA
8,5,2,"b_ch_2",-0.990651611041172,NA
8,5,2,"delta_1",0,NA
8,5,2,"delta_2",-1.01964526492399,NA
8,5,3,"b_tt_1",-45.9552732146682,NA
8,5,3,"b_tt_2",-11.1594608731511,NA
8,5,3,"b_tt_3",1.11296766436445,NA
8,5,3,"b_tc_1",-161.444437420598,NA
8,5,3,"b_tc_2",-21.0587073554465,NA
8,5,3,"b_tc_3",2.6650653191001,NA
8,5,3,"b_hw_1",-9.13516522795701,NA
8,5,3,"b_hw_2",-1.12058266845683,NA
8,5,3,"b_hw_3",-0.0312585347910757,NA
8,5,3,"b_ch_1",-229.022115006612,NA
8,5,3,"b_ch_2",-34.3214594212491,NA
8,5,3,"b_ch_3",-0.297691529745099,NA
8,5,3,"delta_1",0,NA
8,5,3,"delta_2",-1.32303471236767,NA
8,5,3,"delta_3",-1.70820954356918,NA
8,5,4,"b_tt_1",-45.5085551933421,NA
8,5,4,"b_tt_2",-11.1591738296769,NA
8,5,4,"b_tt_3",1.11296469007451,NA
8,5,4,"b_tt_4",3.31332485930291,NA
8,5,4,"b_tc_1",-160.224967701616,NA
8,5,4,"b_tc_2",-21.0581347855763,NA
8,5,4,"b_tc_3",2.66505581490045,NA
8,5,4,"b_tc_4",1.40859633841993,NA
8,5,4,"b_hw_1",-9.19137593542056,NA
8,5,4,"b_hw_2",-1.12055284503047,NA
8,5,4,"b_hw_3",-0.0312586839797712,NA
8,5,4,"b_hw_4",0.930279936456824,NA
8,5,4,"b_ch_1",-229.332791304732,NA
8,5,4,"b_ch_2",-34.3208246480189,NA
8,5,4,"b_ch_3",-0.297693719745635,NA
8,5,4,"b_ch_4",7.2000290324662,NA
8,5,4,"delta_1",0,NA
8,5,4,"delta_2",-1.32303492127753,NA
8,5,4,"delta_3",-1.70820956101282,NA
8,5,4,"delta_4",-76.1940634893247,NA
8,6,1,"b_tt_1",-0.0905282421121703,0.0337457374327795
8,6,1,"b_tc_1",-0.412522785424728,0.15339160806942
8,6,1,"b_hw_1",-0.0247368613518248,0.0130353497442208
8,6,1,"b_ch_1",-1.54970435394909,0.38084667421756
8,6,2,"b_tt_1",-0.508822871204854,NA
8,6,2,"b_tt_2",-0.255596183481391,NA
8,6,2,"b_tc_1",-1.90873489170473,NA
8,6,2,"b_tc_2",-1.49523132799538,NA
8,6,2,"b_hw_1",-0.456540342466619,NA
8,6,2,"b_hw_2",-0.00859967290637404,NA
8,6,2,"b_ch_1",-7.50001866296271,NA
8,6,2,"b_ch_2",-1.55234981178167,NA
8,6,2,"delta_1",0,NA
8,6,2,"delta_2",0.132914502476302,NA
8,6,3,"b_tt_1",-69.9464240657036,NA
8,6,3,"b_tt_2",-29.5178911039823,NA
8,6,3,"b_tt_3",-22.787942227103,NA
8,6,3,"b_tc_1",16.3513295978484,NA
8,6,3,"b_tc_2",-228.26950920553,NA
8,6,3,"b_tc_3",-84.5264269109362,NA
8,6,3,"b_hw_1",10.8856652514037,NA
8,6,3,"b_hw_2",-5.84500772742546,NA
8,6,3,"b_hw_3",-21.2961233051658,NA
8,6,3,"b_ch_1",-525.298233212029,NA
8,6,3,"b_ch_2",-256.767006219127,NA
8,6,3,"b_ch_3",-341.030522041762,NA
8,6,3,"delta_1",0,NA
8,6,3,"delta_2",0.405465108255658,NA
8,6,3,"delta_3",0.405465108110377,NA
8,6,4,"b_tt_1",-45.4034167230899,NA
8,6,4,"b_tt_2",-32.6577226746234,NA
8,6,4,"b_tt_3",-10.288716253956,NA
8,6,4,"b_tt_4",1656.85616884504,NA
8,6,4,"b_tc_1",88.9573930925683,NA
8,6,4,"b_tc_2",-175.78713133281,NA
8,6,4,"b_tc_3",-97.8181607267369,NA
8,6,4,"b_tc_4",-43343.9399360639,NA
8,6,4,"b_hw_1",17.7500348285074,NA
8,6,4,"b_hw_2",-7.19115856207399,NA
8,6,4,"b_hw_3",-16.0797048283015,NA
8,6,4,"b_hw_4",7059.94134672543,NA
8,6,4,"b_ch_1",-633.844391196118,NA
8,6,4,"b_ch_2",-106.68212570026,NA
8,6,4,"b_ch_3",-884.539602360021,NA
8,6,4,"b_ch_4",1018381.78963787,NA
8,6,4,"delta_1",0,NA
8,6,4,"delta_2",0.405465108349287,NA
8,6,4,"delta_3",0.405465107926712,NA
8,6,4,"delta_4",-687058.531842176,NA
8,7,1,"b_tt_1",-0.0669648289201348,0.0464826879223863
8,7,1,"b_tc_1",-0.398160200470057,0.274720242390917
8,7,1,"b_hw_1",-0.0489845377703869,0.0147082879265739
8,7,1,"b_ch_1",-1.34974870061775,0.337763395550553
8,7,2,"b_tt_1",-0.354625878811884,NA
8,7,2,"b_tt_2",-0.1166322772173,NA
8,7,2,"b_tc_1",-2.4584088335015,NA
8,7,2,"b_tc_2",-0.244980705201789,NA
8,7,2,"b_hw_1",-0.0247093923928674,NA
8,7,2,"b_hw_2",-0.164487263857545,NA
8,7,2,"b_ch_1",-2.42911218101793,NA
8,7,2,"b_ch_2",-3.24995098866694,NA
8,7,2,"delta_1",0,NA
8,7,2,"delta_2",0.887303653371935,NA
8,7,3,"b_tt_1",-30.9206883725471,NA
8,7,3,"b_tt_2",-17.8856068962305,NA
8,7,3,"b_tt_3",-0.0432230402207581,NA
8,7,3,"b_tc_1",-258.016744013231,NA
8,7,3,"b_tc_2",-75.3284001105496,NA
8,7,3,"b_tc_3",0.319899433833391,NA
8,7,3,"b_hw_1",-7.55401229707714,NA
8,7,3,"b_hw_2",-23.0325467180294,NA
8,7,3,"b_hw_3",-0.0157548904783472,NA
8,7,3,"b_ch_1",-216.751530325115,NA
8,7,3,"b_ch_2",-383.555414853947,NA
8,7,3,"b_ch_3",-1.18326442928575,NA
8,7,3,"delta_1",0,NA
8,7,3,"delta_2",0.00567832490204673,NA
8,7,3,"delta_3",-0.377011859794072,NA
8,7,4,"b_tt_1",-46395.7534188252,NA
8,7,4,"b_tt_2",-30.5827529690604,NA
8,7,4,"b_tt_3",-28.3977582577365,NA
8,7,4,"b_tt_4",-0.0432210106049179,NA
8,7,4,"b_tc_1",-214001.839075511,NA
8,7,4,"b_tc_2",-254.279822517156,NA
8,7,4,"b_tc_3",-120.19683390382,NA
8,7,4,"b_tc_4",0.319908441115839,NA
8,7,4,"b_hw_1",-18040.9213240847,NA
8,7,4,"b_hw_2",-7.59424111489967,NA
8,7,4,"b_hw_3",-36.4665814266279,NA
8,7,4,"b_hw_4",-0.0157555149664074,NA
8,7,4,"b_ch_1",208310.474585899,NA
8,7,4,"b_ch_2",-216.962548664382,NA
8,7,4,"b_ch_3",-596.200939144087,NA
8,7,4,"b_ch_4",-1.18326833739954,NA
8,7,4,"delta_1",0,NA
8,7,4,"delta_2",1820421.25340868,NA
8,7,4,"delta_3",1820421.25908725,NA
8,7,4,"delta_4",1820420.87639763,NA
8,8,1,"b_tt_1",-0.290230070735654,0.0959648044854467
8,8,1,"b_tc_1",-1.04355414599713,0.365719361988514
8,8,1,"b_hw_1",-0.0474411019043143,0.0195919698457889
8,8,1,"b_ch_1",-1.89488793080502,0.48629173725667
8,8,2,"b_tt_1",-21.5668488146163,NA
8,8,2,"b_tt_2",-0.146471783664204,NA
8,8,2,"b_tc_1",-43.175180087788,NA
8,8,2,"b_tc_2",-0.806075684402817,NA
8,8,2,"b_hw_1",-5.81333718339875,NA
8,8,2,"b_hw_2",-0.0273084214016487,NA
8,8,2,"b_ch_1",-177.56707081904,NA
8,8,2,"b_ch_2",-0.786894647201033,NA
8,8,2,"delta_1",0,NA
8,8,2,"delta_2",-0.420286688516965,NA
8,8,3,"b_tt_1",-0.561787564719777,NA
8,8,3,"b_tt_2",10.6772446262906,NA
8,8,3,"b_tt_3",16.4824502425729,NA
8,8,3,"b_tc_1",-1.65744652298511,NA
8,8,3,"b_tc_2",36.723457984486,NA
8,8,3,"b_tc_3",-12.3211124573889,NA
8,8,3,"b_hw_1",-0.297116298397297,NA
8,8,3,"b_hw_2",-6.07982732742169,NA
8,8,3,"b_hw_3",-2.86209434758552,NA
8,8,3,"b_ch_1",-6.90382979708943,NA
8,8,3,"b_ch_2",-2.50104367104833,NA
8,8,3,"b_ch_3",-163.098821650523,NA
8,8,3,"delta_1",0,NA
8,8,3,"delta_2",-1.62908623080574,NA
8,8,3,"delta_3",-0.986814795432016,NA
8,8,4,"b_tt_1",-21938.3283977108,NA
8,8,4,"b_tt_2",-0.561792556548125,NA
8,8,4,"b_tt_3",8.2512085863801,NA
8,8,4,"b_tt_4",8.63512207745216,NA
8,8,4,"b_tc_1",-191191.919647879,NA
8,8,4,"b_tc_2",-1.65746295913346,NA
8,8,4,"b_tc_3",-26.9158416578266,NA
8,8,4,"b_tc_4",30.7964261020907,NA
8,8,4,"b_hw_1",-10282.736741055,NA
8,8,4,"b_hw_2",-0.297118557892935,NA
8,8,4,"b_hw_3",-2.63301780460941,NA
8,8,4,"b_hw_4",-34.8264992980162,NA
8,8,4,"b_ch_1",-14138.5203630039,NA
8,8,4,"b_ch_2",-6.90386949717843,NA
8,8,4,"b_ch_3",-74.5386033268397,NA
8,8,4,"b_ch_4",-3.89452504683776,NA
8,8,4,"delta_1",0,NA
8,8,4,"delta_2",32.7920946963751,NA
8,8,4,"delta_3",31.8052787064775,NA
8,8,4,"delta_4",31.1630081465591,NA
8,9,1,"b_tt_1",-0.0876103947362417,0.049286089719414
8,9,1,"b_tc_1",0.151411816214988,0.116331033812574
8,9,1,"b_hw_1",-0.0282870599809059,0.0160012475069133
8,9,1,"b_ch_1",-1.86613228177837,0.500806973100068
8,9,2,"b_tt_1",-0.270222904327573,NA
8,9,2,"b_tt_2",0.259355915079701,NA
8,9,2,"b_tc_1",-0.0612856920449509,NA
8,9,2,"b_tc_2",1.88028991584058,NA
8,9,2,"b_hw_1",-0.0151269365618725,NA
8,9,2,"b_hw_2",0.0138378842884534,NA
8,9,2,"b_ch_1",-6.41461249939253,NA
8,9,2,"b_ch_2",0.0601210631149708,NA
8,9,2,"delta_1",0,NA
8,9,2,"delta_2",-1.09820767801019,NA
8,9,3,"b_tt_1",-47.841502555435,NA
8,9,3,"b_tt_2",-0.520796672623122,NA
8,9,3,"b_tt_3",0.259467194398462,NA
8,9,3,"b_tc_1",-158.02935059811,NA
8,9,3,"b_tc_2",-0.199673528227694,NA
8,9,3,"b_tc_3",1.88087785168469,NA
8,9,3,"b_hw_1",-0.32232950713999,NA
8,9,3,"b_hw_2",-0.097243943028361,NA
8,9,3,"b_hw_3",0.0138512134253567,NA
8,9,3,"b_ch_1",-911.314195915647,NA
8,9,3,"b_ch_2",-9.63359071536134,NA
8,9,3,"b_ch_3",0.0606253207330466,NA
8,9,3,"delta_1",0,NA
8,9,3,"delta_2",0.429866150865574,NA
8,9,3,"delta_3",-0.167315810565383,NA
8,9,4,"b_tt_1",-5.16661171450623,NA
8,9,4,"b_tt_2",-0.399124082388055,NA
8,9,4,"b_tt_3",0.282299768220801,NA
8,9,4,"b_tt_4",3.70475949899823,NA
8,9,4,"b_tc_1",11.6360695538078,NA
8,9,4,"b_tc_2",-0.202340123171034,NA
8,9,4,"b_tc_3",1.82226469319575,NA
8,9,4,"b_tc_4",-6.99771645273344,NA
8,9,4,"b_hw_1",-1.09240841099033,NA
8,9,4,"b_hw_2",-0.0582843896498979,NA
8,9,4,"b_hw_3",0.0149734737538833,NA
8,9,4,"b_hw_4",-0.402488548739738,NA
8,9,4,"b_ch_1",-136.207641119426,NA
8,9,4,"b_ch_2",-7.55741016062705,NA
8,9,4,"b_ch_3",-0.0140989031277875,NA
8,9,4,"b_ch_4",-103.746115025457,NA
8,9,4,"delta_1",0,NA
8,9,4,"delta_2",-0.272463019208724,NA
8,9,4,"delta_3",-0.814664244320262,NA
8,9,4,"delta_4",-0.403664633848786,NA
8,10,1,"b_tt_1",-0.080709391865822,0.0517557398083354
8,10,1,"b_tc_1",-0.295553024152123,0.299224066297078
8,10,1,"b_hw_1",-0.033301336176397,0.0112504686312374
8,10,1,"b_ch_1",-1.0036111826804,0.27996833607577
8,10,2,"b_tt_1",-0.66209679225959,NA
8,10,2,"b_tt_2",-0.167915770115866,NA
8,10,2,"b_tc_1",-1.51572640629361,NA
8,10,2,"b_tc_2",-1.36703620384083,NA
8,10,2,"b_hw_1",-0.0168474627391318,NA
8,10,2,"b_hw_2",-0.0693680814653773,NA
8,10,2,"b_ch_1",-0.727352362533836,NA
8,10,2,"b_ch_2",-2.05107079638295,NA
8,10,2,"delta_1",0,NA
8,10,2,"delta_2",1.05001453119757,NA
8,10,3,"b_tt_1",-88.5435570653809,NA
8,10,3,"b_tt_2",-24.2871688325539,NA
8,10,3,"b_tt_3",-0.113536997531346,NA
8,10,3,"b_tc_1",-93.192261420139,NA
8,10,3,"b_tc_2",-86.4068941460712,NA
8,10,3,"b_tc_3",-1.01616475229726,NA
8,10,3,"b_hw_1",12.7948527972174,NA
8,10,3,"b_hw_2",-3.7598663029188,NA
8,10,3,"b_hw_3",-0.0618034526884909,NA
8,10,3,"b_ch_1",-286.744131693746,NA
8,10,3,"b_ch_2",-133.288346800348,NA
8,10,3,"b_ch_3",-1.47541207888012,NA
8,10,3,"delta_1",0,NA
8,10,3,"delta_2",1.01888740990134,NA
8,10,3,"delta_3",1.44217577039511,NA
8,10,4,"b_tt_1",-41.1134109613703,NA
8,10,4,"b_tt_2",-21.2218264292322,NA
8,10,4,"b_tt_3",-0.985965981674397,NA
8,10,4,"b_tt_4",-0.774911049365727,NA
8,10,4,"b_tc_1",-0.309434657625186,NA
8,10,4,"b_tc_2",-148.523903710303,NA
8,10,4,"b_tc_3",7.75145430683889,NA
8,10,4,"b_tc_4",-3.04041372043399,NA
8,10,4,"b_hw_1",7.66569652974015,NA
8,10,4,"b_hw_2",-6.64189770615558,NA
8,10,4,"b_hw_3",-5.68755564498017,NA
8,10,4,"b_hw_4",-0.0639352081560935,NA
8,10,4,"b_ch_1",-193.857394281292,NA
8,10,4,"b_ch_2",128.325805382601,NA
8,10,4,"b_ch_3",-104.56085703643,NA
8,10,4,"b_ch_4",-4.62488390096213,NA
8,10,4,"delta_1",0,NA
8,10,4,"delta_2",0.673972024403043,NA
8,10,4,"delta_3",0.692976502083264,NA
8,10,4,"delta_4",1.11130678310412,NA
8,11,1,"b_tt_1",-0.0422304967028706,0.0505741990608399
8,11,1,"b_tc_1",0.148163371786881,0.131191215768281
8,11,1,"b_hw_1",-0.0440822075500369,0.0123020299367095
8,11,1,"b_ch_1",-0.354963604678201,0.270932383515757
8,11,2,"b_tt_1",-0.0448025222722809,NA
8,11,2,"b_tt_2",3.13981095568621,NA
8,11,2,"b_tc_1",0.206064338724308,NA
8,11,2,"b_tc_2",-18.6223494188141,NA
8,11,2,"b_hw_1",-0.0346385615018475,NA
8,11,2,"b_hw_2",-2.42065520663806,NA
8,11,2,"b_ch_1",-0.754096211789141,NA
8,11,2,"b_ch_2",10.1186664936763,NA
8,11,2,"delta_1",0,NA
8,11,2,"delta_2",-1.11102396469233,NA
8,11,3,"b_tt_1",-0.436892498530084,NA
8,11,3,"b_tt_2",-0.137278806177547,NA
8,11,3,"b_tt_3",27.3715616478729,NA
8,11,3,"b_tc_1",-3.02940096783165,NA
8,11,3,"b_tc_2",0.176165928664495,NA
8,11,3,"b_tc_3",61.5510586600369,NA
8,11,3,"b_hw_1",0.017167415821066,NA
8,11,3,"b_hw_2",-0.0115367871203102,NA
8,11,3,"b_hw_3",-5.85322117237457,NA
8,11,3,"b_ch_1",0.38211006626508,NA
8,11,3,"b_ch_2",-1.52458609064676,NA
8,11,3,"b_ch_3",73.9962294792892,NA
8,11,3,"delta_1",0,NA
8,11,3,"delta_2",0.437609445123485,NA
8,11,3,"delta_3",0.388776612362629,NA
8,11,4,"b_tt_1",-0.436959746396342,NA
8,11,4,"b_tt_2",-0.129521437009423,NA
8,11,4,"b_tt_3",18.4882847783669,NA
8,11,4,"b_tt_4",69.7027816420801,NA
8,11,4,"b_tc_1",-3.02938419679958,NA
8,11,4,"b_tc_2",0.188043378864,NA
8,11,4,"b_tc_3",43.070028115566,NA
8,11,4,"b_tc_4",-471.442594254253,NA
8,11,4,"b_hw_1",0.0171628439344993,NA
8,11,4,"b_hw_2",-0.0170546787360756,NA
8,11,4,"b_hw_3",-22.0767303264688,NA
8,11,4,"b_hw_4",-255.519112927137,NA
8,11,4,"b_ch_1",0.382367274129972,NA
8,11,4,"b_ch_2",-1.48898518350878,NA
8,11,4,"b_ch_3",50.5585127244424,NA
8,11,4,"b_ch_4",1962.92319867422,NA
8,11,4,"delta_1",0,NA
8,11,4,"delta_2",0.475503373631271,NA
8,11,4,"delta_3",-0.433977156397684,NA
8,11,4,"delta_4",-0.251051230369532,NA
8,12,1,"b_tt_1",0.00859687515684907,0.0233650221523566
8,12,1,"b_tc_1",-0.0302885559766001,0.0643843916341907
8,12,1,"b_hw_1",-0.0231039639831184,0.0166800656740143
8,12,1,"b_ch_1",-1.94958164778181,0.418231951256547
8,12,2,"b_tt_1",-5.0192986904587,NA
8,12,2,"b_tt_2",-7.149270865722e-05,NA
8,12,2,"b_tc_1",-52.4012966357581,NA
8,12,2,"b_tc_2",0.00623201322131102,NA
8,12,2,"b_hw_1",-0.687796839971433,NA
8,12,2,"b_hw_2",-0.0503394229445647,NA
8,12,2,"b_ch_1",-105.531207706564,NA
8,12,2,"b_ch_2",-2.27045905019434,NA
8,12,2,"delta_1",0,NA
8,12,2,"delta_2",0.368057169009354,NA
8,12,3,"b_tt_1",-4.50876119153235,NA
8,12,3,"b_tt_2",-0.44963004119955,NA
8,12,3,"b_tt_3",-0.0315482651437683,NA
8,12,3,"b_tc_1",-47.7066046943053,NA
8,12,3,"b_tc_2",-0.256571543478863,NA
8,12,3,"b_tc_3",-0.313270932341411,NA
8,12,3,"b_hw_1",-0.407705851406994,NA
8,12,3,"b_hw_2",2.64069590141122,NA
8,12,3,"b_hw_3",-0.0576135508785889,NA
8,12,3,"b_ch_1",-96.5112404317951,NA
8,12,3,"b_ch_2",-251.280197332256,NA
8,12,3,"b_ch_3",-1.94094565758776,NA
8,12,3,"delta_1",0,NA
8,12,3,"delta_2",-0.431016481083866,NA
8,12,3,"delta_3",-0.375037743453578,NA
8,12,4,"b_tt_1",-6.00553817848582,NA
8,12,4,"b_tt_2",-0.49967376742116,NA
8,12,4,"b_tt_3",-0.382711367815049,NA
8,12,4,"b_tt_4",0.0108637873813022,NA
8,12,4,"b_tc_1",-54.7778083697825,NA
8,12,4,"b_tc_2",-0.336815693218498,NA
8,12,4,"b_tc_3",-1.80794661422754,NA
8,12,4,"b_tc_4",0.0226180399436946,NA
8,12,4,"b_hw_1",-1.30734772299601,NA
8,12,4,"b_hw_2",5.31903053309358,NA
8,12,4,"b_hw_3",-0.137000361714629,NA
8,12,4,"b_hw_4",-0.0465999277629053,NA
8,12,4,"b_ch_1",-108.204577672991,NA
8,12,4,"b_ch_2",-326.23399568672,NA
8,12,4,"b_ch_3",-3.10821958931186,NA
8,12,4,"b_ch_4",-2.3059657109081,NA
8,12,4,"delta_1",0,NA
8,12,4,"delta_2",-0.524780892304913,NA
8,12,4,"delta_3",-1.08087342887498,NA
8,12,4,"delta_4",-0.719882869657749,NA
8,13,1,"b_tt_1",-0.036087339745391,0.0373176214454074
8,13,1,"b_tc_1",0.185654674152784,0.122607136796622
8,13,1,"b_hw_1",-0.0553554635154289,0.0158721365402096
8,13,1,"b_ch_1",-1.29018127818869,0.32764916660031
8,13,2,"b_tt_1",-7.23129421493766,NA
8,13,2,"b_tt_2",-0.000630659890071658,NA
8,13,2,"b_tc_1",-24.3855647595502,NA
8,13,2,"b_tc_2",0.333490358750745,NA
8,13,2,"b_hw_1",-3.84858182650411,NA
8,13,2,"b_hw_2",-0.0238136138554811,NA
8,13,2,"b_ch_1",-70.6080944791424,NA
8,13,2,"b_ch_2",-0.554505440304133,NA
8,13,2,"delta_1",0,NA
8,13,2,"delta_2",0.0244868095819744,NA
8,13,3,"b_tt_1",-7.66749907037675,NA
8,13,3,"b_tt_2",-0.340593481228902,NA
8,13,3,"b_tt_3",0.179291037091878,NA
8,13,3,"b_tc_1",-26.2626834882739,NA
8,13,3,"b_tc_2",-0.254065200033253,NA
8,13,3,"b_tc_3",1.2127152656969,NA
8,13,3,"b_hw_1",-3.97816587849535,NA
8,13,3,"b_hw_2",-0.0638623116781148,NA
8,13,3,"b_hw_3",0.0322529785209377,NA
8,13,3,"b_ch_1",-73.4397456228473,NA
8,13,3,"b_ch_2",-1.00455977225649,NA
8,13,3,"b_ch_3",0.799105381942117,NA
8,13,3,"delta_1",0,NA
8,13,3,"delta_2",-0.445389563958762,NA
8,13,3,"delta_3",-1.00122960854101,NA
8,13,4,"b_tt_1",-7.67785039181933,NA
8,13,4,"b_tt_2",-5.86082234690395,NA
8,13,4,"b_tt_3",-0.314234390521109,NA
8,13,4,"b_tt_4",0.177162354925638,NA
8,13,4,"b_tc_1",-25.3320293646326,NA
8,13,4,"b_tc_2",6.87345786786528,NA
8,13,4,"b_tc_3",-0.273998962077773,NA
8,13,4,"b_tc_4",1.19594200766296,NA
8,13,4,"b_hw_1",-4.08270526674961,NA
8,13,4,"b_hw_2",-2.23773701748354,NA
8,13,4,"b_hw_3",-0.0509303192076076,NA
8,13,4,"b_hw_4",0.0320153774060542,NA
8,13,4,"b_ch_1",-75.4858733134498,NA
8,13,4,"b_ch_2",-98.0121020382599,NA
8,13,4,"b_ch_3",-0.448906724012879,NA
8,13,4,"b_ch_4",0.79030854790861,NA
8,13,4,"delta_1",0,NA
8,13,4,"delta_2",-0.777715092309249,NA
8,13,4,"delta_3",-1.05021526217453,NA
8,13,4,"delta_4",-1.01192682124761,NA
8,14,1,"b_tt_1",-0.0109250912919548,0.0174168728858846
8,14,1,"b_tc_1",-0.129221963335892,0.0595356358645969
8,14,1,"b_hw_1",-0.0473729335604456,0.0137550194760628
8,14,1,"b_ch_1",-0.917357341898639,0.281782523508905
8,14,2,"b_tt_1",-1.94328169306335,NA
8,14,2,"b_tt_2",-0.0118415838216539,NA
8,14,2,"b_tc_1",-70.9341339561522,NA
8,14,2,"b_tc_2",-0.0977671896046388,NA
8,14,2,"b_hw_1",-2.93991683433388,NA
8,14,2,"b_hw_2",-0.0506016488723442,NA
8,14,2,"b_ch_1",-109.026839342265,NA
8,14,2,"b_ch_2",-0.759406305000576,NA
8,14,2,"delta_1",0,NA
8,14,2,"delta_2",0.0993725906723003,NA
8,14,3,"b_tt_1",-0.00696472595499194,NA
8,14,3,"b_tt_2",0.495815349728341,NA
8,14,3,"b_tt_3",12.6481940476066,NA
8,14,3,"b_tc_1",-0.0804625378646693,NA
8,14,3,"b_tc_2",-17.8293196149062,NA
8,14,3,"b_tc_3",-187.360466590307,NA
8,14,3,"b_hw_1",-0.0339407236564602,NA
8,14,3,"b_hw_2",-10.7737472431398,NA
8,14,3,"b_hw_3",-8.05925159845528,NA
8,14,3,"b_ch_1",-0.639222437631951,NA
8,14,3,"b_ch_2",-93.2408026996336,NA
8,14,3,"b_ch_3",-347.475931085797,NA
8,14,3,"delta_1",0,NA
8,14,3,"delta_2",-0.674521995517405,NA
8,14,3,"delta_3",0.0540247451417909,NA
8,14,4,"b_tt_1",-51.3624938078482,NA
8,14,4,"b_tt_2",-0.00898018192967683,NA
8,14,4,"b_tt_3",0.194768404197599,NA
8,14,4,"b_tt_4",3.92486903714418,NA
8,14,4,"b_tc_1",-121.364104681242,NA
8,14,4,"b_tc_2",-0.262593261658689,NA
8,14,4,"b_tc_3",-0.748601939856342,NA
8,14,4,"b_tc_4",-418.245735317617,NA
8,14,4,"b_hw_1",-95.0538694828118,NA
8,14,4,"b_hw_2",-0.0700640380560598,NA
8,14,4,"b_hw_3",-0.0295928435354042,NA
8,14,4,"b_hw_4",-171.68209493471,NA
8,14,4,"b_ch_1",1386.60752894715,NA
8,14,4,"b_ch_2",-3.35591344115052,NA
8,14,4,"b_ch_3",-0.184065261601498,NA
8,14,4,"b_ch_4",-1508.74975263164,NA
8,14,4,"delta_1",0,NA
8,14,4,"delta_2",0.636998923724555,NA
8,14,4,"delta_3",0.424387058207816,NA
8,14,4,"delta_4",0.493804088879946,NA
8,15,1,"b_tt_1",-0.187038024263587,0.0666555866452053
8,15,1,"b_tc_1",-0.362885202220822,0.193033641154885
8,15,1,"b_hw_1",-0.0435663205879479,0.0149034547515468
8,15,1,"b_ch_1",-1.40844390025142,0.381661041405937
8,15,2,"b_tt_1",-102.791001645888,NA
8,15,2,"b_tt_2",-0.106402606485555,NA
8,15,2,"b_tc_1",-288.210744874694,NA
8,15,2,"b_tc_2",-0.219281507870433,NA
8,15,2,"b_hw_1",-10.5040238613975,NA
8,15,2,"b_hw_2",-0.0119552812126885,NA
8,15,2,"b_ch_1",-185.419745827658,NA
8,15,2,"b_ch_2",-0.751105265986341,NA
8,15,2,"delta_1",0,NA
8,15,2,"delta_2",-0.419369846284557,NA
8,15,3,"b_tt_1",-100.047226136678,NA
8,15,3,"b_tt_2",-0.116105487823142,NA
8,15,3,"b_tt_3",0.408327843419776,NA
8,15,3,"b_tc_1",-280.464334707974,NA
8,15,3,"b_tc_2",-0.217297258630249,NA
8,15,3,"b_tc_3",-2.80489989591293,NA
8,15,3,"b_hw_1",-10.2172482515074,NA
8,15,3,"b_hw_2",-0.00721969137248819,NA
8,15,3,"b_hw_3",-0.0869076193167379,NA
8,15,3,"b_ch_1",-180.417115863593,NA
8,15,3,"b_ch_2",-1.08077305496721,NA
8,15,3,"b_ch_3",1.21206202557266,NA
8,15,3,"delta_1",0,NA
8,15,3,"delta_2",-0.77599688274592,NA
8,15,3,"delta_3",-1.67452983052097,NA
8,15,4,"b_tt_1",-103.173390018796,NA
8,15,4,"b_tt_2",-44.3255710626675,NA
8,15,4,"b_tt_3",-0.106402942316192,NA
8,15,4,"b_tt_4",12364.3143111155,NA
8,15,4,"b_tc_1",-289.094429265162,NA
8,15,4,"b_tc_2",11747.3177602841,NA
8,15,4,"b_tc_3",-0.219281565331961,NA
8,15,4,"b_tc_4",66517.9491686577,NA
8,15,4,"b_hw_1",-10.546994488583,NA
8,15,4,"b_hw_2",4368.10341842691,NA
8,15,4,"b_hw_3",-0.0119551463379406,NA
8,15,4,"b_hw_4",593.219270497481,NA
8,15,4,"b_ch_1",-185.92103655319,NA
8,15,4,"b_ch_2",2894.30969326051,NA
8,15,4,"b_ch_3",-0.751103434064125,NA
8,15,4,"b_ch_4",-2341.13337140779,NA
8,15,4,"delta_1",0,NA
8,15,4,"delta_2",-2269.04679151503,NA
8,15,4,"delta_3",-0.419370199226116,NA
8,15,4,"delta_4",-1387.20356128594,NA
8,16,1,"b_tt_1",-0.22181342861698,0.118416132096659
8,16,1,"b_tc_1",-0.788782560283825,0.344894002584862
8,16,1,"b_hw_1",-0.0480982943977987,0.0164867660408836
8,16,1,"b_ch_1",-1.5997224462541,0.391267588875105
8,16,2,"b_tt_1",-29.8485059692626,NA
8,16,2,"b_tt_2",-0.186323726303535,NA
8,16,2,"b_tc_1",-187.54617671538,NA
8,16,2,"b_tc_2",-0.769323425878396,NA
8,16,2,"b_hw_1",-1.69691396654427,NA
8,16,2,"b_hw_2",-0.12173487804368,NA
8,16,2,"b_ch_1",-97.9985586979116,NA
8,16,2,"b_ch_2",-2.5914948280257,NA
8,16,2,"delta_1",0,NA
8,16,2,"delta_2",0.570240942728408,NA
8,16,3,"b_tt_1",-31.7640920291955,NA
8,16,3,"b_tt_2",-2.24324399890629,NA
8,16,3,"b_tt_3",-0.798717917745954,NA
8,16,3,"b_tc_1",-198.396255679389,NA
8,16,3,"b_tc_2",-2.35947891809643,NA
8,16,3,"b_tc_3",-3.6440455721829,NA
8,16,3,"b_hw_1",-1.79081083429079,NA
8,16,3,"b_hw_2",-3.20534971749427,NA
8,16,3,"b_hw_3",-0.351842958304679,NA
8,16,3,"b_ch_1",-103.103979426593,NA
8,16,3,"b_ch_2",-55.6965350517053,NA
8,16,3,"b_ch_3",-47.4872808720512,NA
8,16,3,"delta_1",0,NA
8,16,3,"delta_2",-0.105932597050066,NA
8,16,3,"delta_3",0.263725264329663,NA
8,16,4,"b_tt_1",-30.4673948395037,NA
8,16,4,"b_tt_2",-2.2432973817902,NA
8,16,4,"b_tt_3",-0.798685640074317,NA
8,16,4,"b_tt_4",5707.95657184226,NA
8,16,4,"b_tc_1",-191.43810132838,NA
8,16,4,"b_tc_2",-2.35952970055958,NA
8,16,4,"b_tc_3",-3.6439170742975,NA
8,16,4,"b_tc_4",-29839.7384198044,NA
8,16,4,"b_hw_1",-1.72938617950978,NA
8,16,4,"b_hw_2",-3.09839915239114,NA
8,16,4,"b_hw_3",-0.351828732445146,NA
8,16,4,"b_hw_4",20121.7885631576,NA
8,16,4,"b_ch_1",-100.035916809763,NA
8,16,4,"b_ch_2",-54.092490336795,NA
8,16,4,"b_ch_3",-18244.9068413035,NA
8,16,4,"b_ch_4",512372.505878218,NA
8,16,4,"delta_1",0,NA
8,16,4,"delta_2",-0.10594040383132,NA
8,16,4,"delta_3",0.263729574287226,NA
8,16,4,"delta_4",-2234.25600770143,NA
8,17,1,"b_tt_1",-0.045193156666694,0.0573526582431507
8,17,1,"b_tc_1",-0.394116323728049,0.239732021746972
8,17,1,"b_hw_1",-0.0316104957499049,0.0125024767809173
8,17,1,"b_ch_1",-1.3374673487745,0.331082950189521
8,17,2,"b_tt_1",-25.8325082420611,NA
8,17,2,"b_tt_2",-0.0115247372408365,NA
8,17,2,"b_tc_1",-72.0883575255285,NA
8,17,2,"b_tc_2",-0.424946587627439,NA
8,17,2,"b_hw_1",-4.20479202563061,NA
8,17,2,"b_hw_2",-0.00395470181418078,NA
8,17,2,"b_ch_1",-522.911260801576,NA
8,17,2,"b_ch_2",-0.477762357020834,NA
8,17,2,"delta_1",0,NA
8,17,2,"delta_2",-0.484902888776192,NA
8,17,3,"b_tt_1",-24.9290182452685,NA
8,17,3,"b_tt_2",-10.0369537832161,NA
8,17,3,"b_tt_3",-0.0775123714998622,NA
8,17,3,"b_tc_1",-69.3073047390582,NA
8,17,3,"b_tc_2",-113.350501299436,NA
8,17,3,"b_tc_3",-0.130935295111749,NA
8,17,3,"b_hw_1",-4.13241113597148,NA
8,17,3,"b_hw_2",-1.67848615193974,NA
8,17,3,"b_hw_3",-0.0205817441216723,NA
8,17,3,"b_ch_1",-1078.03997647036,NA
8,17,3,"b_ch_2",-37.0552045488451,NA
8,17,3,"b_ch_3",-0.400695875494349,NA
8,17,3,"delta_1",0,NA
8,17,3,"delta_2",-1.38191046088429,NA
8,17,3,"delta_3",-0.858503208003299,NA
8,17,4,"b_tt_1",-3230.73683929689,NA
8,17,4,"b_tt_2",-24.8361701601318,NA
8,17,4,"b_tt_3",-0.0775013525691211,NA
8,17,4,"b_tt_4",3.19411960947331,NA
8,17,4,"b_tc_1",-15707.7342373982,NA
8,17,4,"b_tc_2",-69.1476894373507,NA
8,17,4,"b_tc_3",-0.1304874664539,NA
8,17,4,"b_tc_4",-80.5562608299644,NA
8,17,4,"b_hw_1",114.33201985321,NA
8,17,4,"b_hw_2",-4.08406567071484,NA
8,17,4,"b_hw_3",-0.0206141820156382,NA
8,17,4,"b_hw_4",-6.23399236627746,NA
8,17,4,"b_ch_1",-17984.4351287263,NA
8,17,4,"b_ch_2",-42910.8643564035,NA
8,17,4,"b_ch_3",-0.400939381203069,NA
8,17,4,"b_ch_4",-281.259090419077,NA
8,17,4,"delta_1",0,NA
8,17,4,"delta_2",1.09290483585539,NA
8,17,4,"delta_3",0.299871462912403,NA
8,17,4,"delta_4",-71.9730741318173,NA
8,18,1,"b_tt_1",-0.0476233500097232,0.0353634934920262
8,18,1,"b_tc_1",-0.19011425108154,0.138304128161742
8,18,1,"b_hw_1",-0.012513733221937,0.0102520777935024
8,18,1,"b_ch_1",-1.11328320123555,0.292862509624905
8,18,2,"b_tt_1",-30.8791471664311,NA
8,18,2,"b_tt_2",-0.0411036408332695,NA
8,18,2,"b_tc_1",-41.1585380471157,NA
8,18,2,"b_tc_2",-0.187181777712184,NA
8,18,2,"b_hw_1",-0.721030590151279,NA
8,18,2,"b_hw_2",-0.0115552640570682,NA
8,18,2,"b_ch_1",-20.599767159707,NA
8,18,2,"b_ch_2",-1.11303266784112,NA
8,18,2,"delta_1",0,NA
8,18,2,"delta_2",1.27106193005872,NA
8,18,3,"b_tt_1",-1.54802254566506,NA
8,18,3,"b_tt_2",-0.297888562792816,NA
8,18,3,"b_tt_3",-0.0950219686175844,NA
8,18,3,"b_tc_1",-20.5167763911645,NA
8,18,3,"b_tc_2",-0.938892141511505,NA
8,18,3,"b_tc_3",-0.45095954906197,NA
8,18,3,"b_hw_1",85.9742525565995,NA
8,18,3,"b_hw_2",0.0305844413806597,NA
8,18,3,"b_hw_3",-0.0477038522416204,NA
8,18,3,"b_ch_1",-42.0534004806415,NA
8,18,3,"b_ch_2",-1.67162429835538,NA
8,18,3,"b_ch_3",-1.71758690207001,NA
8,18,3,"delta_1",0,NA
8,18,3,"delta_2",0.625049550282858,NA
8,18,3,"delta_3",1.63555722035295,NA
8,18,4,"b_tt_1",-0.608465432980959,NA
8,18,4,"b_tt_2",-0.297133330467822,NA
8,18,4,"b_tt_3",-0.0849518588258077,NA
8,18,4,"b_tt_4",1.4239967270126,NA
8,18,4,"b_tc_1",-3.08687065280213,NA
8,18,4,"b_tc_2",-0.933406620345012,NA
8,18,4,"b_tc_3",-0.354442696402065,NA
8,18,4,"b_tc_4",-14.582656876638,NA
8,18,4,"b_hw_1",3.00515362216688,NA
8,18,4,"b_hw_2",0.0318035211062935,NA
8,18,4,"b_hw_3",-0.0490846513074249,NA
8,18,4,"b_hw_4",-1.46628875873255,NA
8,18,4,"b_ch_1",27.5797664414002,NA
8,18,4,"b_ch_2",-1.69912054869135,NA
8,18,4,"b_ch_3",-1.84193618650206,NA
8,18,4,"b_ch_4",-5.32810095703506,NA
8,18,4,"delta_1",0,NA
8,18,4,"delta_2",0.645568467350867,NA
8,18,4,"delta_3",1.42548576437913,NA
8,18,4,"delta_4",-0.0684862228913702,NA
8,19,1,"b_tt_1",-0.0851458846985751,0.0396892443693446
8,19,1,"b_tc_1",-0.24325842166792,0.149311011583104
8,19,1,"b_hw_1",-0.0508818509680512,0.016773398466031
8,19,1,"b_ch_1",-1.76642988382889,0.417100312139689
8,19,2,"b_tt_1",-0.272103932424892,NA
8,19,2,"b_tt_2",0.103506140647116,NA
8,19,2,"b_tc_1",-1.0081922479195,NA
8,19,2,"b_tc_2",0.999042145613968,NA
8,19,2,"b_hw_1",-0.0843848436015891,NA
8,19,2,"b_hw_2",-0.0582326244464418,NA
8,19,2,"b_ch_1",-3.87921492394677,NA
8,19,2,"b_ch_2",-0.85447237499965,NA
8,19,2,"delta_1",0,NA
8,19,2,"delta_2",-0.846022414091855,NA
8,19,3,"b_tt_1",-9.54778587026876,NA
8,19,3,"b_tt_2",-0.949490259067828,NA
8,19,3,"b_tt_3",0.0996076937553595,NA
8,19,3,"b_tc_1",-40.4513879055371,NA
8,19,3,"b_tc_2",-3.28122996819709,NA
8,19,3,"b_tc_3",0.935159927728086,NA
8,19,3,"b_hw_1",0.930226828108815,NA
8,19,3,"b_hw_2",-0.17853330229893,NA
8,19,3,"b_hw_3",-0.0636770216127208,NA
8,19,3,"b_ch_1",-312.362936833185,NA
8,19,3,"b_ch_2",-5.6451565040345,NA
8,19,3,"b_ch_3",-0.94459715668797,NA
8,19,3,"delta_1",0,NA
8,19,3,"delta_2",0.105970845050094,NA
8,19,3,"delta_3",0.218719251829106,NA
8,19,4,"b_tt_1",-73.7096728320066,NA
8,19,4,"b_tt_2",-57.7502696205393,NA
8,19,4,"b_tt_3",-0.797702109517575,NA
8,19,4,"b_tt_4",0.0697197588109295,NA
8,19,4,"b_tc_1",-95.1402816235743,NA
8,19,4,"b_tc_2",-251.616028356325,NA
8,19,4,"b_tc_3",-2.7238986050317,NA
8,19,4,"b_tc_4",1.45377278945003,NA
8,19,4,"b_hw_1",-0.957969958476333,NA
8,19,4,"b_hw_2",-46.0121693410777,NA
8,19,4,"b_hw_3",-0.128205129856235,NA
8,19,4,"b_hw_4",-0.46694164229809,NA
8,19,4,"b_ch_1",13.2822876783595,NA
8,19,4,"b_ch_2",-1242.66310251051,NA
8,19,4,"b_ch_3",-5.48381469314954,NA
8,19,4,"b_ch_4",-8.14582175120418,NA
8,19,4,"delta_1",0,NA
8,19,4,"delta_2",0.586752766083989,NA
8,19,4,"delta_3",1.18932839315669,NA
8,19,4,"delta_4",0.650765226806462,NA
8,20,1,"b_tt_1",-0.0351867781814017,0.0349883595631999
8,20,1,"b_tc_1",0.00205385880164531,0.0687953328363104
8,20,1,"b_hw_1",-0.040414031465155,0.0159830071955336
8,20,1,"b_ch_1",-1.32828558915188,0.368747870199009
8,20,2,"b_tt_1",-0.323291632898101,NA
8,20,2,"b_tt_2",-0.140438193420603,NA
8,20,2,"b_tc_1",-0.815304163797385,NA
8,20,2,"b_tc_2",0.416257334949941,NA
8,20,2,"b_hw_1",-0.253373306735756,NA
8,20,2,"b_hw_2",0.0280385365650721,NA
8,20,2,"b_ch_1",-5.11020749406419,NA
8,20,2,"b_ch_2",-3.39802518831979,NA
8,20,2,"delta_1",0,NA
8,20,2,"delta_2",-1.0014020368102,NA
8,20,3,"b_tt_1",-6.79714851518162,NA
8,20,3,"b_tt_2",-0.32651567317467,NA
8,20,3,"b_tt_3",34.8070597013137,NA
8,20,3,"b_tc_1",15.7510609976848,NA
8,20,3,"b_tc_2",-0.821995923087696,NA
8,20,3,"b_tc_3",-8.66743187481129,NA
8,20,3,"b_hw_1",4.73831540198987,NA
8,20,3,"b_hw_2",-0.255128425020037,NA
8,20,3,"b_hw_3",-1.71818620630825,NA
8,20,3,"b_ch_1",-149.008709157832,NA
8,20,3,"b_ch_2",-5.14433685457737,NA
8,20,3,"b_ch_3",-109.367128595834,NA
8,20,3,"delta_1",0,NA
8,20,3,"delta_2",1.79175945422437,NA
8,20,3,"delta_3",-4.54857229659211e-08,NA
8,20,4,"b_tt_1",-12.4025595321257,NA
8,20,4,"b_tt_2",-6.79305486147937,NA
8,20,4,"b_tt_3",-0.464126264376899,NA
8,20,4,"b_tt_4",36.7720064966472,NA
8,20,4,"b_tc_1",-22.0908999577122,NA
8,20,4,"b_tc_2",16.17750298206,NA
8,20,4,"b_tc_3",-1.40541087459289,NA
8,20,4,"b_tc_4",10.590237657654,NA
8,20,4,"b_hw_1",-16.3923698818155,NA
8,20,4,"b_hw_2",4.77868301909813,NA
8,20,4,"b_hw_3",-0.27286587127369,NA
8,20,4,"b_hw_4",-1.20452594549032,NA
8,20,4,"b_ch_1",-18.338424644788,NA
8,20,4,"b_ch_2",-151.524740807332,NA
8,20,4,"b_ch_3",-5.75358861051059,NA
8,20,4,"b_ch_4",-226.656665346648,NA
8,20,4,"delta_1",0,NA
8,20,4,"delta_2",-1.00326406174508,NA
8,20,4,"delta_3",0.182391305567986,NA
8,20,4,"delta_4",-1.00326405335905,NA
5,1,1,"b_tt_1",0.103443181767877,0.0519576614922783
5,1,1,"b_tc_1",0.460829790832256,0.17612815916516
5,1,1,"b_hw_1",-0.0417412543704422,0.0208481192123353
5,1,1,"b_ch_1",-1.11446115585936,0.419561623029172
5,1,2,"b_tt_1",-23.1716256775882,NA
5,1,2,"b_tt_2",-0.134908941219346,NA
5,1,2,"b_tc_1",65.7703558326016,NA
5,1,2,"b_tc_2",-1.97532664440907,NA
5,1,2,"b_hw_1",11.3427900025683,NA
5,1,2,"b_hw_2",-0.0627787289409246,NA
5,1,2,"b_ch_1",-612.799121441561,NA
5,1,2,"b_ch_2",-1.1369266783168,NA
5,1,2,"delta_1",0,NA
5,1,2,"delta_2",0.408726974763092,NA
5,1,3,"b_tt_1",-25.1185675668421,NA
5,1,3,"b_tt_2",-23.4750585134856,NA
5,1,3,"b_tt_3",45.4854702380328,NA
5,1,3,"b_tc_1",70.8212235039345,NA
5,1,3,"b_tc_2",-276.126846770197,NA
5,1,3,"b_tc_3",-90.0253152252495,NA
5,1,3,"b_hw_1",12.2366222492278,NA
5,1,3,"b_hw_2",-2.13532713969922,NA
5,1,3,"b_hw_3",-140.395812440893,NA
5,1,3,"b_ch_1",-661.97483430651,NA
5,1,3,"b_ch_2",-105.888332593677,NA
5,1,3,"b_ch_3",-233.93438492816,NA
5,1,3,"delta_1",0,NA
5,1,3,"delta_2",-0.693147180570927,NA
5,1,3,"delta_3",-9.38297217700779e-11,NA
5,1,4,"b_tt_1",-88251.6009978535,NA
5,1,4,"b_tt_2",-24.2580248306231,NA
5,1,4,"b_tt_3",-24.2002910131692,NA
5,1,4,"b_tt_4",46.0398240115422,NA
5,1,4,"b_tc_1",-17617.3470666799,NA
5,1,4,"b_tc_2",-274.653479491244,NA
5,1,4,"b_tc_3",68.3142535236509,NA
5,1,4,"b_tc_4",105.369561215558,NA
5,1,4,"b_hw_1",4483.14288402681,NA
5,1,4,"b_hw_2",0.0804046585503174,NA
5,1,4,"b_hw_3",11.7839146281334,NA
5,1,4,"b_hw_4",-6738.11055718279,NA
5,1,4,"b_ch_1",248687.968599205,NA
5,1,4,"b_ch_2",-87.6314691018221,NA
5,1,4,"b_ch_3",-638.206115338011,NA
5,1,4,"b_ch_4",-131.800288518903,NA
5,1,4,"delta_1",0,NA
5,1,4,"delta_2",2460.61204752737,NA
5,1,4,"delta_3",2461.30519470809,NA
5,1,4,"delta_4",2461.30519470789,NA
5,2,1,"b_tt_1",-0.163793898983594,0.0667373411672546
5,2,1,"b_tc_1",-0.563221925695516,0.267742030448491
5,2,1,"b_hw_1",-0.0339964835536415,0.0179870332785265
5,2,1,"b_ch_1",-1.4599339597563,0.475267618749365
5,2,2,"b_tt_1",-11.6030861146444,NA
5,2,2,"b_tt_2",-0.115672151214577,NA
5,2,2,"b_tc_1",-60.7282213212123,NA
5,2,2,"b_tc_2",-0.347438663016013,NA
5,2,2,"b_hw_1",-2.24520812742373,NA
5,2,2,"b_hw_2",-0.041012723214495,NA
5,2,2,"b_ch_1",-87.4311781972333,NA
5,2,2,"b_ch_2",-0.217533963286876,NA
5,2,2,"delta_1",0,NA
5,2,2,"delta_2",-0.381011936488947,NA
5,2,3,"b_tt_1",-14.1727839254653,NA
5,2,3,"b_tt_2",-0.495843957733915,NA
5,2,3,"b_tt_3",6.63907096495433,NA
5,2,3,"b_tc_1",-82.5556865079086,NA
5,2,3,"b_tc_2",-1.66104899948658,NA
5,2,3,"b_tc_3",23.6594728115881,NA
5,2,3,"b_hw_1",-2.45390643949915,NA
5,2,3,"b_hw_2",-0.0998499809243365,NA
5,2,3,"b_hw_3",-4.68893996288712,NA
5,2,3,"b_ch_1",-80.5450273614149,NA
5,2,3,"b_ch_2",1.26753698616052,NA
5,2,3,"b_ch_3",-3.15127884423255,NA
5,2,3,"delta_1",0,NA
5,2,3,"delta_2",-1.0985570755872,NA
5,2,3,"delta_3",-1.09861122010145,NA
5,2,4,"b_tt_1",-11.5645613472415,NA
5,2,4,"b_tt_2",-0.495844199304276,NA
5,2,4,"b_tt_3",7.52035187782226,NA
5,2,4,"b_tt_4",8.87968719053615,NA
5,2,4,"b_tc_1",-52.7350617177001,NA
5,2,4,"b_tc_2",-1.66104965098548,NA
5,2,4,"b_tc_3",26.8366632791169,NA
5,2,4,"b_tc_4",-5.20000979327301,NA
5,2,4,"b_hw_1",-2.64511442551236,NA
5,2,4,"b_hw_2",-0.0998503107315463,NA
5,2,4,"b_hw_3",-9.3191789236048,NA
5,2,4,"b_hw_4",-3.62147006967083,NA
5,2,4,"b_ch_1",-113.611182897654,NA
5,2,4,"b_ch_2",1.26753833323396,NA
5,2,4,"b_ch_3",-3.36823784099097,NA
5,2,4,"b_ch_4",299.317430449519,NA
5,2,4,"delta_1",0,NA
5,2,4,"delta_2",-1.09855710028515,NA
5,2,4,"delta_3",-1.09861126221193,NA
5,2,4,"delta_4",-31.037258542425,NA
5,3,1,"b_tt_1",-0.108864032182664,0.099853469065174
5,3,1,"b_tc_1",-1.3168334640376,0.830992715193569
5,3,1,"b_hw_1",-0.0773846436558765,0.0292246422413337
5,3,1,"b_ch_1",-2.64360827196086,0.869138801478702
5,3,2,"b_tt_1",-21.7962732491121,NA
5,3,2,"b_tt_2",69.4234131170865,NA
5,3,2,"b_tc_1",-64.969199945124,NA
5,3,2,"b_tc_2",-108.210145623738,NA
5,3,2,"b_hw_1",-7.42106735009722,NA
5,3,2,"b_hw_2",-5.47875076595433,NA
5,3,2,"b_ch_1",-154.546949184758,NA
5,3,2,"b_ch_2",-2559.37788122374,NA
5,3,2,"delta_1",0,NA
5,3,2,"delta_2",1.49856408180721e-10,NA
5,3,3,"b_tt_1",-65684.9836632557,NA
5,3,3,"b_tt_2",-20.1513473540757,NA
5,3,3,"b_tt_3",301.966126155817,NA
5,3,3,"b_tc_1",-391874.948506986,NA
5,3,3,"b_tc_2",-60.6696676797034,NA
5,3,3,"b_tc_3",-2163.11139185408,NA
5,3,3,"b_hw_1",22522.6645509547,NA
5,3,3,"b_hw_2",-75.3452183203439,NA
5,3,3,"b_hw_3",-67.3901494790015,NA
5,3,3,"b_ch_1",888835.421490131,NA
5,3,3,"b_ch_2",-1680.00093813996,NA
5,3,3,"b_ch_3",-13324.2406775275,NA
5,3,3,"delta_1",0,NA
5,3,3,"delta_2",156033.100500999,NA
5,3,3,"delta_3",156032.476502962,NA
5,3,4,"b_tt_1",-38.3135064332658,NA
5,3,4,"b_tt_2",-20.147455705449,NA
5,3,4,"b_tt_3",60.1671986740235,NA
5,3,4,"b_tt_4",47423.9037251256,NA
5,3,4,"b_tc_1",-114.167873301078,NA
5,3,4,"b_tc_2",-60.6579927447474,NA
5,3,4,"b_tc_3",-601.637447690788,NA
5,3,4,"b_tc_4",-13545.833583789,NA
5,3,4,"b_hw_1",-15.7974629619263,NA
5,3,4,"b_hw_2",-103.811766608093,NA
5,3,4,"b_hw_3",-16.2571750776044,NA
5,3,4,"b_hw_4",100527.509620666,NA
5,3,4,"b_ch_1",-280.663987357521,NA
5,3,4,"b_ch_2",-2305.48909392116,NA
5,3,4,"b_ch_3",-3023.31164621295,NA
5,3,4,"b_ch_4",89911.7092797365,NA
5,3,4,"delta_1",0,NA
5,3,4,"delta_2",25.1514576788767,NA
5,3,4,"delta_3",24.5274596402499,NA
5,3,4,"delta_4",-10492.0057611418,NA
5,4,1,"b_tt_1",-0.197626500204033,0.0795726758833293
5,4,1,"b_tc_1",-1.25090363255953,0.461780270198254
5,4,1,"b_hw_1",-0.0339620959196111,0.0184837705279506
5,4,1,"b_ch_1",-1.54566382729227,0.515890556016011
5,4,2,"b_tt_1",-7.41103142411468,NA
5,4,2,"b_tt_2",-0.0234358035415016,NA
5,4,2,"b_tc_1",-60.3808650406692,NA
5,4,2,"b_tc_2",0.709425163845667,NA
5,4,2,"b_hw_1",-1.57469541520378,NA
5,4,2,"b_hw_2",-0.0156644531373147,NA
5,4,2,"b_ch_1",-103.059768123542,NA
5,4,2,"b_ch_2",-0.00324038125493011,NA
5,4,2,"delta_1",0,NA
5,4,2,"delta_2",-1.38243882041638,NA
5,4,3,"b_tt_1",-9.04137121117537,NA
5,4,3,"b_tt_2",-0.0234329233894727,NA
5,4,3,"b_tt_3",5.28142023344474,NA
5,4,3,"b_tc_1",-72.8458893610131,NA
5,4,3,"b_tc_2",0.709449104161651,NA
5,4,3,"b_tc_3",-53.0902692518662,NA
5,4,3,"b_hw_1",-1.84063712674809,NA
5,4,3,"b_hw_2",-0.0156646691707053,NA
5,4,3,"b_hw_3",-4.8167437621389,NA
5,4,3,"b_ch_1",-124.251536218844,NA
5,4,3,"b_ch_2",-0.00324519133183797,NA
5,4,3,"b_ch_3",68.5717259368148,NA
5,4,3,"delta_1",0,NA
5,4,3,"delta_2",-1.38243902816798,NA
5,4,3,"delta_3",-39.0477505291332,NA
5,4,4,"b_tt_1",-77.9232568675552,NA
5,4,4,"b_tt_2",-70.6503744128596,NA
5,4,4,"b_tt_3",-26.3080431980111,NA
5,4,4,"b_tt_4",-0.0234322891836652,NA
5,4,4,"b_tc_1",-3.66373820152472,NA
5,4,4,"b_tc_2",-518.211529471503,NA
5,4,4,"b_tc_3",-182.828469368866,NA
5,4,4,"b_tc_4",0.709454722388791,NA
5,4,4,"b_hw_1",219.570930132331,NA
5,4,4,"b_hw_2",-8.21169685660333,NA
5,4,4,"b_hw_3",-4.62606861878508,NA
5,4,4,"b_hw_4",-0.0156647695752676,NA
5,4,4,"b_ch_1",-1818.52609067011,NA
5,4,4,"b_ch_2",-861.839872762388,NA
5,4,4,"b_ch_3",-393.131273271633,NA
5,4,4,"b_ch_4",-0.00324799611481656,NA
5,4,4,"delta_1",0,NA
5,4,4,"delta_2",136.23034839035,NA
5,4,4,"delta_3",153.89880641364,NA
5,4,4,"delta_4",152.516367390488,NA
5,5,1,"b_tt_1",-1.32421155691529,0.76129522343465
5,5,1,"b_tc_1",-2.16704704044087,1.47832948493629
5,5,1,"b_hw_1",-0.131112519547648,0.0942540782102841
5,5,1,"b_ch_1",-7.14361413082064,3.31618177161078
5,5,2,"b_tt_1",-10.5137515381538,NA
5,5,2,"b_tt_2",-0.397519133539483,NA
5,5,2,"b_tc_1",-19.8862737354945,NA
5,5,2,"b_tc_2",-26.4708594189777,NA
5,5,2,"b_hw_1",-1.05500603627434,NA
5,5,2,"b_hw_2",-1.6403399774467,NA
5,5,2,"b_ch_1",-32.3556596169666,NA
5,5,2,"b_ch_2",-89.2889626935043,NA
5,5,2,"delta_1",0,NA
5,5,2,"delta_2",0.519776325040866,NA
5,5,3,"b_tt_1",-10.5138936661983,NA
5,5,3,"b_tt_2",53.6773497297391,NA
5,5,3,"b_tt_3",637.039046442464,NA
5,5,3,"b_tc_1",-19.8865492753815,NA
5,5,3,"b_tc_2",25.5584006136958,NA
5,5,3,"b_tc_3",-5273.96633821241,NA
5,5,3,"b_hw_1",-1.055021414813,NA
5,5,3,"b_hw_2",-5.99662034063457,NA
5,5,3,"b_hw_3",310.644127435901,NA
5,5,3,"b_ch_1",-32.3560398387663,NA
5,5,3,"b_ch_2",-384.740717069462,NA
5,5,3,"b_ch_3",-6589.99568308499,NA
5,5,3,"delta_1",0,NA
5,5,3,"delta_2",0.519777115137657,NA
5,5,3,"delta_3",-4159.63671821197,NA
5,5,4,"b_tt_1",-60668.5019994797,NA
5,5,4,"b_tt_2",-10.5138930423972,NA
5,5,4,"b_tt_3",-7.47549585364307,NA
5,5,4,"b_tt_4",-2.90484536818873,NA
5,5,4,"b_tc_1",153756.603005138,NA
5,5,4,"b_tc_2",-19.8865480822865,NA
5,5,4,"b_tc_3",-64.3281740367218,NA
5,5,4,"b_tc_4",-131.889484045648,NA
5,5,4,"b_hw_1",-1220595.00708147,NA
5,5,4,"b_hw_2",-1.05502135759215,NA
5,5,4,"b_hw_3",-20.0747506300785,NA
5,5,4,"b_hw_4",-12.0138120149724,NA
5,5,4,"b_ch_1",-47252.0254561831,NA
5,5,4,"b_ch_2",-32.3560371728654,NA
5,5,4,"b_ch_3",-8489.39308221998,NA
5,5,4,"b_ch_4",-396.249376857758,NA
5,5,4,"delta_1",0,NA
5,5,4,"delta_2",8334.87740352119,NA
5,5,4,"delta_3",8334.85103158511,NA
5,5,4,"delta_4",8334.53164041386,NA
5,6,1,"b_tt_1",-0.161585591872964,0.0647242683840066
5,6,1,"b_tc_1",-0.714213572624797,0.322624633060956
5,6,1,"b_hw_1",-0.0434801558770672,0.0190898250665361
5,6,1,"b_ch_1",-2.80420274573822,0.925057669994237
5,6,2,"b_tt_1",-8.59230033405524,NA
5,6,2,"b_tt_2",-0.483923224315287,NA
5,6,2,"b_tc_1",-81.3045966599373,NA
5,6,2,"b_tc_2",-2.93061982613712,NA
5,6,2,"b_hw_1",-23.0329165629718,NA
5,6,2,"b_hw_2",-0.0158763588238907,NA
5,6,2,"b_ch_1",-292.216843556353,NA
5,6,2,"b_ch_2",-4.35119454094099,NA
5,6,2,"delta_1",0,NA
5,6,2,"delta_2",-0.371035193848647,NA
5,6,3,"b_tt_1",-23.6787655572826,NA
5,6,3,"b_tt_2",-20.2156679157615,NA
5,6,3,"b_tt_3",1062.4867551039,NA
5,6,3,"b_tc_1",-186.382702037694,NA
5,6,3,"b_tc_2",-202.294799328529,NA
5,6,3,"b_tc_3",24689.7091195349,NA
5,6,3,"b_hw_1",-5.07200141471415,NA
5,6,3,"b_hw_2",-657.605002888067,NA
5,6,3,"b_hw_3",-296.110185592583,NA
5,6,3,"b_ch_1",-225.429510760435,NA
5,6,3,"b_ch_2",-9711.87121314616,NA
5,6,3,"b_ch_3",-164646.062135581,NA
5,6,3,"delta_1",0,NA
5,6,3,"delta_2",0.693147180506411,NA
5,6,3,"delta_3",-0.287682072551829,NA
5,6,4,"b_tt_1",-235.903883055113,NA
5,6,4,"b_tt_2",-49.7898298840093,NA
5,6,4,"b_tt_3",-23.5045219859696,NA
5,6,4,"b_tt_4",-18.7386664003252,NA
5,6,4,"b_tc_1",-1133947.90086197,NA
5,6,4,"b_tc_2",-182.808161703942,NA
5,6,4,"b_tc_3",-185.028836506583,NA
5,6,4,"b_tc_4",-187.96462048714,NA
5,6,4,"b_hw_1",43273.3073917305,NA
5,6,4,"b_hw_2",1.71402265916317,NA
5,6,4,"b_hw_3",-5.01108901421704,NA
5,6,4,"b_hw_4",-26248.7085424334,NA
5,6,4,"b_ch_1",1285156.95586835,NA
5,6,4,"b_ch_2",-5580.55648275209,NA
5,6,4,"b_ch_3",-223.367953296322,NA
5,6,4,"b_ch_4",-742.988466495246,NA
5,6,4,"delta_1",0,NA
5,6,4,"delta_2",209906.111911703,NA
5,6,4,"delta_3",209906.111911703,NA
5,6,4,"delta_4",209906.593123528,NA
5,7,1,"b_tt_1",-0.0533967940222909,0.0519470386647647
5,7,1,"b_tc_1",-0.263438952232548,0.330520033153865
5,7,1,"b_hw_1",-0.0291247879305617,0.0146000806476862
5,7,1,"b_ch_1",-1.25781867650262,0.416049500969828
5,7,2,"b_tt_1",-17.3371302323687,NA
5,7,2,"b_tt_2",-0.00537299154163113,NA
5,7,2,"b_tc_1",-134.447287581837,NA
5,7,2,"b_tc_2",0.258557445174685,NA
5,7,2,"b_hw_1",-3.46404371529458,NA
5,7,2,"b_hw_2",-0.0340810001659578,NA
5,7,2,"b_ch_1",-89.8089277661068,NA
5,7,2,"b_ch_2",-1.4670951525214,NA
5,7,2,"delta_1",0,NA
5,7,2,"delta_2",0.50000784413381,NA
5,7,3,"b_tt_1",-18.1464938044892,NA
5,7,3,"b_tt_2",-3.74307851173984,NA
5,7,3,"b_tt_3",-0.0436760647182179,NA
5,7,3,"b_tc_1",-138.300143596207,NA
5,7,3,"b_tc_2",-34.5776757061952,NA
5,7,3,"b_tc_3",0.31704238655288,NA
5,7,3,"b_hw_1",-3.50770396650638,NA
5,7,3,"b_hw_2",-7.42889385681773,NA
5,7,3,"b_hw_3",-0.0151852004964031,NA
5,7,3,"b_ch_1",-139.090318179324,NA
5,7,3,"b_ch_2",-59.9894851887194,NA
5,7,3,"b_ch_3",-1.16981747704985,NA
5,7,3,"delta_1",0,NA
5,7,3,"delta_2",-0.00080198547812943,NA
5,7,3,"delta_3",0.305027008011927,NA
5,7,4,"b_tt_1",-16.906759065684,NA
5,7,4,"b_tt_2",-5.29694287732409,NA
5,7,4,"b_tt_3",-0.0520523934525887,NA
5,7,4,"b_tt_4",-0.0404035026394805,NA
5,7,4,"b_tc_1",-130.70145550928,NA
5,7,4,"b_tc_2",-52.8870814555742,NA
5,7,4,"b_tc_3",0.396077347630054,NA
5,7,4,"b_tc_4",-0.053593272211625,NA
5,7,4,"b_hw_1",-3.35115204145356,NA
5,7,4,"b_hw_2",-30.2462986904592,NA
5,7,4,"b_hw_3",-0.0182233940759614,NA
5,7,4,"b_hw_4",-0.00795345207469072,NA
5,7,4,"b_ch_1",-198.516776964795,NA
5,7,4,"b_ch_2",-108.651489855444,NA
5,7,4,"b_ch_3",-1.10652361802199,NA
5,7,4,"b_ch_4",-1.33872019635317,NA
5,7,4,"delta_1",0,NA
5,7,4,"delta_2",-0.00772683295957999,NA
5,7,4,"delta_3",-0.0691040434604781,NA
5,7,4,"delta_4",-0.848329176280475,NA
5,8,1,"b_tt_1",-35.240866516773,NA
5,8,1,"b_tc_1",-70.4205159050424,NA
5,8,1,"b_hw_1",-10.079783004277,NA
5,8,1,"b_ch_1",-478.060525746343,NA
5,8,2,"b_tt_1",-33.8736295733087,NA
5,8,2,"b_tt_2",-21.8632038529772,NA
5,8,2,"b_tc_1",-67.5880158110421,NA
5,8,2,"b_tc_2",254.491087969259,NA
5,8,2,"b_hw_1",-9.19847282349655,NA
5,8,2,"b_hw_2",2.07380931830484,NA
5,8,2,"b_ch_1",-278.274117181533,NA
5,8,2,"b_ch_2",2298.76914022732,NA
5,8,2,"delta_1",0,NA
5,8,2,"delta_2",-318.713028237372,NA
5,8,3,"b_tt_1",-1173371.34450183,NA
5,8,3,"b_tt_2",-339601.347701897,NA
5,8,3,"b_tt_3",1062863.01758071,NA
5,8,3,"b_tc_1",14285657.7938333,NA
5,8,3,"b_tc_2",-664115.309989976,NA
5,8,3,"b_tc_3",-228082894.914235,NA
5,8,3,"b_hw_1",-3171464.35408409,NA
5,8,3,"b_hw_2",-104245.605634359,NA
5,8,3,"b_hw_3",13651884.2351264,NA
5,8,3,"b_ch_1",-18284158.2341625,NA
5,8,3,"b_ch_2",-3179184.44157789,NA
5,8,3,"b_ch_3",677.770339305956,NA
5,8,3,"delta_1",0,NA
5,8,3,"delta_2",21290412.5051015,NA
5,8,3,"delta_3",624.347155557473,NA
5,8,4,"b_tt_1",-35.709916755372,NA
5,8,4,"b_tt_2",-6.68224468668879,NA
5,8,4,"b_tt_3",11.199995847609,NA
5,8,4,"b_tt_4",406.605984730134,NA
5,8,4,"b_tc_1",-71.4702894311883,NA
5,8,4,"b_tc_2",-36.3470316122171,NA
5,8,4,"b_tc_3",-122.330529071106,NA
5,8,4,"b_tc_4",-463.91611090096,NA
5,8,4,"b_hw_1",-9.89829444427159,NA
5,8,4,"b_hw_2",-160.035131804939,NA
5,8,4,"b_hw_3",-159.098298836647,NA
5,8,4,"b_hw_4",-362.612665690933,NA
5,8,4,"b_ch_1",-300.09144036065,NA
5,8,4,"b_ch_2",-371.343796534233,NA
5,8,4,"b_ch_3",-225.158848171153,NA
5,8,4,"b_ch_4",-478.555724786076,NA
5,8,4,"delta_1",0,NA
5,8,4,"delta_2",-406.750386490722,NA
5,8,4,"delta_3",-345.545716595961,NA
5,8,4,"delta_4",-310.642635251744,NA
5,9,1,"b_tt_1",-0.0561312146463339,0.0652141419865231
5,9,1,"b_tc_1",0.154366534554384,0.139592322395499
5,9,1,"b_hw_1",-0.0285806571431992,0.0162909658517306
5,9,1,"b_ch_1",-1.25265422367121,0.452763700648139
5,9,2,"b_tt_1",0.259647612064515,NA
5,9,2,"b_tt_2",0.638258670078022,NA
5,9,2,"b_tc_1",1.88167177205442,NA
5,9,2,"b_tc_2",0.848849284795947,NA
5,9,2,"b_hw_1",0.0138695720766579,NA
5,9,2,"b_hw_2",-0.058975685128171,NA
5,9,2,"b_ch_1",0.0614066824519411,NA
5,9,2,"b_ch_2",-36.021491308329,NA
5,9,2,"delta_1",0,NA
5,9,2,"delta_2",0.40537033694251,NA
5,9,3,"b_tt_1",0.259649564137354,NA
5,9,3,"b_tt_2",2.51605992079328,NA
5,9,3,"b_tt_3",72.2068141095622,NA
5,9,3,"b_tc_1",1.88168321874987,NA
5,9,3,"b_tc_2",-7.31891946329932,NA
5,9,3,"b_tc_3",86.5268736348324,NA
5,9,3,"b_hw_1",0.0138695731159188,NA
5,9,3,"b_hw_2",-0.330379650322642,NA
5,9,3,"b_hw_3",-7.24098757203005,NA
5,9,3,"b_ch_1",0.0614110566834828,NA
5,9,3,"b_ch_2",-94.3096389426947,NA
5,9,3,"b_ch_3",-490.718137920011,NA
5,9,3,"delta_1",0,NA
5,9,3,"delta_2",-0.287832590857095,NA
5,9,3,"delta_3",-0.287719192819863,NA
5,9,4,"b_tt_1",-2841.76431871414,NA
5,9,4,"b_tt_2",-5.83490678559126,NA
5,9,4,"b_tt_3",0.259649378424056,NA
5,9,4,"b_tt_4",52.7272443326207,NA
5,9,4,"b_tc_1",26333.841464161,NA
5,9,4,"b_tc_2",-35.2116569813123,NA
5,9,4,"b_tc_3",1.88168227416246,NA
5,9,4,"b_tc_4",63.1802678528779,NA
5,9,4,"b_hw_1",-1899.3946543662,NA
5,9,4,"b_hw_2",-0.393487360630208,NA
5,9,4,"b_hw_3",0.0138699573259662,NA
5,9,4,"b_hw_4",-8.33776937663678,NA
5,9,4,"b_ch_1",2558.25566879041,NA
5,9,4,"b_ch_2",-23790.5345616164,NA
5,9,4,"b_ch_3",0.0614176969825158,NA
5,9,4,"b_ch_4",-1517.57370751112,NA
5,9,4,"delta_1",0,NA
5,9,4,"delta_2",109880.833673398,NA
5,9,4,"delta_3",109881.12150557,NA
5,9,4,"delta_4",109880.833785978,NA
5,10,1,"b_tt_1",-0.0565975875396368,0.0491256448564812
5,10,1,"b_tc_1",-0.182791660580539,0.285555923537503
5,10,1,"b_hw_1",-0.0292890475964663,0.0132813367045626
5,10,1,"b_ch_1",-0.542269621848704,0.320215964842483
5,10,2,"b_tt_1",-0.639673940859632,NA
5,10,2,"b_tt_2",-0.0719057946923526,NA
5,10,2,"b_tc_1",-1.41647666288149,NA
5,10,2,"b_tc_2",-0.758503690562941,NA
5,10,2,"b_hw_1",-0.0218627345194942,NA
5,10,2,"b_hw_2",-0.0826721486472507,NA
5,10,2,"b_ch_1",-0.73361103151796,NA
5,10,2,"b_ch_2",-0.639497425957722,NA
5,10,2,"delta_1",0,NA
5,10,2,"delta_2",0.321753981233427,NA
5,10,3,"b_tt_1",-21.8816522334856,NA
5,10,3,"b_tt_2",-0.679747128981738,NA
5,10,3,"b_tt_3",-0.399918265735024,NA
5,10,3,"b_tc_1",-153.418647732808,NA
5,10,3,"b_tc_2",-1.59188581564255,NA
5,10,3,"b_tc_3",-24.1507376610269,NA
5,10,3,"b_hw_1",-6.88426662652075,NA
5,10,3,"b_hw_2",-0.0153083697067599,NA
5,10,3,"b_hw_3",-11.0544738697048,NA
5,10,3,"b_ch_1",147.207236510532,NA
5,10,3,"b_ch_2",-0.671451525214144,NA
5,10,3,"b_ch_3",-70.3924177132112,NA
5,10,3,"delta_1",0,NA
5,10,3,"delta_2",0.0140419701366321,NA
5,10,3,"delta_3",-0.686101553480273,NA
5,10,4,"b_tt_1",-44.6922631297068,NA
5,10,4,"b_tt_2",-24.3442242299779,NA
5,10,4,"b_tt_3",-18.8645175769698,NA
5,10,4,"b_tt_4",4.74085302970658,NA
5,10,4,"b_tc_1",-20.0276431848884,NA
5,10,4,"b_tc_2",-170.751813249648,NA
5,10,4,"b_tc_3",-60.7874602853392,NA
5,10,4,"b_tc_4",29.0129772153365,NA
5,10,4,"b_hw_1",7.52104497040693,NA
5,10,4,"b_hw_2",-8.46159327537895,NA
5,10,4,"b_hw_3",-3.00715230638216,NA
5,10,4,"b_hw_4",-4.34838721328348,NA
5,10,4,"b_ch_1",-181.824090364987,NA
5,10,4,"b_ch_2",173.836626609073,NA
5,10,4,"b_ch_3",-31.2588309012622,NA
5,10,4,"b_ch_4",-20.7222018355299,NA
5,10,4,"delta_1",0,NA
5,10,4,"delta_2",0.405465107850951,NA
5,10,4,"delta_3",0.405465107815735,NA
5,10,4,"delta_4",-2.86907941848824e-10,NA
5,11,1,"b_tt_1",-0.0305218092477324,0.0479353486471509
5,11,1,"b_tc_1",0.133566591153556,0.128655107067137
5,11,1,"b_hw_1",-0.0262590787552379,0.0138469156153561
5,11,1,"b_ch_1",-0.453987640288457,0.316866928011955
5,11,2,"b_tt_1",-0.529013930457207,NA
5,11,2,"b_tt_2",-0.0463393902873211,NA
5,11,2,"b_tc_1",-4.00768733453433,NA
5,11,2,"b_tc_2",0.150186884120655,NA
5,11,2,"b_hw_1",-0.162551125696292,NA
5,11,2,"b_hw_2",-0.0172446167119346,NA
5,11,2,"b_ch_1",-2.58798248209616,NA
5,11,2,"b_ch_2",-0.391952551538368,NA
5,11,2,"delta_1",0,NA
5,11,2,"delta_2",0.544720347517288,NA
5,11,3,"b_tt_1",-0.436548059504675,NA
5,11,3,"b_tt_2",-0.138896388744562,NA
5,11,3,"b_tt_3",3006.00938267282,NA
5,11,3,"b_tc_1",-3.02701181459806,NA
5,11,3,"b_tc_2",0.122364002039916,NA
5,11,3,"b_tc_3",-5670.76518827012,NA
5,11,3,"b_hw_1",0.0171008024592915,NA
5,11,3,"b_hw_2",0.000523363658210784,NA
5,11,3,"b_hw_3",-1342.43654283963,NA
5,11,3,"b_ch_1",0.379987177947541,NA
5,11,3,"b_ch_2",-1.13779538749647,NA
5,11,3,"b_ch_3",-2118.079367636,NA
5,11,3,"delta_1",0,NA
5,11,3,"delta_2",0.0118496068122598,NA
5,11,3,"delta_3",-0.690288310452798,NA
5,11,4,"b_tt_1",-0.436547964853673,NA
5,11,4,"b_tt_2",-0.138896256254022,NA
5,11,4,"b_tt_3",2.65107602787029,NA
5,11,4,"b_tt_4",6.80787470830499,NA
5,11,4,"b_tc_1",-3.02701117912719,NA
5,11,4,"b_tc_2",0.122364155653059,NA
5,11,4,"b_tc_3",-23.4221738805863,NA
5,11,4,"b_tc_4",6.16668523325718,NA
5,11,4,"b_hw_1",0.0171008063459821,NA
5,11,4,"b_hw_2",0.000523362024956346,NA
5,11,4,"b_hw_3",-2.49440929057575,NA
5,11,4,"b_hw_4",-3.0669502135711,NA
5,11,4,"b_ch_1",0.379987306091533,NA
5,11,4,"b_ch_2",-1.1377950224893,NA
5,11,4,"b_ch_3",-24.084816588333,NA
5,11,4,"b_ch_4",38.0025072164944,NA
5,11,4,"delta_1",0,NA
5,11,4,"delta_2",0.0118496330029085,NA
5,11,4,"delta_3",-0.690316369732974,NA
5,11,4,"delta_4",-11.1732711056411,NA
5,12,1,"b_tt_1",0.00365618681441665,0.0212843613342164
5,12,1,"b_tc_1",-0.0302693943302848,0.0592934901218338
5,12,1,"b_hw_1",-0.032825664333298,0.0209281185179398
5,12,1,"b_ch_1",-1.51492304614726,0.420205944341837
5,12,2,"b_tt_1",-0.899437196722765,NA
5,12,2,"b_tt_2",0.0118860188230025,NA
5,12,2,"b_tc_1",-4.94587345712116,NA
5,12,2,"b_tc_2",0.0343197983327616,NA
5,12,2,"b_hw_1",-0.216033024521521,NA
5,12,2,"b_hw_2",-0.0583052790436304,NA
5,12,2,"b_ch_1",-5.01520005757262,NA
5,12,2,"b_ch_2",-2.72851496665213,NA
5,12,2,"delta_1",0,NA
5,12,2,"delta_2",-0.0544938249116677,NA
5,12,3,"b_tt_1",-0.864490971165444,NA
5,12,3,"b_tt_2",0.0107335816304651,NA
5,12,3,"b_tt_3",15.0060226961148,NA
5,12,3,"b_tc_1",-4.76490633806597,NA
5,12,3,"b_tc_2",0.0259466499565057,NA
5,12,3,"b_tc_3",24.7900117501494,NA
5,12,3,"b_hw_1",-0.20811302496158,NA
5,12,3,"b_hw_2",-0.050022268163963,NA
5,12,3,"b_hw_3",-17.3241463844224,NA
5,12,3,"b_ch_1",-4.83549656010991,NA
5,12,3,"b_ch_2",-2.38427928760247,NA
5,12,3,"b_ch_3",-532.766601483596,NA
5,12,3,"delta_1",0,NA
5,12,3,"delta_2",-0.391817304402451,NA
5,12,3,"delta_3",-1.0346261177596,NA
5,12,4,"b_tt_1",-1176.21588557824,NA
5,12,4,"b_tt_2",-0.864467896514369,NA
5,12,4,"b_tt_3",0.0107336394661848,NA
5,12,4,"b_tt_4",12.4788858365386,NA
5,12,4,"b_tc_1",-1858.17875060351,NA
5,12,4,"b_tc_2",-4.7647846088043,NA
5,12,4,"b_tc_3",0.0259482070690755,NA
5,12,4,"b_tc_4",20.6401216102868,NA
5,12,4,"b_hw_1",-712.210045107376,NA
5,12,4,"b_hw_2",-0.208109265003749,NA
5,12,4,"b_hw_3",-0.0500220917020607,NA
5,12,4,"b_hw_4",-8.59252723332242,NA
5,12,4,"b_ch_1",-828.633365040127,NA
5,12,4,"b_ch_2",-4.83539721919862,NA
5,12,4,"b_ch_3",-2.38425648790066,NA
5,12,4,"b_ch_4",-444.588115830724,NA
5,12,4,"delta_1",0,NA
5,12,4,"delta_2",4065.06907238827,NA
5,12,4,"delta_3",4064.67725054034,NA
5,12,4,"delta_4",4064.03446110054,NA
5,13,1,"b_tt_1",-0.172304432439727,0.0876314328317259
5,13,1,"b_tc_1",0.025527815685249,0.163587613620811
5,13,1,"b_hw_1",-0.0821623748581637,0.027913977383241
5,13,1,"b_ch_1",-1.66729932701445,0.552352591865451
5,13,2,"b_tt_1",-5.05988569322844,NA
5,13,2,"b_tt_2",-0.32638777010513,NA
5,13,2,"b_tc_1",-19.205767253116,NA
5,13,2,"b_tc_2",-0.185033219817978,NA
5,13,2,"b_hw_1",-2.98629202831985,NA
5,13,2,"b_hw_2",-0.0652561264092007,NA
5,13,2,"b_ch_1",-57.8953553558616,NA
5,13,2,"b_ch_2",-1.06142101034544,NA
5,13,2,"delta_1",0,NA
5,13,2,"delta_2",0.437784656147869,NA
5,13,3,"b_tt_1",-5.54548037159261,NA
5,13,3,"b_tt_2",-0.305886214661451,NA
5,13,3,"b_tt_3",1.33948023633324,NA
5,13,3,"b_tc_1",-2.19115304460605,NA
5,13,3,"b_tc_2",-0.210688515310163,NA
5,13,3,"b_tc_3",-45.8557987598977,NA
5,13,3,"b_hw_1",-1.29835202916614,NA
5,13,3,"b_hw_2",-0.0520475362145529,NA
5,13,3,"b_hw_3",-11.3872220288514,NA
5,13,3,"b_ch_1",-35.8985349023154,NA
5,13,3,"b_ch_2",-0.493213050881444,NA
5,13,3,"b_ch_3",-268.086424578263,NA
5,13,3,"delta_1",0,NA
5,13,3,"delta_2",0.0622227428560948,NA
5,13,3,"delta_3",0.312809800845586,NA
5,13,4,"b_tt_1",-100.884559419321,NA
5,13,4,"b_tt_2",-28.8558431555003,NA
5,13,4,"b_tt_3",-0.3005050883617,NA
5,13,4,"b_tt_4",6.58937756570391,NA
5,13,4,"b_tc_1",-325.403382231636,NA
5,13,4,"b_tc_2",-143.224621385777,NA
5,13,4,"b_tc_3",-0.148925977351706,NA
5,13,4,"b_tc_4",-114.83290397538,NA
5,13,4,"b_hw_1",-6.45086434987111,NA
5,13,4,"b_hw_2",-25.8075254023677,NA
5,13,4,"b_hw_3",-0.0533403595934486,NA
5,13,4,"b_hw_4",-61.7550191966111,NA
5,13,4,"b_ch_1",-146.203176596435,NA
5,13,4,"b_ch_2",-405.301571774281,NA
5,13,4,"b_ch_3",-0.543637421439901,NA
5,13,4,"b_ch_4",-908.020789143569,NA
5,13,4,"delta_1",0,NA
5,13,4,"delta_2",-1.36638121577523,NA
5,13,4,"delta_3",0.478708033469499,NA
5,13,4,"delta_4",-0.106268874198202,NA
5,14,1,"b_tt_1",0.00799001498016337,0.0694878186425213
5,14,1,"b_tc_1",-0.114391247675114,0.101722690104307
5,14,1,"b_hw_1",-0.0586191063147407,0.0218098752590618
5,14,1,"b_ch_1",-1.24859048977502,0.43884158848008
5,14,2,"b_tt_1",-0.00346006237036109,NA
5,14,2,"b_tt_2",2.44624238032323,NA
5,14,2,"b_tc_1",-0.0664579524369027,NA
5,14,2,"b_tc_2",-19.2413032368929,NA
5,14,2,"b_hw_1",-0.0418830229599481,NA
5,14,2,"b_hw_2",-1.61479972092922,NA
5,14,2,"b_ch_1",-0.100906275119189,NA
5,14,2,"b_ch_2",-62.3670879162998,NA
5,14,2,"delta_1",0,NA
5,14,2,"delta_2",0.369761605227516,NA
5,14,3,"b_tt_1",-159.179158914811,NA
5,14,3,"b_tt_2",-55.4099326702815,NA
5,14,3,"b_tt_3",1.11311546304809,NA
5,14,3,"b_tc_1",-1072.12713838782,NA
5,14,3,"b_tc_2",-130.894915420588,NA
5,14,3,"b_tc_3",2.66696314219551,NA
5,14,3,"b_hw_1",-31.272060828474,NA
5,14,3,"b_hw_2",-101.403052888978,NA
5,14,3,"b_hw_3",-0.0312400875187391,NA
5,14,3,"b_ch_1",-3958.24372404108,NA
5,14,3,"b_ch_2",1478.59847473217,NA
5,14,3,"b_ch_3",-0.298211615522784,NA
5,14,3,"delta_1",0,NA
5,14,3,"delta_2",-0.692630516837935,NA
5,14,3,"delta_3",-0.978347841967028,NA
5,14,4,"b_tt_1",-55.0939459235326,NA
5,14,4,"b_tt_2",1.11309884978941,NA
5,14,4,"b_tt_3",6657.39064974236,NA
5,14,4,"b_tt_4",798236.220753813,NA
5,14,4,"b_tc_1",-130.12725806066,NA
5,14,4,"b_tc_2",2.66693575592124,NA
5,14,4,"b_tc_3",-9322.70677605031,NA
5,14,4,"b_tc_4",1283589.75168087,NA
5,14,4,"b_hw_1",-98.3617535966069,NA
5,14,4,"b_hw_2",-0.0312409023021027,NA
5,14,4,"b_hw_3",-1102.12618653424,NA
5,14,4,"b_hw_4",546003.087945072,NA
5,14,4,"b_ch_1",1432.95641161645,NA
5,14,4,"b_ch_2",-0.298215750326716,NA
5,14,4,"b_ch_3",-43050.7399888362,NA
5,14,4,"b_ch_4",848741.381484228,NA
5,14,4,"delta_1",0,NA
5,14,4,"delta_2",-0.285717214369112,NA
5,14,4,"delta_3",0.69263050652815,NA
5,14,4,"delta_4",-19359.2486695882,NA
5,15,1,"b_tt_1",-0.112551736575882,0.0938163070153608
5,15,1,"b_tc_1",-0.161000904915777,0.320309941531392
5,15,1,"b_hw_1",-0.0406451396760659,0.0177329143645605
5,15,1,"b_ch_1",-1.12783730853565,0.394341486853152
5,15,2,"b_tt_1",-23.928473309932,NA
5,15,2,"b_tt_2",-0.0521638672748122,NA
5,15,2,"b_tc_1",-69.2077291313969,NA
5,15,2,"b_tc_2",-0.0402245711191366,NA
5,15,2,"b_hw_1",-2.13287804740131,NA
5,15,2,"b_hw_2",-0.0154589559261063,NA
5,15,2,"b_ch_1",-45.2792547037741,NA
5,15,2,"b_ch_2",-0.601298570786717,NA
5,15,2,"delta_1",0,NA
5,15,2,"delta_2",-0.338541902340394,NA
5,15,3,"b_tt_1",-25.3871453364979,NA
5,15,3,"b_tt_2",-0.0684749263538849,NA
5,15,3,"b_tt_3",0.408374244435526,NA
5,15,3,"b_tc_1",-75.4140230269472,NA
5,15,3,"b_tc_2",0.0797021533810015,NA
5,15,3,"b_tc_3",-2.80444647836105,NA
5,15,3,"b_hw_1",-2.3480525505581,NA
5,15,3,"b_hw_2",0.0133196105850303,NA
5,15,3,"b_hw_3",-0.086899861839343,NA
5,15,3,"b_ch_1",-50.0269072804138,NA
5,15,3,"b_ch_2",-1.97849090764528,NA
5,15,3,"b_ch_3",1.21182518054751,NA
5,15,3,"delta_1",0,NA
5,15,3,"delta_2",-1.04910538431666,NA
5,15,3,"delta_3",-1.08989287044796,NA
5,15,4,"b_tt_1",-24.5356392526277,NA
5,15,4,"b_tt_2",-5.68373432050366,NA
5,15,4,"b_tt_3",-0.068475465837053,NA
5,15,4,"b_tt_4",0.40839473796643,NA
5,15,4,"b_tc_1",-70.6435639640136,NA
5,15,4,"b_tc_2",-78.1865215593559,NA
5,15,4,"b_tc_3",0.0797045319987558,NA
5,15,4,"b_tc_4",-2.80434083171057,NA
5,15,4,"b_hw_1",-2.18345407100468,NA
5,15,4,"b_hw_2",-4.16403858600458,NA
5,15,4,"b_hw_3",0.0133205828226739,NA
5,15,4,"b_hw_4",-0.0868974120657975,NA
5,15,4,"b_ch_1",-46.1079254356151,NA
5,15,4,"b_ch_2",353.136462957348,NA
5,15,4,"b_ch_3",-1.97850965720218,NA
5,15,4,"b_ch_4",1.2117703765783,NA
5,15,4,"delta_1",0,NA
5,15,4,"delta_2",-337.95063879812,NA
5,15,4,"delta_3",-1.04910728546501,NA
5,15,4,"delta_4",-1.08989350259481,NA
5,16,1,"b_tt_1",-0.405831595706973,0.180714663481895
5,16,1,"b_tc_1",-1.57149981469825,0.69450665223278
5,16,1,"b_hw_1",-0.058599582669193,0.0226602812536989
5,16,1,"b_ch_1",-1.46641009645543,0.507658102616442
5,16,2,"b_tt_1",-33.9001801733183,NA
5,16,2,"b_tt_2",-1.40719811185957,NA
5,16,2,"b_tc_1",-181.081007940284,NA
5,16,2,"b_tc_2",-1.50968878376582,NA
5,16,2,"b_hw_1",-1.01652110304551,NA
5,16,2,"b_hw_2",-2.58422825309006,NA
5,16,2,"b_ch_1",-57.0969169396323,NA
5,16,2,"b_ch_2",-43.6001962831152,NA
5,16,2,"delta_1",0,NA
5,16,2,"delta_2",0.405465129937806,NA
5,16,3,"b_tt_1",-36.7697990374289,NA
5,16,3,"b_tt_2",-1.40719832751013,NA
5,16,3,"b_tt_3",2990.17870682696,NA
5,16,3,"b_tc_1",-193.900210802517,NA
5,16,3,"b_tc_2",-1.50968762553669,NA
5,16,3,"b_tc_3",-561337.426911768,NA
5,16,3,"b_hw_1",-1.07519715756704,NA
5,16,3,"b_hw_2",-2.41584282172406,NA
5,16,3,"b_hw_3",-1073200.14327878,NA
5,16,3,"b_ch_1",-60.6763887347201,NA
5,16,3,"b_ch_2",-41.0743895521849,NA
5,16,3,"b_ch_3",-4011767.57099144,NA
5,16,3,"delta_1",0,NA
5,16,3,"delta_2",0.405465106400495,NA
5,16,3,"delta_3",-24103.8936125187,NA
5,16,4,"b_tt_1",-55.9821035871255,NA
5,16,4,"b_tt_2",-35.8834006661405,NA
5,16,4,"b_tt_3",-4.61044996775543,NA
5,16,4,"b_tt_4",26499.7042607354,NA
5,16,4,"b_tc_1",-143.797474771453,NA
5,16,4,"b_tc_2",-191.66754661745,NA
5,16,4,"b_tc_3",-4.15024019361603,NA
5,16,4,"b_tc_4",226438.545451129,NA
5,16,4,"b_hw_1",-130.67188353236,NA
5,16,4,"b_hw_2",-1.06259765863023,NA
5,16,4,"b_hw_3",-5.03179665666925,NA
5,16,4,"b_hw_4",-5114.08487970821,NA
5,16,4,"b_ch_1",-3001.48451290875,NA
5,16,4,"b_ch_2",-60.065607835372,NA
5,16,4,"b_ch_3",-92.7642387999305,NA
5,16,4,"b_ch_4",113505.283764861,NA
5,16,4,"delta_1",0,NA
5,16,4,"delta_2",0.293979585073737,NA
5,16,4,"delta_3",0.0125556123174515,NA
5,16,4,"delta_4",-262143.636716385,NA
5,17,1,"b_tt_1",-0.0337328844572966,0.0837521766997421
5,17,1,"b_tc_1",-0.189008177222118,0.276026967261564
5,17,1,"b_hw_1",-0.0536458632049751,0.0255950198915882
5,17,1,"b_ch_1",-2.31617635358827,0.73158612159719
5,17,2,"b_tt_1",-299.635183727974,NA
5,17,2,"b_tt_2",-128.632967719352,NA
5,17,2,"b_tc_1",-207.381949928868,NA
5,17,2,"b_tc_2",-357.610280430676,NA
5,17,2,"b_hw_1",-16.9179639634768,NA
5,17,2,"b_hw_2",-21.2468892482033,NA
5,17,2,"b_ch_1",92.2532507723936,NA
5,17,2,"b_ch_2",-2497.6572459578,NA
5,17,2,"delta_1",0,NA
5,17,2,"delta_2",1.38629436088637,NA
5,17,3,"b_tt_1",-296.683916431984,NA
5,17,3,"b_tt_2",-78.9602786907983,NA
5,17,3,"b_tt_3",-39.0491691148273,NA
5,17,3,"b_tc_1",-205.399952827627,NA
5,17,3,"b_tc_2",-1430.15611292112,NA
5,17,3,"b_tc_3",-103.597796659443,NA
5,17,3,"b_hw_1",-16.7367500276633,NA
5,17,3,"b_hw_2",-126.284111175126,NA
5,17,3,"b_hw_3",-7.05671369671403,NA
5,17,3,"b_ch_1",91.2839926603004,NA
5,17,3,"b_ch_2",-4919.26336510282,NA
5,17,3,"b_ch_3",-1112.14701968374,NA
5,17,3,"delta_1",0,NA
5,17,3,"delta_2",-90.4244220904961,NA
5,17,3,"delta_3",1.38629436128564,NA
5,17,4,"b_tt_1",-299.017533204633,NA
5,17,4,"b_tt_2",-29.3673527237861,NA
5,17,4,"b_tt_3",26.3494924774797,NA
5,17,4,"b_tt_4",96.852364425803,NA
5,17,4,"b_tc_1",-207.028427048217,NA
5,17,4,"b_tc_2",-81.5218036996238,NA
5,17,4,"b_tc_3",83.3483745077727,NA
5,17,4,"b_tc_4",-35.0834913625409,NA
5,17,4,"b_hw_1",-16.8774919914268,NA
5,17,4,"b_hw_2",-4.8860117141228,NA
5,17,4,"b_hw_3",-29.2323183345394,NA
5,17,4,"b_hw_4",-23.6645377522657,NA
5,17,4,"b_ch_1",91.9890966654673,NA
5,17,4,"b_ch_2",-2197.15407114625,NA
5,17,4,"b_ch_3",240.234136428599,NA
5,17,4,"b_ch_4",-2722.81148038395,NA
5,17,4,"delta_1",0,NA
5,17,4,"delta_2",1.38629436133812,NA
5,17,4,"delta_3",-231.062479420655,NA
5,17,4,"delta_4",-62.457093270963,NA
5,18,1,"b_tt_1",-0.0983584551679819,0.0605670105072161
5,18,1,"b_tc_1",-0.4777540422595,0.315115932597142
5,18,1,"b_hw_1",-0.051082171015583,0.0188480293496324
5,18,1,"b_ch_1",-1.79892595997269,0.520853232207378
5,18,2,"b_tt_1",-0.0873187990745893,NA
5,18,2,"b_tt_2",0.281073416515323,NA
5,18,2,"b_tc_1",-0.36978324952649,NA
5,18,2,"b_tc_2",-20.5135322882368,NA
5,18,2,"b_hw_1",-0.0520462609059935,NA
5,18,2,"b_hw_2",-1.41720973211519,NA
5,18,2,"b_ch_1",-1.91376640419433,NA
5,18,2,"b_ch_2",20.8067568948808,NA
5,18,2,"delta_1",0,NA
5,18,2,"delta_2",-1.4645116490927,NA
5,18,3,"b_tt_1",-0.28151705397545,NA
5,18,3,"b_tt_2",-0.0632028022522273,NA
5,18,3,"b_tt_3",0.0505287680828987,NA
5,18,3,"b_tc_1",-0.797939204155764,NA
5,18,3,"b_tc_2",-0.250609535048084,NA
5,18,3,"b_tc_3",-21.1153763233071,NA
5,18,3,"b_hw_1",-0.0756445045864175,NA
5,18,3,"b_hw_2",-0.0736978973544338,NA
5,18,3,"b_hw_3",-1.4260678823381,NA
5,18,3,"b_ch_1",-1.91982744411015,NA
5,18,3,"b_ch_2",-2.66208197746867,NA
5,18,3,"b_ch_3",21.1627846441451,NA
5,18,3,"delta_1",0,NA
5,18,3,"delta_2",-0.155437884102989,NA
5,18,3,"delta_3",-0.799399774915891,NA
5,18,4,"b_tt_1",-0.269156126888348,NA
5,18,4,"b_tt_2",-0.216737602453654,NA
5,18,4,"b_tt_3",-0.0722384299732686,NA
5,18,4,"b_tt_4",2.41375510885948,NA
5,18,4,"b_tc_1",-0.768709493900147,NA
5,18,4,"b_tc_2",0.0958419698750765,NA
5,18,4,"b_tc_3",-0.334035874030455,NA
5,18,4,"b_tc_4",-17.1208638147222,NA
5,18,4,"b_hw_1",-0.0734086514854058,NA
5,18,4,"b_hw_2",-0.813634621684856,NA
5,18,4,"b_hw_3",-0.062550092979434,NA
5,18,4,"b_hw_4",-2.04795322934899,NA
5,18,4,"b_ch_1",-1.85867442014877,NA
5,18,4,"b_ch_2",-43.9720241083652,NA
5,18,4,"b_ch_3",-2.02167480087971,NA
5,18,4,"b_ch_4",3.05584788505299,NA
5,18,4,"delta_1",0,NA
5,18,4,"delta_2",-1.11125038409658,NA
5,18,4,"delta_3",-1.49637840859234,NA
5,18,4,"delta_4",-0.980337652281451,NA
5,19,1,"b_tt_1",-0.152577588477976,0.0648909947995386
5,19,1,"b_tc_1",-0.551931191596103,0.258974750141025
5,19,1,"b_hw_1",-0.0430681356347011,0.0209361265107792
5,19,1,"b_ch_1",-2.32162137684155,0.742265690349959
5,19,2,"b_tt_1",-4.54828218381139,NA
5,19,2,"b_tt_2",-0.190183441515726,NA
5,19,2,"b_tc_1",-49.1420024496706,NA
5,19,2,"b_tc_2",-0.650104944191546,NA
5,19,2,"b_hw_1",3.39824608928656,NA
5,19,2,"b_hw_2",-0.0390369118865817,NA
5,19,2,"b_ch_1",-567.547993425626,NA
5,19,2,"b_ch_2",-1.6736432852971,NA
5,19,2,"delta_1",0,NA
5,19,2,"delta_2",0.523780522360647,NA
5,19,3,"b_tt_1",-73.4391846056248,NA
5,19,3,"b_tt_2",-6.68576911122603,NA
5,19,3,"b_tt_3",-1.03228884902316,NA
5,19,3,"b_tc_1",-94.8516343958157,NA
5,19,3,"b_tc_2",-147.963876184042,NA
5,19,3,"b_tc_3",-3.56343751797254,NA
5,19,3,"b_hw_1",-0.987106088135634,NA
5,19,3,"b_hw_2",9.53152704014568,NA
5,19,3,"b_hw_3",-0.219855278824772,NA
5,19,3,"b_ch_1",14.1554054447628,NA
5,19,3,"b_ch_2",-1652.11495170221,NA
5,19,3,"b_ch_3",-5.29199746019805,NA
5,19,3,"delta_1",0,NA
5,19,3,"delta_2",0.65870602553229,NA
5,19,3,"delta_3",0.72644157486455,NA
5,19,4,"b_tt_1",-73.0043847521006,NA
5,19,4,"b_tt_2",-55.185745826278,NA
5,19,4,"b_tt_3",-9.05440608521105,NA
5,19,4,"b_tt_4",-1.03230197875389,NA
5,19,4,"b_tc_1",-94.5544736717884,NA
5,19,4,"b_tc_2",-355.523409516434,NA
5,19,4,"b_tc_3",22.9077454155286,NA
5,19,4,"b_tc_4",-3.56348851524936,NA
5,19,4,"b_hw_1",-0.947488064434265,NA
5,19,4,"b_hw_2",25.9136792709569,NA
5,19,4,"b_hw_3",0.794086476684455,NA
5,19,4,"b_hw_4",-0.219858092480219,NA
5,19,4,"b_ch_1",13.2205700414493,NA
5,19,4,"b_ch_2",-4028.64611815044,NA
5,19,4,"b_ch_3",-632.672731196601,NA
5,19,4,"b_ch_4",-5.29204824815519,NA
5,19,4,"delta_1",0,NA
5,19,4,"delta_2",0.65870702631054,NA
5,19,4,"delta_3",-1146.10118575493,NA
5,19,4,"delta_4",0.726440634549618,NA
5,20,1,"b_tt_1",-0.0026561048331189,0.0611386952849545
5,20,1,"b_tc_1",0.274010356963694,0.16388582250439
5,20,1,"b_hw_1",-0.0319838815500869,0.0173315631210395
5,20,1,"b_ch_1",-1.43237113096247,0.535164252589863
5,20,2,"b_tt_1",-0.537312037488411,NA
5,20,2,"b_tt_2",-0.143657054743105,NA
5,20,2,"b_tc_1",-1.79906407578662,NA
5,20,2,"b_tc_2",0.365124178146838,NA
5,20,2,"b_hw_1",-0.278671751445557,NA
5,20,2,"b_hw_2",0.0264202257485936,NA
5,20,2,"b_ch_1",-5.89235665644913,NA
5,20,2,"b_ch_2",-3.07444752777581,NA
5,20,2,"delta_1",0,NA
5,20,2,"delta_2",-0.38035067173869,NA
5,20,3,"b_tt_1",-6.99593485596314,NA
5,20,3,"b_tt_2",-0.539363486142141,NA
5,20,3,"b_tt_3",26.5990082272604,NA
5,20,3,"b_tc_1",17.0310845411699,NA
5,20,3,"b_tc_2",-1.80701124865242,NA
5,20,3,"b_tc_3",-13.3273572975309,NA
5,20,3,"b_hw_1",5.03534923987738,NA
5,20,3,"b_hw_2",-0.27958323319414,NA
5,20,3,"b_hw_3",-1.43816180466111,NA
5,20,3,"b_ch_1",-158.223088694535,NA
5,20,3,"b_ch_2",-5.91218141543347,NA
5,20,3,"b_ch_3",-382.178085146461,NA
5,20,3,"delta_1",0,NA
5,20,3,"delta_2",1.09861229043118,NA
5,20,3,"delta_3",-2.63405648404103e-08,NA
5,20,4,"b_tt_1",-8.44767189451489,NA
5,20,4,"b_tt_2",-0.539363554278468,NA
5,20,4,"b_tt_3",29.1727310995988,NA
5,20,4,"b_tt_4",6318.3674713769,NA
5,20,4,"b_tc_1",19.3202963889119,NA
5,20,4,"b_tc_2",-1.80701253491684,NA
5,20,4,"b_tc_3",-29.6817956263687,NA
5,20,4,"b_tc_4",10217.2190665475,NA
5,20,4,"b_hw_1",5.83086292520335,NA
5,20,4,"b_hw_2",-0.279583397960992,NA
5,20,4,"b_hw_3",-1.94875050015412,NA
5,20,4,"b_hw_4",38.8751127794066,NA
5,20,4,"b_ch_1",-183.839732573951,NA
5,20,4,"b_ch_2",-5.91217937229113,NA
5,20,4,"b_ch_3",-88.5308820587042,NA
5,20,4,"b_ch_4",-4442.5629941273,NA
5,20,4,"delta_1",0,NA
5,20,4,"delta_2",1.09861228972095,NA
5,20,4,"delta_3",-3.06056067700689e-09,NA
5,20,4,"delta_4",-1408.50662548365,NA
